batch	sample	place	weight	home
0	0-SRR5935740	lpt	10532910	2
0	0-SRR5935741	lpt	16518263	2
0	0-SRR5935742	lpt	12325847	2
0	0-SRR5935743	lpt	201473	0
0	0-SRR5935744	lpt	15328347	2
0	0-SRR5935745	lpt	10492437	1
0	0-SRR5935746	lpt	11012615	3
0	0-SRR5935747	lpt	3036382	1
0	0-SRR5935748	lpt	11859598	0
0	0-SRR5935749	lpt	18879904	3
0	0-SRR5935750	lpt	6552107	1
0	0-SRR5935751	lpt	18645445	3
0	0-SRR5935752	lpt	14298074	2
0	0-SRR5935753	lpt	14164085	1
0	0-SRR5935754	lpt	10479816	0
0	0-SRR5935755	lpt	6071697	1
0	0-SRR5935756	lpt	16053448	1
0	0-SRR5935757	lpt	16286650	3
0	0-SRR5935758	lpt	8206591	3
0	0-SRR5935759	lpt	15312868	1
0	0-SRR5935760	lpt	10834778	3
0	0-SRR5935761	lpt	14191749	0
0	0-SRR5935762	lpt	18129553	1
0	0-SRR5935763	lpt	5174437	2
0	0-SRR5935764	lpt	11689489	2
0	0-SRR5935765	lpt	10590116	2
0	0-SRR5935766	lpt	14120624	2
0	0-SRR5935767	lpt	5166420	0
0	0-SRR5935768	lpt	15746753	3
0	0-SRR5935769	lpt	11374148	3
0	0-SRR5935770	lpt	16180463	2
0	0-SRR5935771	lpt	9230220	0
0	0-SRR5935772	lpt	15271512	3
0	0-SRR5935773	lpt	20671571	1
0	0-SRR5935774	lpt	12252617	3
0	0-SRR5935775	lpt	13010149	3
0	0-SRR5935776	lpt	3168882	0
0	0-SRR5935777	lpt	8173049	1
0	0-SRR5935778	lpt	10554303	1
0	0-SRR5935779	lpt	5948317	3
0	0-SRR5935780	lpt	10716528	0
0	0-SRR5935781	lpt	8486948	2
0	0-SRR5935782	lpt	10128070	3
0	0-SRR5935783	lpt	2565282	0
0	0-SRR5935784	lpt	14800056	1
0	0-SRR5935785	lpt	13817496	3
0	0-SRR5935786	lpt	10054299	1
0	0-SRR5935787	lpt	16351397	1
0	0-SRR5935788	lpt	11073410	0
0	0-SRR5935789	lpt	1513694	1
0	0-SRR5935790	lpt	9202475	3
0	0-SRR5935791	lpt	10140194	3
0	0-SRR5935792	lpt	11437813	0
0	0-SRR5935793	lpt	1771479	3
0	0-SRR5935794	lpt	13404063	0
0	0-SRR5935795	lpt	11924297	1
0	0-SRR5935796	lpt	14959235	1
0	0-SRR5935797	lpt	8439357	0
0	0-SRR5935798	lpt	20086542	2
0	0-SRR5935799	lpt	9090205	1
0	0-SRR5935800	lpt	15080696	2
0	0-SRR5935801	lpt	13162386	1
0	0-SRR5935802	lpt	16720060	3
0	0-SRR5935803	lpt	18392491	2
0	0-SRR5935804	lpt	13253368	0
0	0-SRR5935805	lpt	2823474	3
0	0-SRR5935806	lpt	14472574	3
0	0-SRR5935807	lpt	16708997	0
0	0-SRR5935808	lpt	15500933	0
0	0-SRR5935809	lpt	1539039	1
0	0-SRR5935810	lpt	15280552	0
0	0-SRR5935811	lpt	10067025	2
0	0-SRR5935812	lpt	9108174	2
0	0-SRR5935813	lpt	16980616	0
0	0-SRR5935814	lpt	5072545	2
0	0-SRR5935815	lpt	7153468	2
0	0-SRR5935816	lpt	12244248	3
0	0-SRR5935817	lpt	14261195	3
0	0-SRR5935818	lpt	8877621	0
0	0-SRR5935819	lpt	10896278	2
0	0-SRR5935820	lpt	12062510	2
0	0-SRR5935821	lpt	297656	0
0	0-SRR5935822	lpt	13365245	1
0	0-SRR5935823	lpt	20770968	0
0	0-SRR5935824	lpt	8745078	1
0	0-SRR5935825	lpt	11458367	1
0	0-SRR5935826	lpt	8766123	3
0	0-SRR5935827	lpt	16260968	0
0	0-SRR5935828	lpt	8326050	2
0	0-SRR5935829	lpt	11220767	1
0	0-SRR5935830	lpt	14303962	2
0	0-SRR5935831	lpt	12793053	2
0	0-SRR5935832	lpt	6882441	3
0	0-SRR5935833	lpt	12711109	0
0	0-SRR5935834	lpt	12610038	1
0	0-SRR5935835	lpt	1341509	2
0	0-SRR5935836	lpt	7326365	0
0	0-SRR5935837	lpt	9337913	0
0	0-SRR5935838	lpt	14615323	0
0	0-SRR5935839	lpt	1085628	3
1	1-SRR5935740	mod	10532910	0
1	1-SRR5935741	mod	16518263	1
1	1-SRR5935742	mod	12325847	2
1	1-SRR5935743	mod	201473	3
1	1-SRR5935744	mod	15328347	0
1	1-SRR5935745	mod	10492437	1
1	1-SRR5935746	mod	11012615	2
1	1-SRR5935747	mod	3036382	3
1	1-SRR5935748	mod	11859598	0
1	1-SRR5935749	mod	18879904	1
1	1-SRR5935750	mod	6552107	2
1	1-SRR5935751	mod	18645445	3
1	1-SRR5935752	mod	14298074	0
1	1-SRR5935753	mod	14164085	1
1	1-SRR5935754	mod	10479816	2
1	1-SRR5935755	mod	6071697	3
1	1-SRR5935756	mod	16053448	0
1	1-SRR5935757	mod	16286650	1
1	1-SRR5935758	mod	8206591	2
1	1-SRR5935759	mod	15312868	3
1	1-SRR5935760	mod	10834778	0
1	1-SRR5935761	mod	14191749	1
1	1-SRR5935762	mod	18129553	2
1	1-SRR5935763	mod	5174437	3
1	1-SRR5935764	mod	11689489	0
1	1-SRR5935765	mod	10590116	1
1	1-SRR5935766	mod	14120624	2
1	1-SRR5935767	mod	5166420	3
1	1-SRR5935768	mod	15746753	0
1	1-SRR5935769	mod	11374148	1
1	1-SRR5935770	mod	16180463	2
1	1-SRR5935771	mod	9230220	3
1	1-SRR5935772	mod	15271512	0
1	1-SRR5935773	mod	20671571	1
1	1-SRR5935774	mod	12252617	2
1	1-SRR5935775	mod	13010149	3
1	1-SRR5935776	mod	3168882	0
1	1-SRR5935777	mod	8173049	1
1	1-SRR5935778	mod	10554303	2
1	1-SRR5935779	mod	5948317	3
1	1-SRR5935780	mod	10716528	0
1	1-SRR5935781	mod	8486948	1
1	1-SRR5935782	mod	10128070	2
1	1-SRR5935783	mod	2565282	3
1	1-SRR5935784	mod	14800056	0
1	1-SRR5935785	mod	13817496	1
1	1-SRR5935786	mod	10054299	2
1	1-SRR5935787	mod	16351397	3
1	1-SRR5935788	mod	11073410	0
1	1-SRR5935789	mod	1513694	1
1	1-SRR5935790	mod	9202475	2
1	1-SRR5935791	mod	10140194	3
1	1-SRR5935792	mod	11437813	0
1	1-SRR5935793	mod	1771479	1
1	1-SRR5935794	mod	13404063	2
1	1-SRR5935795	mod	11924297	3
1	1-SRR5935796	mod	14959235	0
1	1-SRR5935797	mod	8439357	1
1	1-SRR5935798	mod	20086542	2
1	1-SRR5935799	mod	9090205	3
1	1-SRR5935800	mod	15080696	0
1	1-SRR5935801	mod	13162386	1
1	1-SRR5935802	mod	16720060	2
1	1-SRR5935803	mod	18392491	3
1	1-SRR5935804	mod	13253368	0
1	1-SRR5935805	mod	2823474	1
1	1-SRR5935806	mod	14472574	2
1	1-SRR5935807	mod	16708997	3
1	1-SRR5935808	mod	15500933	0
1	1-SRR5935809	mod	1539039	1
1	1-SRR5935810	mod	15280552	2
1	1-SRR5935811	mod	10067025	3
1	1-SRR5935812	mod	9108174	0
1	1-SRR5935813	mod	16980616	1
1	1-SRR5935814	mod	5072545	2
1	1-SRR5935815	mod	7153468	3
1	1-SRR5935816	mod	12244248	0
1	1-SRR5935817	mod	14261195	1
1	1-SRR5935818	mod	8877621	2
1	1-SRR5935819	mod	10896278	3
1	1-SRR5935820	mod	12062510	0
1	1-SRR5935821	mod	297656	1
1	1-SRR5935822	mod	13365245	2
1	1-SRR5935823	mod	20770968	3
1	1-SRR5935824	mod	8745078	0
1	1-SRR5935825	mod	11458367	1
1	1-SRR5935826	mod	8766123	2
1	1-SRR5935827	mod	16260968	3
1	1-SRR5935828	mod	8326050	0
1	1-SRR5935829	mod	11220767	1
1	1-SRR5935830	mod	14303962	2
1	1-SRR5935831	mod	12793053	3
1	1-SRR5935832	mod	6882441	0
1	1-SRR5935833	mod	12711109	1
1	1-SRR5935834	mod	12610038	2
1	1-SRR5935835	mod	1341509	3
1	1-SRR5935836	mod	7326365	0
1	1-SRR5935837	mod	9337913	1
1	1-SRR5935838	mod	14615323	2
1	1-SRR5935839	mod	1085628	3
2	2-SRR5935740	lpt	10532910	2
2	2-SRR5935741	lpt	16518263	2
2	2-SRR5935742	lpt	12325847	2
2	2-SRR5935743	lpt	201473	0
2	2-SRR5935744	lpt	15328347	2
2	2-SRR5935745	lpt	10492437	1
2	2-SRR5935746	lpt	11012615	3
2	2-SRR5935747	lpt	3036382	1
2	2-SRR5935748	lpt	11859598	0
2	2-SRR5935749	lpt	18879904	3
2	2-SRR5935750	lpt	6552107	1
2	2-SRR5935751	lpt	18645445	3
2	2-SRR5935752	lpt	14298074	2
2	2-SRR5935753	lpt	14164085	1
2	2-SRR5935754	lpt	10479816	0
2	2-SRR5935755	lpt	6071697	1
2	2-SRR5935756	lpt	16053448	1
2	2-SRR5935757	lpt	16286650	3
2	2-SRR5935758	lpt	8206591	3
2	2-SRR5935759	lpt	15312868	1
2	2-SRR5935760	lpt	10834778	3
2	2-SRR5935761	lpt	14191749	0
2	2-SRR5935762	lpt	18129553	1
2	2-SRR5935763	lpt	5174437	2
2	2-SRR5935764	lpt	11689489	2
2	2-SRR5935765	lpt	10590116	2
2	2-SRR5935766	lpt	14120624	2
2	2-SRR5935767	lpt	5166420	0
2	2-SRR5935768	lpt	15746753	3
2	2-SRR5935769	lpt	11374148	3
2	2-SRR5935770	lpt	16180463	2
2	2-SRR5935771	lpt	9230220	0
2	2-SRR5935772	lpt	15271512	3
2	2-SRR5935773	lpt	20671571	1
2	2-SRR5935774	lpt	12252617	3
2	2-SRR5935775	lpt	13010149	3
2	2-SRR5935776	lpt	3168882	0
2	2-SRR5935777	lpt	8173049	1
2	2-SRR5935778	lpt	10554303	1
2	2-SRR5935779	lpt	5948317	3
2	2-SRR5935780	lpt	10716528	0
2	2-SRR5935781	lpt	8486948	2
2	2-SRR5935782	lpt	10128070	3
2	2-SRR5935783	lpt	2565282	0
2	2-SRR5935784	lpt	14800056	1
2	2-SRR5935785	lpt	13817496	3
2	2-SRR5935786	lpt	10054299	1
2	2-SRR5935787	lpt	16351397	1
2	2-SRR5935788	lpt	11073410	0
2	2-SRR5935789	lpt	1513694	1
2	2-SRR5935790	lpt	9202475	3
2	2-SRR5935791	lpt	10140194	3
2	2-SRR5935792	lpt	11437813	0
2	2-SRR5935793	lpt	1771479	3
2	2-SRR5935794	lpt	13404063	0
2	2-SRR5935795	lpt	11924297	1
2	2-SRR5935796	lpt	14959235	1
2	2-SRR5935797	lpt	8439357	0
2	2-SRR5935798	lpt	20086542	2
2	2-SRR5935799	lpt	9090205	1
2	2-SRR5935800	lpt	15080696	2
2	2-SRR5935801	lpt	13162386	1
2	2-SRR5935802	lpt	16720060	3
2	2-SRR5935803	lpt	18392491	2
2	2-SRR5935804	lpt	13253368	0
2	2-SRR5935805	lpt	2823474	3
2	2-SRR5935806	lpt	14472574	3
2	2-SRR5935807	lpt	16708997	0
2	2-SRR5935808	lpt	15500933	0
2	2-SRR5935809	lpt	1539039	1
2	2-SRR5935810	lpt	15280552	0
2	2-SRR5935811	lpt	10067025	2
2	2-SRR5935812	lpt	9108174	2
2	2-SRR5935813	lpt	16980616	0
2	2-SRR5935814	lpt	5072545	2
2	2-SRR5935815	lpt	7153468	2
2	2-SRR5935816	lpt	12244248	3
2	2-SRR5935817	lpt	14261195	3
2	2-SRR5935818	lpt	8877621	0
2	2-SRR5935819	lpt	10896278	2
2	2-SRR5935820	lpt	12062510	2
2	2-SRR5935821	lpt	297656	0
2	2-SRR5935822	lpt	13365245	1
2	2-SRR5935823	lpt	20770968	0
2	2-SRR5935824	lpt	8745078	1
2	2-SRR5935825	lpt	11458367	1
2	2-SRR5935826	lpt	8766123	3
2	2-SRR5935827	lpt	16260968	0
2	2-SRR5935828	lpt	8326050	2
2	2-SRR5935829	lpt	11220767	1
2	2-SRR5935830	lpt	14303962	2
2	2-SRR5935831	lpt	12793053	2
2	2-SRR5935832	lpt	6882441	3
2	2-SRR5935833	lpt	12711109	0
2	2-SRR5935834	lpt	12610038	1
2	2-SRR5935835	lpt	1341509	2
2	2-SRR5935836	lpt	7326365	0
2	2-SRR5935837	lpt	9337913	0
2	2-SRR5935838	lpt	14615323	0
2	2-SRR5935839	lpt	1085628	3
3	3-SRR5935740	striped	-	all
4	4-SRR5935740	striped	-	all
5	5-SRR5935740	striped	-	all
6	6-SRR5935740	lpt	10532910	0
7	7-SRR5935740	lpt	10532910	0
8	8-SRR5935740	lpt	10532910	0
