rep	impl	input	state	threads	exit	wall_s	load_s	classify_s	tail_s	minflt	majflt	user_s	sys_s	maxrss	thp_fault_alloc	thp_fault_fallback	output_sha256
1	upstream	empty	cold	8	0	61.101782	61.085809	0.001	0.015401	6472	50	0.038566	0.964157	7820808	3814	0	-
1	upstream	empty	warm	8	0	0.191449	0.176674	0.001	0.014113	6500	0	0.010378	1.193489	7820988	3814	0	-
1	base	empty	cold	8	0	60.717595	60.341724	0.0	0.374545	1956204	26	0.006853	2.763196	7825636	0	0	-
1	base	empty	warm	8	0	0.865291	0.478753	0.0	0.386093	1956220	0	0.005419	3.366591	7825528	0	0	-
1	thp	empty	cold	8	0	60.422263	60.40696	0.0	0.014555	7221	26	0.002501	1.000816	7825656	3814	0	-
1	thp	empty	warm	8	0	0.176227	0.162189	0.0	0.013741	7260	0	0.005218	1.17466	7825668	3814	0	-
1	fill	empty	cold	8	0	60.338279	60.323037	0.0	0.014415	7222	26	0.002393	0.985727	7825888	3814	0	-
1	fill	empty	warm	8	0	0.176426	0.16282	0.0	0.013309	7241	0	0.009924	1.161218	7825516	3814	0	-
1	scan	empty	cold	8	0	60.35422	60.338706	0.0	0.014745	7243	25	0.0	0.985728	7826076	3814	0	-
1	scan	empty	warm	8	0	0.184457	0.170154	0.0	0.013871	7285	0	0.005583	1.266643	7825736	3814	0	-
1	recycle	empty	cold	8	0	60.351608	60.336439	0.0	0.014251	7269	26	0.006095	0.969348	7825780	3814	0	-
1	recycle	empty	warm	8	0	0.200135	0.186163	0.0	0.013561	7248	0	0.0053	1.101086	7825860	3814	0	-
1	rc	empty	cold	8	0	60.278008	60.26262	0.0	0.014415	7266	24	0.0	0.982416	7826080	3814	0	-
1	rc	empty	warm	8	0	0.175241	0.160987	0.0	0.013787	7255	0	0.009976	1.171363	7825744	3814	0	-
1	matesize	empty	cold	8	0	60.417148	60.401479	0.0	0.014725	7264	26	0.002511	1.008027	7825904	3814	0	-
1	matesize	empty	warm	8	0	0.177039	0.163186	0.0	0.013393	7276	0	0.005585	1.185854	7825940	3814	0	-
1	batch	empty	cold	8	0	60.339625	60.323476	0.0	0.014561	7257	27	0.006245	0.977302	7826024	3814	0	-
1	batch	empty	warm	8	0	0.175782	0.161881	0.0	0.013271	7295	0	0.005222	1.160573	7826320	3814	0	-
1	final	empty	cold	8	0	60.339803	60.323547	0.0	0.014801	7250	28	0.006123	0.992737	7826000	3814	0	-
1	final	empty	warm	8	0	0.192906	0.178738	0.0	0.013711	7253	0	0.0	1.073856	7826144	3814	0	-
1	final-aa	empty	cold	8	0	60.318286	60.301599	0.0	0.015743	7237	28	0.007209	0.982561	7825716	3814	0	-
1	final-aa	empty	warm	8	0	0.188216	0.173174	0.0	0.014481	7288	0	0.005645	1.289036	7826180	3814	0	-
2	base	empty	cold	8	0	61.023062	60.643734	0.0	0.377829	1956225	24	0.0	2.764052	7825764	0	0	-
2	base	empty	warm	8	0	0.806866	0.42194	0.0	0.383937	1956207	0	0.005411	3.625363	7825656	0	0	-
2	thp	empty	cold	8	0	60.376383	60.359097	0.0	0.015667	7231	25	0.002672	1.010757	7825796	3814	0	-
2	thp	empty	warm	8	0	0.191108	0.17724	0.0	0.01342	7251	0	0.009947	1.203687	7825660	3814	0	-
2	fill	empty	cold	8	0	60.36843	60.352278	0.0	0.014888	7252	25	0.009333	0.985467	7825968	3814	0	-
2	fill	empty	warm	8	0	0.17712	0.162857	0.0	0.013847	7267	0	0.016368	1.174097	7825716	3814	0	-
2	scan	empty	cold	8	0	60.340984	60.325334	0.0	0.014802	7274	26	0.029198	0.967813	7825764	3814	0	-
2	scan	empty	warm	8	0	0.17878	0.164326	0.0	0.014159	7230	0	0.005464	1.205524	7825612	3814	0	-
2	recycle	empty	cold	8	0	60.398736	60.381974	0.0	0.0156	7246	25	0.0	0.97623	7825816	3814	0	-
2	recycle	empty	warm	8	0	0.176082	0.162317	0.0	0.013296	7274	0	0.005276	1.188475	7825848	3814	0	-
2	rc	empty	cold	8	0	60.395631	60.380216	0.0	0.014675	7242	25	0.002526	0.981753	7825956	3814	0	-
2	rc	empty	warm	8	0	0.17579	0.161306	0.0	0.014131	7262	0	0.005209	1.159582	7825876	3814	0	-
2	matesize	empty	cold	8	0	60.354463	60.338728	0.0	0.014836	7243	26	0.006621	0.96713	7826032	3814	0	-
2	matesize	empty	warm	8	0	0.176078	0.162173	0.0	0.013404	7276	0	0.005765	1.182447	7825848	3814	0	-
2	batch	empty	cold	8	0	60.344203	60.327647	0.0	0.01549	7249	27	0.002557	0.982275	7826092	3814	0	-
2	batch	empty	warm	8	0	0.193715	0.179288	0.0	0.013944	7284	0	0.001731	1.132142	7826220	3814	0	-
2	final	empty	cold	8	0	60.285356	60.269205	0.0	0.014838	7266	27	0.0	0.995632	7826028	3814	0	-
2	final	empty	warm	8	0	0.196724	0.182412	0.0	0.013818	7298	0	0.010233	1.078387	7826140	3814	0	-
2	final-aa	empty	cold	8	0	60.344372	60.329116	0.0	0.014385	7241	27	0.006377	0.983506	7826076	3814	0	-
2	final-aa	empty	warm	8	0	0.175891	0.162093	0.0	0.013331	7269	0	0.010359	1.184196	7826120	3814	0	-
2	upstream	empty	cold	8	0	60.393674	60.376942	0.001	0.016033	6473	49	0.020374	0.996275	7820992	3814	0	-
2	upstream	empty	warm	8	0	0.192761	0.177798	0.001	0.014328	6504	0	0.019538	1.191849	7820956	3814	0	-
3	thp	empty	cold	8	0	60.344337	60.327207	0.0	0.015382	7254	24	0.0	0.992379	7825928	3814	0	-
3	thp	empty	warm	8	0	0.180076	0.166263	0.0	0.013369	7254	0	0.001733	1.125371	7825904	3814	0	-
3	fill	empty	cold	8	0	60.38708	60.371121	0.0	0.014966	7255	24	0.0	0.992903	7825892	3814	0	-
3	fill	empty	warm	8	0	0.174221	0.160424	0.0	0.013449	7212	0	0.009678	1.155746	7825600	3814	0	-
3	scan	empty	cold	8	0	60.342788	60.326645	0.0	0.014961	7273	24	0.008584	0.996125	7825916	3814	0	-
3	scan	empty	warm	8	0	0.198974	0.184729	0.0	0.013922	7277	0	0.009975	1.087333	7825620	3814	0	-
3	recycle	empty	cold	8	0	60.264825	60.248958	0.0	0.015031	7248	25	0.006211	0.979943	7825816	3814	0	-
3	recycle	empty	warm	8	0	0.179394	0.165639	0.0	0.013292	7242	0	0.001743	1.216939	7825636	3814	0	-
3	rc	empty	cold	8	0	60.35245	60.335726	0.0	0.015225	7197	25	0.006427	0.982336	7825624	3814	0	-
3	rc	empty	warm	8	0	0.197341	0.183309	0.0	0.013573	7275	0	0.001776	1.166745	7825848	3814	0	-
3	matesize	empty	cold	8	0	60.361053	60.345046	0.0	0.015076	7217	26	0.0	0.976351	7825852	3814	0	-
3	matesize	empty	warm	8	0	0.177643	0.163008	0.0	0.014131	7251	0	0.001786	1.2124	7825848	3814	0	-
3	batch	empty	cold	8	0	60.387612	60.371347	0.0	0.014986	7266	28	0.006388	0.965957	7825956	3814	0	-
3	batch	empty	warm	8	0	0.17505	0.161182	0.0	0.013285	7291	0	0.005202	1.155596	7826108	3814	0	-
3	final	empty	cold	8	0	60.341613	60.325529	0.0	0.01496	7244	27	0.0	1.002774	7826040	3814	0	-
3	final	empty	warm	8	0	0.204545	0.190087	0.0	0.013957	7260	0	0.001823	1.139134	7826100	3814	0	-
3	final-aa	empty	cold	8	0	60.26664	60.249997	0.0	0.015298	7228	28	0.0	0.997867	7825940	3814	0	-
3	final-aa	empty	warm	8	0	0.18363	0.169298	0.0	0.0138	7283	0	0.001683	1.158835	7826116	3814	0	-
3	upstream	empty	cold	8	0	60.453075	60.436286	0.001	0.016021	6476	50	0.0	1.000426	7820812	3814	0	-
3	upstream	empty	warm	8	0	0.189824	0.175522	0.001	0.013721	6503	0	0.020273	1.165729	7820940	3814	0	-
3	base	empty	cold	8	0	60.714135	60.33944	0.0	0.373747	1956228	25	0.013837	2.74705	7825636	0	0	-
3	base	empty	warm	8	0	0.804849	0.42136	0.0	0.383032	1956238	0	0.001798	3.612206	7825644	0	0	-
4	fill	empty	warm	8	0	0.183219	0.169734	0.0	0.013061	7236	26	0.006051	1.104381	7825888	3814	0	-
4	scan	empty	warm	8	0	0.207837	0.193705	0.0	0.013751	7283	26	0.005964	0.990428	7825772	3814	0	-
4	recycle	empty	warm	8	0	0.182854	0.169315	0.0	0.013224	7271	26	0.005968	1.087439	7825744	3814	0	-
4	rc	empty	warm	8	0	0.184007	0.16965	0.0	0.013979	7300	26	0.006234	1.088374	7825924	3814	0	-
4	matesize	empty	warm	8	0	0.182711	0.169177	0.0	0.013069	7233	26	0.005987	1.086145	7825868	3814	0	-
4	batch	empty	warm	8	0	0.190562	0.176576	0.0	0.013482	7235	28	0.0	1.154808	7825984	3814	0	-
4	final	empty	warm	8	0	0.183372	0.169821	0.0	0.013	7249	28	0.006038	1.091853	7825988	3814	0	-
4	final-aa	empty	warm	8	0	0.169721	0.15607	0.0	0.013156	7281	0	0.005345	1.129031	7826108	3814	0	-
4	upstream	empty	warm	8	0	0.231909	0.214564	0.001	0.016612	6482	48	0.010239	1.105886	7820952	3814	0	-
4	base	empty	warm	8	0	0.905036	0.5209	0.0	0.383802	1956238	0	0.005247	3.578711	7825792	0	0	-
4	thp	empty	warm	8	0	0.182478	0.168804	0.0	0.01322	7246	26	0.006103	1.100482	7825784	3814	0	-
5	scan	empty	warm	8	0	0.167415	0.153497	0.0	0.013622	7245	0	0.005418	1.091321	7825600	3814	0	-
5	recycle	empty	warm	8	0	0.166148	0.152822	0.0	0.013036	7247	0	0.001634	1.087165	7825588	3814	0	-
5	rc	empty	warm	8	0	0.166958	0.153425	0.0	0.013107	7247	0	0.005526	1.078469	7825724	3814	0	-
5	matesize	empty	warm	8	0	0.169103	0.154519	0.0	0.014109	7309	0	0.005456	1.085794	7825928	3814	0	-
5	batch	empty	warm	8	0	0.167199	0.153614	0.0	0.013109	7288	0	0.005658	1.069086	7826232	3814	0	-
5	final	empty	warm	8	0	0.175526	0.16192	0.0	0.013081	7284	0	0.005347	1.043255	7826244	3814	0	-
5	final-aa	empty	warm	8	0	0.181235	0.166952	0.0	0.013831	7296	0	0.005347	0.969302	7826272	3814	0	-
5	upstream	empty	warm	8	0	0.193366	0.177829	0.001	0.014799	6502	0	0.010179	1.201185	7820936	3814	0	-
5	base	empty	warm	8	0	0.840979	0.452604	0.0	0.387943	1956185	0	0.005263	3.779473	7825664	0	0	-
5	thp	empty	warm	8	0	0.177542	0.162623	0.0	0.014455	7256	0	0.006308	1.197049	7825776	3814	0	-
5	fill	empty	warm	8	0	0.173579	0.15953	0.0	0.013581	7249	0	0.005475	1.164172	7825728	3814	0	-
6	recycle	empty	warm	8	0	0.175152	0.161276	0.0	0.013423	7261	0	0.005775	1.171425	7825740	3814	0	-
6	rc	empty	warm	8	0	0.174647	0.160012	0.0	0.014304	7287	0	0.005798	1.16252	7825796	3814	0	-
6	matesize	empty	warm	8	0	0.195381	0.180445	0.0	0.014444	7247	0	0.0	1.06086	7825856	3814	0	-
6	batch	empty	warm	8	0	0.173686	0.160002	0.0	0.013185	7281	0	0.001845	1.164797	7826084	3814	0	-
6	final	empty	warm	8	0	0.173933	0.160168	0.0	0.013195	7351	0	0.009867	1.154471	7826500	3814	0	-
6	final-aa	empty	warm	8	0	0.170774	0.157051	0.0	0.013219	7268	0	0.001791	1.125613	7826188	3814	0	-
6	upstream	empty	warm	8	0	0.185118	0.170286	0.001	0.014211	6498	0	0.019721	1.104398	7820936	3814	0	-
6	base	empty	warm	8	0	0.831096	0.448727	0.0	0.381959	1956220	0	0.005572	3.827738	7825664	0	0	-
6	thp	empty	warm	8	0	0.1724	0.157848	0.0	0.014188	7258	0	0.001568	1.13324	7825652	3814	0	-
6	fill	empty	warm	8	0	0.17294	0.159163	0.0	0.013327	7302	0	0.010021	1.095727	7825716	3814	0	-
6	scan	empty	warm	8	0	0.166379	0.152793	0.0	0.013189	7270	0	0.00182	1.089165	7825696	3814	0	-
7	rc	empty	warm	8	0	0.167721	0.154077	0.0	0.013166	7271	0	0.005514	1.086467	7825792	3814	0	-
7	matesize	empty	warm	8	0	0.168164	0.154715	0.0	0.013001	7234	0	0.001775	1.099655	7825840	3814	0	-
7	batch	empty	warm	8	0	0.165678	0.151431	0.0	0.013777	7318	0	0.005213	1.07384	7826128	3814	0	-
7	final	empty	warm	8	0	0.168397	0.154502	0.0	0.013444	7276	0	0.005377	1.092214	7826148	3814	0	-
7	final-aa	empty	warm	8	0	0.167904	0.153584	0.0	0.013831	7256	0	0.005475	1.086595	7826076	3814	0	-
7	upstream	empty	warm	8	0	0.184906	0.170025	0.001	0.014208	6507	0	0.020125	1.106891	7820944	3814	0	-
7	base	empty	warm	8	0	0.880854	0.495902	0.0	0.384535	1956229	0	0.001783	3.581361	7825536	0	0	-
7	thp	empty	warm	8	0	0.17012	0.155715	0.0	0.014004	7225	0	0.005347	1.120284	7825760	3814	0	-
7	fill	empty	warm	8	0	0.169961	0.156509	0.0	0.013052	7250	0	0.009877	1.125981	7825844	3814	0	-
7	scan	empty	warm	8	0	0.169549	0.15501	0.0	0.014253	7200	0	0.001786	1.097073	7825532	3814	0	-
7	recycle	empty	warm	8	0	0.16793	0.154173	0.0	0.013413	7264	0	0.001722	1.089406	7825720	3814	0	-
8	matesize	empty	warm	8	0	0.168004	0.154342	0.0	0.013121	7359	0	0.010189	1.10046	7826180	3814	0	-
8	batch	empty	warm	8	0	0.167401	0.153273	0.0	0.013666	7259	0	0.005291	1.084079	7826056	3814	0	-
8	final	empty	warm	8	0	0.168284	0.154624	0.0	0.013096	7260	0	0.001734	1.094638	7826192	3814	0	-
8	final-aa	empty	warm	8	0	0.170302	0.156019	0.0	0.013826	7294	0	0.001758	1.020644	7826180	3814	0	-
8	upstream	empty	warm	8	0	0.19139	0.17635	0.001	0.014314	6505	0	0.019835	1.061174	7820812	3814	0	-
8	base	empty	warm	8	0	0.791138	0.404476	0.0	0.386242	1956210	0	0.001732	3.447148	7825536	0	0	-
8	thp	empty	warm	8	0	0.168518	0.154223	0.0	0.013863	7246	0	0.001664	1.097482	7825676	3814	0	-
8	fill	empty	warm	8	0	0.169795	0.155324	0.0	0.014028	7246	0	0.001794	1.10002	7825684	3814	0	-
8	scan	empty	warm	8	0	0.168923	0.154797	0.0	0.013733	7249	0	0.005854	1.096368	7825744	3814	0	-
8	recycle	empty	warm	8	0	0.168533	0.155121	0.0	0.013103	7228	0	0.001751	1.109006	7825484	3814	0	-
8	rc	empty	warm	8	0	0.168148	0.154078	0.0	0.013784	7223	0	0.005452	1.09231	7825712	3814	0	-
9	batch	empty	warm	8	0	0.183352	0.168547	0.0	0.014348	7285	0	0.001803	1.02316	7826160	3814	0	-
9	final	empty	warm	8	0	0.171833	0.158027	0.0	0.013324	7261	0	0.001815	1.141815	7826020	3814	0	-
9	final-aa	empty	warm	8	0	0.169433	0.155293	0.0	0.013636	7278	0	0.005427	1.09781	7826196	3814	0	-
9	upstream	empty	warm	8	0	0.183838	0.169111	0.001	0.014188	6500	0	0.0	1.119927	7820956	3814	0	-
9	base	empty	warm	8	0	0.835719	0.450247	0.0	0.385121	1956212	0	0.001815	3.746112	7825536	0	0	-
9	thp	empty	warm	8	0	0.169355	0.155058	0.0	0.013836	7260	0	0.005899	1.093352	7825812	3814	0	-
9	fill	empty	warm	8	0	0.170767	0.156471	0.0	0.013979	7281	0	0.005649	1.103419	7825732	3814	0	-
9	scan	empty	warm	8	0	0.189866	0.176437	0.0	0.013007	7225	0	0.005537	0.955824	7825616	3814	0	-
9	recycle	empty	warm	8	0	0.17861	0.16435	0.0	0.013931	7258	0	0.005426	0.985724	7825916	3814	0	-
9	rc	empty	warm	8	0	0.1671	0.153613	0.0	0.013032	7269	0	0.001698	1.100584	7825844	3814	0	-
9	matesize	empty	warm	8	0	0.167164	0.152889	0.0	0.013773	7273	0	0.005319	1.084219	7826012	3814	0	-
10	final	empty	warm	8	0	0.167084	0.153573	0.0	0.012981	7296	0	0.0	1.082443	7826176	3814	0	-
10	final-aa	empty	warm	8	0	0.165896	0.152428	0.0	0.012946	7299	0	0.005352	1.071637	7826296	3814	0	-
10	upstream	empty	warm	8	0	0.182852	0.167657	0.001	0.014535	6498	0	0.020108	1.075817	7820936	3814	0	-
10	base	empty	warm	8	0	0.836747	0.450427	0.0	0.385907	1956266	0	0.001708	3.785433	7825792	0	0	-
10	thp	empty	warm	8	0	0.188059	0.173781	0.0	0.013993	7269	0	0.001812	0.995789	7825672	3814	0	-
10	fill	empty	warm	8	0	0.168952	0.15457	0.0	0.013965	7254	0	0.005481	1.109706	7825720	3814	0	-
10	scan	empty	warm	8	0	0.17192	0.157332	0.0	0.014148	7275	0	0.00178	1.147591	7825860	3814	0	-
10	recycle	empty	warm	8	0	0.169386	0.155588	0.0	0.013283	7264	0	0.009839	1.111902	7825604	3814	0	-
10	rc	empty	warm	8	0	0.168529	0.153968	0.0	0.014157	7264	0	0.005687	1.075993	7825584	3814	0	-
10	matesize	empty	warm	8	0	0.170726	0.156061	0.001	0.014051	7387	0	0.005449	1.115565	7826428	3814	0	-
10	batch	empty	warm	8	0	0.169457	0.15552	0.0	0.013459	7259	0	0.00541	1.120238	7826172	3814	0	-
1	upstream	pe	cold	8	0	61.342672	60.378865	0.947	0.01681	49562	50	1.233505	0.910719	7981036	3814	0	527068d2bc8e30eeb7f0cee9152649dc7cb370fbb65d538a322491ff6b6eb074
1	upstream	pe	warm	8	0	0.414	0.178327	0.219	0.016248	50599	0	1.018328	1.305041	7979568	3814	0	527068d2bc8e30eeb7f0cee9152649dc7cb370fbb65d538a322491ff6b6eb074
1	base	pe	cold	8	0	61.626622	60.260715	0.979	0.386236	1994150	25	1.293029	2.841132	7974948	0	0	527068d2bc8e30eeb7f0cee9152649dc7cb370fbb65d538a322491ff6b6eb074
1	base	pe	warm	8	0	1.129152	0.442168	0.295	0.391394	2017652	0	1.301213	3.921966	8059512	0	0	527068d2bc8e30eeb7f0cee9152649dc7cb370fbb65d538a322491ff6b6eb074
1	thp	pe	cold	8	0	61.334853	60.341174	0.971	0.021472	43332	26	1.140533	1.175796	7967480	3814	0	527068d2bc8e30eeb7f0cee9152649dc7cb370fbb65d538a322491ff6b6eb074
1	thp	pe	warm	8	0	0.473295	0.161316	0.285	0.0266	71168	0	1.375518	1.27171	8070240	3814	0	527068d2bc8e30eeb7f0cee9152649dc7cb370fbb65d538a322491ff6b6eb074
1	fill	pe	cold	8	0	61.328468	60.329667	0.975	0.021644	43724	26	1.219819	1.102101	7968972	3814	0	527068d2bc8e30eeb7f0cee9152649dc7cb370fbb65d538a322491ff6b6eb074
1	fill	pe	warm	8	0	0.477968	0.161261	0.291	0.025965	66148	0	1.356671	1.236078	8057684	3814	0	527068d2bc8e30eeb7f0cee9152649dc7cb370fbb65d538a322491ff6b6eb074
1	scan	pe	cold	8	0	61.261927	60.319982	0.919	0.022131	45712	26	0.943879	1.04332	7976312	3814	0	527068d2bc8e30eeb7f0cee9152649dc7cb370fbb65d538a322491ff6b6eb074
1	scan	pe	warm	8	0	0.417437	0.168283	0.224	0.024591	66845	0	0.975564	1.345858	8057532	3814	0	527068d2bc8e30eeb7f0cee9152649dc7cb370fbb65d538a322491ff6b6eb074
1	recycle	pe	cold	8	0	61.278295	60.337081	0.918	0.022491	47156	26	1.02499	0.992506	7980000	3814	0	527068d2bc8e30eeb7f0cee9152649dc7cb370fbb65d538a322491ff6b6eb074
1	recycle	pe	warm	8	0	0.432137	0.170785	0.235	0.025701	69520	0	0.917069	1.386026	8071104	3814	0	527068d2bc8e30eeb7f0cee9152649dc7cb370fbb65d538a322491ff6b6eb074
1	rc	pe	cold	8	0	61.29815	60.323721	0.953	0.020297	33622	24	0.819526	1.114209	7926292	3814	0	527068d2bc8e30eeb7f0cee9152649dc7cb370fbb65d538a322491ff6b6eb074
1	rc	pe	warm	8	0	0.405692	0.163708	0.216	0.026259	70136	0	0.939069	1.281797	8066760	3814	0	527068d2bc8e30eeb7f0cee9152649dc7cb370fbb65d538a322491ff6b6eb074
1	matesize	pe	cold	8	0	61.254573	60.32583	0.907	0.020788	37030	24	0.922051	0.981544	7944844	3814	0	527068d2bc8e30eeb7f0cee9152649dc7cb370fbb65d538a322491ff6b6eb074
1	matesize	pe	warm	8	0	0.4223	0.19562	0.202	0.024579	65680	0	0.907484	1.15498	8054072	3814	0	527068d2bc8e30eeb7f0cee9152649dc7cb370fbb65d538a322491ff6b6eb074
1	batch	pe	cold	8	0	61.253836	60.326945	0.905	0.020691	37534	28	0.885257	0.997899	7946700	3814	0	527068d2bc8e30eeb7f0cee9152649dc7cb370fbb65d538a322491ff6b6eb074
1	batch	pe	warm	8	0	0.384002	0.161812	0.197	0.02477	65840	0	0.900411	1.222131	8054668	3814	0	527068d2bc8e30eeb7f0cee9152649dc7cb370fbb65d538a322491ff6b6eb074
1	final	pe	cold	8	0	61.300316	60.371808	0.906	0.021306	41289	27	0.934481	0.984448	7961460	3814	0	527068d2bc8e30eeb7f0cee9152649dc7cb370fbb65d538a322491ff6b6eb074
1	final	pe	warm	8	0	0.385643	0.162727	0.198	0.024585	62078	0	0.936487	1.21544	8041572	3814	0	527068d2bc8e30eeb7f0cee9152649dc7cb370fbb65d538a322491ff6b6eb074
1	final-aa	pe	cold	8	0	61.25623	60.324541	0.908	0.021791	43554	27	0.938294	0.952129	7970100	3814	0	527068d2bc8e30eeb7f0cee9152649dc7cb370fbb65d538a322491ff6b6eb074
1	final-aa	pe	warm	8	0	0.384431	0.161744	0.199	0.023793	60003	0	0.90122	1.251694	8033984	3814	0	527068d2bc8e30eeb7f0cee9152649dc7cb370fbb65d538a322491ff6b6eb074
2	base	pe	cold	8	0	61.669966	60.32263	0.967	0.379652	1994064	24	1.39709	2.69359	7974500	0	0	527068d2bc8e30eeb7f0cee9152649dc7cb370fbb65d538a322491ff6b6eb074
2	base	pe	warm	8	0	1.159102	0.468324	0.3	0.390148	2018902	0	1.381958	3.820128	8062840	0	0	527068d2bc8e30eeb7f0cee9152649dc7cb370fbb65d538a322491ff6b6eb074
2	thp	pe	cold	8	0	61.331954	60.344349	0.964	0.022446	46398	25	1.316871	0.97331	7978948	3814	0	527068d2bc8e30eeb7f0cee9152649dc7cb370fbb65d538a322491ff6b6eb074
2	thp	pe	warm	8	0	0.465033	0.164294	0.276	0.024835	67652	0	1.349707	1.26104	8058620	3814	0	527068d2bc8e30eeb7f0cee9152649dc7cb370fbb65d538a322491ff6b6eb074
2	fill	pe	cold	8	0	61.321282	60.324146	0.974	0.021412	43229	26	1.218383	1.079525	7966912	3814	0	527068d2bc8e30eeb7f0cee9152649dc7cb370fbb65d538a322491ff6b6eb074
2	fill	pe	warm	8	0	0.475439	0.162446	0.287	0.025519	68078	0	1.398745	1.288843	8059348	3814	0	527068d2bc8e30eeb7f0cee9152649dc7cb370fbb65d538a322491ff6b6eb074
2	scan	pe	cold	8	0	61.311595	60.370512	0.918	0.022434	46282	26	1.050247	0.952589	7976664	3814	0	527068d2bc8e30eeb7f0cee9152649dc7cb370fbb65d538a322491ff6b6eb074
2	scan	pe	warm	8	0	0.43383	0.181497	0.228	0.024527	69599	0	0.960729	1.260957	8063948	3814	0	527068d2bc8e30eeb7f0cee9152649dc7cb370fbb65d538a322491ff6b6eb074
2	recycle	pe	cold	8	0	61.188366	60.247264	0.919	0.020881	40333	24	1.014946	0.967319	7954076	3814	0	527068d2bc8e30eeb7f0cee9152649dc7cb370fbb65d538a322491ff6b6eb074
2	recycle	pe	warm	8	0	0.414628	0.163907	0.224	0.026198	69639	0	0.940345	1.300383	8071508	3814	0	527068d2bc8e30eeb7f0cee9152649dc7cb370fbb65d538a322491ff6b6eb074
2	rc	pe	cold	8	0	61.190648	60.260724	0.907	0.021851	46129	25	0.801633	1.138526	7975032	3814	0	527068d2bc8e30eeb7f0cee9152649dc7cb370fbb65d538a322491ff6b6eb074
2	rc	pe	warm	8	0	0.405629	0.16615	0.214	0.025338	70322	0	0.939204	1.267425	8068280	3814	0	527068d2bc8e30eeb7f0cee9152649dc7cb370fbb65d538a322491ff6b6eb074
2	matesize	pe	cold	8	0	61.194877	60.260947	0.912	0.021454	45174	26	0.824501	1.087686	7974012	3814	0	527068d2bc8e30eeb7f0cee9152649dc7cb370fbb65d538a322491ff6b6eb074
2	matesize	pe	warm	8	0	0.386809	0.16195	0.2	0.024689	65633	0	0.887582	1.252477	8054308	3814	0	527068d2bc8e30eeb7f0cee9152649dc7cb370fbb65d538a322491ff6b6eb074
2	batch	pe	cold	8	0	61.255982	60.32854	0.907	0.019692	38828	28	0.925789	0.946882	7951968	3814	0	527068d2bc8e30eeb7f0cee9152649dc7cb370fbb65d538a322491ff6b6eb074
2	batch	pe	warm	8	0	0.385842	0.162297	0.199	0.024768	65937	0	0.859608	1.284472	8055088	3814	0	527068d2bc8e30eeb7f0cee9152649dc7cb370fbb65d538a322491ff6b6eb074
2	final	pe	cold	8	0	61.269955	60.336536	0.91	0.022268	43868	28	0.764566	1.124559	7971652	3814	0	527068d2bc8e30eeb7f0cee9152649dc7cb370fbb65d538a322491ff6b6eb074
2	final	pe	warm	8	0	0.392812	0.171364	0.196	0.024872	64629	0	0.880334	1.362299	8049164	3814	0	527068d2bc8e30eeb7f0cee9152649dc7cb370fbb65d538a322491ff6b6eb074
2	final-aa	pe	cold	8	0	61.264581	60.33627	0.906	0.021524	41876	27	0.839728	1.055143	7964068	3814	0	527068d2bc8e30eeb7f0cee9152649dc7cb370fbb65d538a322491ff6b6eb074
2	final-aa	pe	warm	8	0	0.382067	0.162058	0.195	0.024693	62602	0	0.943456	1.206068	8043620	3814	0	527068d2bc8e30eeb7f0cee9152649dc7cb370fbb65d538a322491ff6b6eb074
2	upstream	pe	cold	8	0	61.407542	60.444096	0.947	0.016754	49564	50	1.147964	0.956528	7981020	3814	0	527068d2bc8e30eeb7f0cee9152649dc7cb370fbb65d538a322491ff6b6eb074
2	upstream	pe	warm	8	0	0.424909	0.189819	0.219	0.015676	50596	0	1.040214	1.167787	7981420	3814	0	527068d2bc8e30eeb7f0cee9152649dc7cb370fbb65d538a322491ff6b6eb074
3	thp	pe	cold	8	0	61.309081	60.323705	0.962	0.022291	46390	24	1.312181	0.997736	7975428	3814	0	527068d2bc8e30eeb7f0cee9152649dc7cb370fbb65d538a322491ff6b6eb074
3	thp	pe	warm	8	0	0.458785	0.159254	0.274	0.024962	65944	0	1.353996	1.252192	8049140	3814	0	527068d2bc8e30eeb7f0cee9152649dc7cb370fbb65d538a322491ff6b6eb074
3	fill	pe	cold	8	0	61.31504	60.330438	0.961	0.021645	45232	26	1.32219	0.992358	7974896	3814	0	527068d2bc8e30eeb7f0cee9152649dc7cb370fbb65d538a322491ff6b6eb074
3	fill	pe	warm	8	0	0.520078	0.192549	0.301	0.026203	66662	0	1.362996	1.358588	8049224	3814	0	527068d2bc8e30eeb7f0cee9152649dc7cb370fbb65d538a322491ff6b6eb074
3	scan	pe	cold	8	0	61.272916	60.332066	0.917	0.022539	45357	26	0.979288	1.054463	7975580	3814	0	527068d2bc8e30eeb7f0cee9152649dc7cb370fbb65d538a322491ff6b6eb074
3	scan	pe	warm	8	0	0.420111	0.171294	0.224	0.02489	66405	0	0.953595	1.395768	8056568	3814	0	527068d2bc8e30eeb7f0cee9152649dc7cb370fbb65d538a322491ff6b6eb074
3	recycle	pe	cold	8	0	61.324805	60.383665	0.918	0.021957	45155	26	0.960495	1.043231	7972088	3814	0	527068d2bc8e30eeb7f0cee9152649dc7cb370fbb65d538a322491ff6b6eb074
3	recycle	pe	warm	8	0	0.415989	0.163895	0.226	0.025682	71904	0	0.926515	1.342926	8071952	3814	0	527068d2bc8e30eeb7f0cee9152649dc7cb370fbb65d538a322491ff6b6eb074
3	rc	pe	cold	8	0	61.200222	60.267148	0.91	0.021883	44572	25	0.911778	1.030705	7967016	3814	0	527068d2bc8e30eeb7f0cee9152649dc7cb370fbb65d538a322491ff6b6eb074
3	rc	pe	warm	8	0	0.420991	0.17501	0.217	0.028496	68928	0	0.977325	1.326369	8062780	3814	0	527068d2bc8e30eeb7f0cee9152649dc7cb370fbb65d538a322491ff6b6eb074
3	matesize	pe	cold	8	0	61.152713	60.217375	0.913	0.021221	41626	25	0.922593	0.993256	7963248	3814	0	527068d2bc8e30eeb7f0cee9152649dc7cb370fbb65d538a322491ff6b6eb074
3	matesize	pe	warm	8	0	0.384263	0.160752	0.198	0.02548	66812	0	0.835019	1.303445	8056764	3814	0	527068d2bc8e30eeb7f0cee9152649dc7cb370fbb65d538a322491ff6b6eb074
3	batch	pe	cold	8	0	61.257339	60.330352	0.906	0.019801	36181	28	0.92058	0.971467	7941152	3814	0	527068d2bc8e30eeb7f0cee9152649dc7cb370fbb65d538a322491ff6b6eb074
3	batch	pe	warm	8	0	0.384653	0.160631	0.2	0.024033	66476	0	0.899754	1.224256	8055384	3814	0	527068d2bc8e30eeb7f0cee9152649dc7cb370fbb65d538a322491ff6b6eb074
3	final	pe	cold	8	0	61.302853	60.372096	0.909	0.021257	44089	27	0.841151	1.071359	7969604	3814	0	527068d2bc8e30eeb7f0cee9152649dc7cb370fbb65d538a322491ff6b6eb074
3	final	pe	warm	8	0	0.39434	0.162809	0.207	0.024241	62673	0	0.935706	1.224382	8044288	3814	0	527068d2bc8e30eeb7f0cee9152649dc7cb370fbb65d538a322491ff6b6eb074
3	final-aa	pe	cold	8	0	61.139582	60.209647	0.907	0.021251	42041	27	0.932916	0.969103	7964872	3814	0	527068d2bc8e30eeb7f0cee9152649dc7cb370fbb65d538a322491ff6b6eb074
3	final-aa	pe	warm	8	0	0.383737	0.162737	0.197	0.023905	64525	0	0.887935	1.241091	8049544	3814	0	527068d2bc8e30eeb7f0cee9152649dc7cb370fbb65d538a322491ff6b6eb074
3	upstream	pe	cold	8	0	61.340148	60.3772	0.946	0.017315	49563	49	1.075041	1.044615	7981024	3814	0	527068d2bc8e30eeb7f0cee9152649dc7cb370fbb65d538a322491ff6b6eb074
3	upstream	pe	warm	8	0	0.414883	0.178309	0.22	0.016051	50601	0	1.074837	1.225515	7979436	3814	0	527068d2bc8e30eeb7f0cee9152649dc7cb370fbb65d538a322491ff6b6eb074
3	base	pe	cold	8	0	61.686151	60.327808	0.972	0.384275	1992508	26	1.131216	2.987909	7968484	0	0	527068d2bc8e30eeb7f0cee9152649dc7cb370fbb65d538a322491ff6b6eb074
3	base	pe	warm	8	0	1.099475	0.414337	0.293	0.391853	2015238	0	1.407534	3.597885	8058232	0	0	527068d2bc8e30eeb7f0cee9152649dc7cb370fbb65d538a322491ff6b6eb074
4	fill	pe	warm	8	0	0.484121	0.169806	0.288	0.026551	67075	26	1.386451	1.148774	8058180	3814	0	527068d2bc8e30eeb7f0cee9152649dc7cb370fbb65d538a322491ff6b6eb074
4	scan	pe	warm	8	0	0.417783	0.173473	0.221	0.023513	65857	25	0.948761	1.265384	8048636	3814	0	527068d2bc8e30eeb7f0cee9152649dc7cb370fbb65d538a322491ff6b6eb074
4	recycle	pe	warm	8	0	0.424799	0.170185	0.23	0.024834	69977	26	0.957725	1.242057	8062916	3814	0	527068d2bc8e30eeb7f0cee9152649dc7cb370fbb65d538a322491ff6b6eb074
4	rc	pe	warm	8	0	0.425329	0.173599	0.222	0.029154	70729	26	0.944186	1.08734	8068544	3814	0	527068d2bc8e30eeb7f0cee9152649dc7cb370fbb65d538a322491ff6b6eb074
4	matesize	pe	warm	8	0	0.399226	0.17254	0.201	0.02601	66202	25	0.871009	1.233642	8056068	3814	0	527068d2bc8e30eeb7f0cee9152649dc7cb370fbb65d538a322491ff6b6eb074
4	batch	pe	warm	8	0	0.398118	0.172538	0.197	0.028304	65985	28	0.887829	1.174431	8054580	3814	0	527068d2bc8e30eeb7f0cee9152649dc7cb370fbb65d538a322491ff6b6eb074
4	final	pe	warm	8	0	0.392736	0.168494	0.199	0.025225	64629	28	0.876653	1.160945	8048120	3814	0	527068d2bc8e30eeb7f0cee9152649dc7cb370fbb65d538a322491ff6b6eb074
4	final-aa	pe	warm	8	0	0.375418	0.154679	0.197	0.023957	64430	0	0.866107	1.196053	8048400	3814	0	527068d2bc8e30eeb7f0cee9152649dc7cb370fbb65d538a322491ff6b6eb074
4	upstream	pe	warm	8	0	0.455748	0.218509	0.22	0.017145	50578	48	1.081848	1.194115	7979436	3814	0	527068d2bc8e30eeb7f0cee9152649dc7cb370fbb65d538a322491ff6b6eb074
4	base	pe	warm	8	0	1.186467	0.498463	0.291	0.39646	2016812	0	1.456861	3.538092	8060024	0	0	527068d2bc8e30eeb7f0cee9152649dc7cb370fbb65d538a322491ff6b6eb074
4	thp	pe	warm	8	0	0.491616	0.169218	0.294	0.028495	68604	26	1.365333	1.186162	8058840	3814	0	527068d2bc8e30eeb7f0cee9152649dc7cb370fbb65d538a322491ff6b6eb074
5	scan	pe	warm	8	0	0.399785	0.152564	0.222	0.024816	70477	0	0.960411	1.198756	8067688	3814	0	527068d2bc8e30eeb7f0cee9152649dc7cb370fbb65d538a322491ff6b6eb074
5	recycle	pe	warm	8	0	0.402854	0.153867	0.223	0.025855	69008	0	0.964217	1.185987	8064956	3814	0	527068d2bc8e30eeb7f0cee9152649dc7cb370fbb65d538a322491ff6b6eb074
5	rc	pe	warm	8	0	0.394747	0.152725	0.217	0.025304	69924	0	0.925555	1.154419	8064956	3814	0	527068d2bc8e30eeb7f0cee9152649dc7cb370fbb65d538a322491ff6b6eb074
5	matesize	pe	warm	8	0	0.397288	0.167526	0.205	0.024484	68074	0	0.891457	1.046245	8056240	3814	0	527068d2bc8e30eeb7f0cee9152649dc7cb370fbb65d538a322491ff6b6eb074
5	batch	pe	warm	8	0	0.376559	0.154444	0.196	0.025708	65078	0	0.898083	1.14592	8052132	3814	0	527068d2bc8e30eeb7f0cee9152649dc7cb370fbb65d538a322491ff6b6eb074
5	final	pe	warm	8	0	0.37775	0.152743	0.198	0.026636	62672	0	0.884668	1.1833	8041984	3814	0	527068d2bc8e30eeb7f0cee9152649dc7cb370fbb65d538a322491ff6b6eb074
5	final-aa	pe	warm	8	0	0.377379	0.153418	0.2	0.023793	62923	0	0.943105	1.133733	8045580	3814	0	527068d2bc8e30eeb7f0cee9152649dc7cb370fbb65d538a322491ff6b6eb074
5	upstream	pe	warm	8	0	0.406343	0.170251	0.221	0.015465	50630	0	1.075866	1.165522	7980756	3814	0	527068d2bc8e30eeb7f0cee9152649dc7cb370fbb65d538a322491ff6b6eb074
5	base	pe	warm	8	0	1.133418	0.445008	0.292	0.396039	2017191	0	1.402894	3.95151	8066044	0	0	527068d2bc8e30eeb7f0cee9152649dc7cb370fbb65d538a322491ff6b6eb074
5	thp	pe	warm	8	0	0.493627	0.164353	0.302	0.027135	67673	0	1.278298	1.246098	8054424	3814	0	527068d2bc8e30eeb7f0cee9152649dc7cb370fbb65d538a322491ff6b6eb074
5	fill	pe	warm	8	0	0.459975	0.158886	0.272	0.029291	68449	0	1.334841	1.206242	8060476	3814	0	527068d2bc8e30eeb7f0cee9152649dc7cb370fbb65d538a322491ff6b6eb074
6	recycle	pe	warm	8	0	0.415495	0.163969	0.224	0.027003	70551	0	0.993077	1.256205	8071256	3814	0	527068d2bc8e30eeb7f0cee9152649dc7cb370fbb65d538a322491ff6b6eb074
6	rc	pe	warm	8	0	0.395563	0.151404	0.218	0.026052	69060	0	0.946724	1.116591	8069328	3814	0	527068d2bc8e30eeb7f0cee9152649dc7cb370fbb65d538a322491ff6b6eb074
6	matesize	pe	warm	8	0	0.377802	0.154998	0.197	0.025354	66076	0	0.932692	1.138352	8055436	3814	0	527068d2bc8e30eeb7f0cee9152649dc7cb370fbb65d538a322491ff6b6eb074
6	batch	pe	warm	8	0	0.381416	0.151903	0.203	0.026637	67559	0	0.896992	1.152976	8056296	3814	0	527068d2bc8e30eeb7f0cee9152649dc7cb370fbb65d538a322491ff6b6eb074
6	final	pe	warm	8	0	0.390367	0.161053	0.203	0.025836	64787	0	0.895117	1.101021	8049436	3814	0	527068d2bc8e30eeb7f0cee9152649dc7cb370fbb65d538a322491ff6b6eb074
6	final-aa	pe	warm	8	0	0.384822	0.159594	0.2	0.024958	63961	0	0.910835	1.216204	8047120	3814	0	527068d2bc8e30eeb7f0cee9152649dc7cb370fbb65d538a322491ff6b6eb074
6	upstream	pe	warm	8	0	0.415359	0.17705	0.222	0.016729	50601	0	1.083581	1.232698	7979596	3814	0	527068d2bc8e30eeb7f0cee9152649dc7cb370fbb65d538a322491ff6b6eb074
6	base	pe	warm	8	0	1.088599	0.401855	0.283	0.403359	2016998	0	1.38777	3.533115	8060668	0	0	527068d2bc8e30eeb7f0cee9152649dc7cb370fbb65d538a322491ff6b6eb074
6	thp	pe	warm	8	0	0.481596	0.157494	0.297	0.027136	68932	0	1.332058	1.213021	8065548	3814	0	527068d2bc8e30eeb7f0cee9152649dc7cb370fbb65d538a322491ff6b6eb074
6	fill	pe	warm	8	0	0.48438	0.1749	0.284	0.025267	67720	0	1.337147	1.28206	8063724	3814	0	527068d2bc8e30eeb7f0cee9152649dc7cb370fbb65d538a322491ff6b6eb074
6	scan	pe	warm	8	0	0.407455	0.156705	0.225	0.025974	67820	0	0.976316	1.238766	8057664	3814	0	527068d2bc8e30eeb7f0cee9152649dc7cb370fbb65d538a322491ff6b6eb074
7	rc	pe	warm	8	0	0.405753	0.162517	0.218	0.024876	66647	0	0.871959	1.296157	8057492	3814	0	527068d2bc8e30eeb7f0cee9152649dc7cb370fbb65d538a322491ff6b6eb074
7	matesize	pe	warm	8	0	0.38127	0.154066	0.202	0.025127	65649	0	0.884322	1.190963	8053868	3814	0	527068d2bc8e30eeb7f0cee9152649dc7cb370fbb65d538a322491ff6b6eb074
7	batch	pe	warm	8	0	0.381848	0.155714	0.199	0.027329	65798	0	0.904146	1.184743	8054536	3814	0	527068d2bc8e30eeb7f0cee9152649dc7cb370fbb65d538a322491ff6b6eb074
7	final	pe	warm	8	0	0.377897	0.156436	0.196	0.024894	63451	0	0.86155	1.236577	8044616	3814	0	527068d2bc8e30eeb7f0cee9152649dc7cb370fbb65d538a322491ff6b6eb074
7	final-aa	pe	warm	8	0	0.402712	0.16997	0.207	0.025304	63489	0	0.873659	1.119974	8047884	3814	0	527068d2bc8e30eeb7f0cee9152649dc7cb370fbb65d538a322491ff6b6eb074
7	upstream	pe	warm	8	0	0.405736	0.171166	0.218	0.016542	50596	0	1.072006	1.152912	7979552	3814	0	527068d2bc8e30eeb7f0cee9152649dc7cb370fbb65d538a322491ff6b6eb074
7	base	pe	warm	8	0	1.131969	0.439856	0.296	0.395643	2015698	0	1.350283	3.906535	8051708	0	0	527068d2bc8e30eeb7f0cee9152649dc7cb370fbb65d538a322491ff6b6eb074
7	thp	pe	warm	8	0	0.470239	0.155021	0.288	0.027014	67786	0	1.357457	1.166407	8064148	3814	0	527068d2bc8e30eeb7f0cee9152649dc7cb370fbb65d538a322491ff6b6eb074
7	fill	pe	warm	8	0	0.460351	0.155626	0.281	0.023726	67776	0	1.30939	1.189446	8064332	3814	0	527068d2bc8e30eeb7f0cee9152649dc7cb370fbb65d538a322491ff6b6eb074
7	scan	pe	warm	8	0	0.402275	0.152866	0.226	0.023718	63325	0	0.963344	1.191766	8040900	3814	0	527068d2bc8e30eeb7f0cee9152649dc7cb370fbb65d538a322491ff6b6eb074
7	recycle	pe	warm	8	0	0.433902	0.176175	0.229	0.028759	70699	0	1.016206	1.011392	8071740	3814	0	527068d2bc8e30eeb7f0cee9152649dc7cb370fbb65d538a322491ff6b6eb074
8	matesize	pe	warm	8	0	0.380239	0.153326	0.201	0.025817	65478	0	0.872726	1.183697	8054084	3814	0	527068d2bc8e30eeb7f0cee9152649dc7cb370fbb65d538a322491ff6b6eb074
8	batch	pe	warm	8	0	0.38967	0.15871	0.202	0.028391	67123	0	0.863013	1.2647	8056856	3814	0	527068d2bc8e30eeb7f0cee9152649dc7cb370fbb65d538a322491ff6b6eb074
8	final	pe	warm	8	0	0.384213	0.159736	0.198	0.02591	61673	0	0.844598	1.302962	8040460	3814	0	527068d2bc8e30eeb7f0cee9152649dc7cb370fbb65d538a322491ff6b6eb074
8	final-aa	pe	warm	8	0	0.374299	0.154256	0.196	0.023843	58864	0	0.842534	1.224614	8029384	3814	0	527068d2bc8e30eeb7f0cee9152649dc7cb370fbb65d538a322491ff6b6eb074
8	upstream	pe	warm	8	0	0.404903	0.169579	0.22	0.015262	50632	0	1.101678	1.131999	7980052	3814	0	527068d2bc8e30eeb7f0cee9152649dc7cb370fbb65d538a322491ff6b6eb074
8	base	pe	warm	8	0	1.168493	0.473081	0.299	0.395928	2017597	0	1.352311	3.641939	8058876	0	0	527068d2bc8e30eeb7f0cee9152649dc7cb370fbb65d538a322491ff6b6eb074
8	thp	pe	warm	8	0	0.462392	0.156104	0.279	0.027403	66742	0	1.317868	1.241871	8057252	3814	0	527068d2bc8e30eeb7f0cee9152649dc7cb370fbb65d538a322491ff6b6eb074
8	fill	pe	warm	8	0	0.454849	0.155509	0.273	0.025946	68245	0	1.304473	1.194937	8065984	3814	0	527068d2bc8e30eeb7f0cee9152649dc7cb370fbb65d538a322491ff6b6eb074
8	scan	pe	warm	8	0	0.403553	0.156804	0.221	0.025181	65536	0	0.946062	1.260181	8048112	3814	0	527068d2bc8e30eeb7f0cee9152649dc7cb370fbb65d538a322491ff6b6eb074
8	recycle	pe	warm	8	0	0.40578	0.153148	0.225	0.027161	68309	0	0.972357	1.176552	8065948	3814	0	527068d2bc8e30eeb7f0cee9152649dc7cb370fbb65d538a322491ff6b6eb074
8	rc	pe	warm	8	0	0.404711	0.154424	0.22	0.029655	70211	0	0.902146	1.212559	8070460	3814	0	527068d2bc8e30eeb7f0cee9152649dc7cb370fbb65d538a322491ff6b6eb074
9	batch	pe	warm	8	0	0.40026	0.171321	0.202	0.027128	66065	0	0.886742	1.129378	8055660	3814	0	527068d2bc8e30eeb7f0cee9152649dc7cb370fbb65d538a322491ff6b6eb074
9	final	pe	warm	8	0	0.388059	0.15436	0.208	0.025343	62751	0	0.949612	1.137557	8043524	3814	0	527068d2bc8e30eeb7f0cee9152649dc7cb370fbb65d538a322491ff6b6eb074
9	final-aa	pe	warm	8	0	0.379751	0.157907	0.198	0.023837	59520	0	0.921345	1.197749	8032132	3814	0	527068d2bc8e30eeb7f0cee9152649dc7cb370fbb65d538a322491ff6b6eb074
9	upstream	pe	warm	8	0	0.406367	0.169816	0.22	0.016278	50595	0	1.065788	1.177442	7979560	3814	0	527068d2bc8e30eeb7f0cee9152649dc7cb370fbb65d538a322491ff6b6eb074
9	base	pe	warm	8	0	1.135429	0.441396	0.293	0.401387	2017203	0	1.362376	3.951684	8066428	0	0	527068d2bc8e30eeb7f0cee9152649dc7cb370fbb65d538a322491ff6b6eb074
9	thp	pe	warm	8	0	0.454227	0.162957	0.266	0.025332	67565	0	1.329633	1.083084	8059400	3814	0	527068d2bc8e30eeb7f0cee9152649dc7cb370fbb65d538a322491ff6b6eb074
9	fill	pe	warm	8	0	0.456559	0.153811	0.277	0.026015	66808	0	1.36947	1.159551	8056432	3814	0	527068d2bc8e30eeb7f0cee9152649dc7cb370fbb65d538a322491ff6b6eb074
9	scan	pe	warm	8	0	0.398745	0.153452	0.221	0.023802	66153	0	1.014644	1.141474	8055080	3814	0	527068d2bc8e30eeb7f0cee9152649dc7cb370fbb65d538a322491ff6b6eb074
9	recycle	pe	warm	8	0	0.41633	0.154402	0.237	0.024761	68527	0	0.94603	1.189852	8067368	3814	0	527068d2bc8e30eeb7f0cee9152649dc7cb370fbb65d538a322491ff6b6eb074
9	rc	pe	warm	8	0	0.399807	0.158705	0.214	0.026861	67817	0	0.938047	1.223494	8063192	3814	0	527068d2bc8e30eeb7f0cee9152649dc7cb370fbb65d538a322491ff6b6eb074
9	matesize	pe	warm	8	0	0.376631	0.154174	0.199	0.02359	66518	0	0.888592	1.174916	8055744	3814	0	527068d2bc8e30eeb7f0cee9152649dc7cb370fbb65d538a322491ff6b6eb074
10	final	pe	warm	8	0	0.379447	0.157122	0.197	0.02549	65024	0	0.89316	1.154866	8050556	3814	0	527068d2bc8e30eeb7f0cee9152649dc7cb370fbb65d538a322491ff6b6eb074
10	final-aa	pe	warm	8	0	0.399504	0.169622	0.205	0.024386	64621	0	0.868372	1.112448	8049916	3814	0	527068d2bc8e30eeb7f0cee9152649dc7cb370fbb65d538a322491ff6b6eb074
10	upstream	pe	warm	8	0	0.408626	0.171609	0.221	0.015754	50633	0	1.093716	1.163954	7980500	3814	0	527068d2bc8e30eeb7f0cee9152649dc7cb370fbb65d538a322491ff6b6eb074
10	base	pe	warm	8	0	1.122767	0.441311	0.282	0.399224	2015775	0	1.365713	3.919003	8057212	0	0	527068d2bc8e30eeb7f0cee9152649dc7cb370fbb65d538a322491ff6b6eb074
10	thp	pe	warm	8	0	0.465783	0.153325	0.286	0.0263	66262	0	1.327078	1.155498	8058372	3814	0	527068d2bc8e30eeb7f0cee9152649dc7cb370fbb65d538a322491ff6b6eb074
10	fill	pe	warm	8	0	0.455345	0.152835	0.277	0.025169	68784	0	1.353603	1.184402	8061260	3814	0	527068d2bc8e30eeb7f0cee9152649dc7cb370fbb65d538a322491ff6b6eb074
10	scan	pe	warm	8	0	0.408441	0.156721	0.228	0.023635	67408	0	0.987759	1.148403	8052552	3814	0	527068d2bc8e30eeb7f0cee9152649dc7cb370fbb65d538a322491ff6b6eb074
10	recycle	pe	warm	8	0	0.39613	0.154492	0.217	0.024266	68714	0	1.012563	1.154322	8062144	3814	0	527068d2bc8e30eeb7f0cee9152649dc7cb370fbb65d538a322491ff6b6eb074
10	rc	pe	warm	8	0	0.38953	0.154159	0.211	0.024375	67821	0	0.883713	1.186521	8064308	3814	0	527068d2bc8e30eeb7f0cee9152649dc7cb370fbb65d538a322491ff6b6eb074
10	matesize	pe	warm	8	0	0.377323	0.153867	0.199	0.024629	66584	0	0.902246	1.165566	8056056	3814	0	527068d2bc8e30eeb7f0cee9152649dc7cb370fbb65d538a322491ff6b6eb074
10	batch	pe	warm	8	0	0.37325	0.153959	0.195	0.024045	66233	0	0.875403	1.173836	8056176	3814	0	527068d2bc8e30eeb7f0cee9152649dc7cb370fbb65d538a322491ff6b6eb074
