aws-kraken2/g3/20261007-193045-0f38f87-cf6e-n2/out/pe-fq-S3-conf/cls_1.fq	10092402	"1a00ac0578c1dcadf195b5914f6a5377-2"
aws-kraken2/g3/20261007-193045-0f38f87-cf6e-n2/out/pe-fq-S3-conf/cls_2.fq	10092402	"c7a9bf9e7bfdca4b5143b6f510055472-2"
aws-kraken2/g3/20261007-193045-0f38f87-cf6e-n2/out/pe-fq-S3-conf/output.txt	23485250	"cb8de1a54ef1088edf3451f28efb386b-3"
aws-kraken2/g3/20261007-193045-0f38f87-cf6e-n2/out/pe-fq-S3-conf/uncls_1.fq	63365270	"5fb150003d426d1d88fa387055c8d585-8"
aws-kraken2/g3/20261007-193045-0f38f87-cf6e-n2/out/pe-fq-S3-conf/uncls_2.fq	63365270	"b19552e674d6c6a1aafa286684b86566-8"
aws-kraken2/g3/20261007-193045-0f38f87-cf6e-n2/out/pe-gz-S1/cls_1.fq	44365632	"f4c87d901152dc5b38919ef40d2ad400-6"
aws-kraken2/g3/20261007-193045-0f38f87-cf6e-n2/out/pe-gz-S1/cls_2.fq	44365632	"394fed01aada80c91ce855ae8e81d394-6"
aws-kraken2/g3/20261007-193045-0f38f87-cf6e-n2/out/pe-gz-S1/output.txt	15511495	"a3569b0cae8f36f13b5154a0ebb9cb77-2"
aws-kraken2/g3/20261007-193045-0f38f87-cf6e-n2/out/pe-gz-S1/uncls_1.fq	10408962	"c5c8008f32519e99b7c3ca076e45f2e6-2"
aws-kraken2/g3/20261007-193045-0f38f87-cf6e-n2/out/pe-gz-S1/uncls_2.fq	10408962	"877ff1811505aab1b46eda5a5e03d221-2"
aws-kraken2/g3/20261007-193045-0f38f87-cf6e-n2/out/pe-gz-S2-quick-mpa/output.txt	7034547	"defcc63b12152339ed29b2747aea04a6-1"
aws-kraken2/g3/20261007-193045-0f38f87-cf6e-n2/out/se-fq-S2/output.txt	7645582	"527fb0e2595a6b4d80cb6803c59c2d29-1"
aws-kraken2/g3/20261007-193045-0f38f87-cf6e-n2/out/se-multi-q20/cls.fq	30802814	"b68d5b14cbb67b479e9de897ace4e6a8-4"
aws-kraken2/g3/20261007-193045-0f38f87-cf6e-n2/out/se-multi-q20/output.txt	17097892	"7d0a11a6d1f7c86da97121769ee28d06-3"
aws-kraken2/g3/20261007-193045-0f38f87-cf6e-n2/out/se-multi-q20/uncls.fq	70431021	"1269a27d56e68c5cebce35058f575aad-9"
