fit	family	cohort	objective	type	N	inflight	T_pred_s	usd_per_sample	N_68pct_draws	draws_same_type	status	flags	engine_pre_fix
R	c8g	1	time	c8g.12xlarge	64	6	260.9	8.878823	64-64	1.00	extrapolated	S/N = 18.58 outside the fitted 37.16-1189; W/(N*c) = 0.003429 outside the fitted 0.7289-11.66; cohort 1: no end-to-end point (all are cohort 100); N outside the family's measured N 16-32; c8g.12xlarge measured only at N=16,32; at the grid edge (N=64): T keeps falling, no interior optimum	yes
R	c8g	1	cost	c8g.12xlarge	16	1	274.8	2.337557	16-16	1.00	extrapolated	W/(N*c) = 0.01371 outside the fitted 0.7289-11.66; cohort 1: no end-to-end point (all are cohort 100); at c8g.12xlarge's memory floor (smallest feasible N=16)	yes
R	c8g	10	time	c8g.12xlarge	64	6	261.1	0.888648	64-64	1.00	extrapolated	S/N = 18.58 outside the fitted 37.16-1189; W/(N*c) = 0.03587 outside the fitted 0.7289-11.66; cohort 10: no end-to-end point (all are cohort 100); N outside the family's measured N 16-32; c8g.12xlarge measured only at N=16,32; at the grid edge (N=64): T keeps falling, no interior optimum	yes
R	c8g	10	cost	c8g.12xlarge	16	1	275.7	0.234521	16-16	1.00	extrapolated	W/(N*c) = 0.1435 outside the fitted 0.7289-11.66; cohort 10: no end-to-end point (all are cohort 100); at c8g.12xlarge's memory floor (smallest feasible N=16)	yes
R	c8g	100	time	c8g.12xlarge	64	6	263.4	0.089640	64-64	1.00	extrapolated	S/N = 18.58 outside the fitted 37.16-1189; W/(N*c) = 0.3644 outside the fitted 0.7289-11.66; N outside the family's measured N 16-32; c8g.12xlarge measured only at N=16,32; at the grid edge (N=64): T keeps falling, no interior optimum	yes
R	c8g	100	cost	c8g.12xlarge	16	1	284.8	0.024228	16-16	1.00	within data	at c8g.12xlarge's memory floor (smallest feasible N=16)	yes
R	c8g	1000	time	c8g.12xlarge	64	6	285.9	0.009728	64-64	1.00	extrapolated	S/N = 18.58 outside the fitted 37.16-1189; cohort 1000: no end-to-end point (all are cohort 100); N outside the family's measured N 16-32; c8g.12xlarge measured only at N=16,32; at the grid edge (N=64): T keeps falling, no interior optimum	yes
R	c8g	1000	cost	c8g.12xlarge	16	1	374.5	0.003186	16-16	1.00	extrapolated	W/(N*c) = 14.4 outside the fitted 0.7289-11.66; cohort 1000: no end-to-end point (all are cohort 100); at c8g.12xlarge's memory floor (smallest feasible N=16)	yes
R	c9g	1	time	c9g.12xlarge	64	6	260.9	9.678483	64-64	1.00	extrapolated	S/N = 18.58 outside the fitted 37.16-1189; W/(N*c) = 0.003429 outside the fitted 0.7289-11.66; cohort 1: no end-to-end point (all are cohort 100); N outside the family's measured N 16-16; c9g.12xlarge measured only at N=16; at the grid edge (N=64): T keeps falling, no interior optimum	yes
R	c9g	1	cost	c9g.12xlarge	16	1	274.8	2.548086	16-16	1.00	extrapolated	W/(N*c) = 0.01371 outside the fitted 0.7289-11.66; cohort 1: no end-to-end point (all are cohort 100); at c9g.12xlarge's memory floor (smallest feasible N=16)	yes
R	c9g	10	time	c9g.12xlarge	64	6	261.1	0.968683	64-64	1.00	extrapolated	S/N = 18.58 outside the fitted 37.16-1189; W/(N*c) = 0.03587 outside the fitted 0.7289-11.66; cohort 10: no end-to-end point (all are cohort 100); N outside the family's measured N 16-16; c9g.12xlarge measured only at N=16; at the grid edge (N=64): T keeps falling, no interior optimum	yes
R	c9g	10	cost	c9g.12xlarge	16	1	275.7	0.255643	16-16	1.00	extrapolated	W/(N*c) = 0.1435 outside the fitted 0.7289-11.66; cohort 10: no end-to-end point (all are cohort 100); at c9g.12xlarge's memory floor (smallest feasible N=16)	yes
R	c9g	100	time	c9g.12xlarge	64	6	263.4	0.097714	64-64	1.00	extrapolated	S/N = 18.58 outside the fitted 37.16-1189; W/(N*c) = 0.3644 outside the fitted 0.7289-11.66; N outside the family's measured N 16-16; c9g.12xlarge measured only at N=16; at the grid edge (N=64): T keeps falling, no interior optimum	yes
R	c9g	100	cost	c9g.12xlarge	16	1	284.8	0.026410	16-16	1.00	within data	at c9g.12xlarge's memory floor (smallest feasible N=16)	yes
R	c9g	1000	time	c9g.12xlarge	64	6	285.9	0.010604	64-64	1.00	extrapolated	S/N = 18.58 outside the fitted 37.16-1189; cohort 1000: no end-to-end point (all are cohort 100); N outside the family's measured N 16-16; c9g.12xlarge measured only at N=16; at the grid edge (N=64): T keeps falling, no interior optimum	yes
R	c9g	1000	cost	c9g.12xlarge	16	1	374.5	0.003473	16-16	1.00	extrapolated	W/(N*c) = 14.4 outside the fitted 0.7289-11.66; cohort 1000: no end-to-end point (all are cohort 100); at c9g.12xlarge's memory floor (smallest feasible N=16)	yes
R	r8g	1	time	r8g.4xlarge	64	2	261.0	4.372952	64-64	1.00	extrapolated	S/N = 18.58 outside the fitted 37.16-1189; W/(N*c) = 0.01029 outside the fitted 0.7289-11.66; cohort 1: no end-to-end point (all are cohort 100); N outside the family's measured N 16-16; r8g.4xlarge measured only at N=16; at the grid edge (N=64): T keeps falling, no interior optimum	yes
R	r8g	1	cost	r8g.4xlarge	12	2	281.2	0.883445	12-12	1.00	extrapolated	W/(N*c) = 0.05486 outside the fitted 0.7289-11.66; cohort 1: no end-to-end point (all are cohort 100); N outside the family's measured N 16-16; r8g.4xlarge measured only at N=16; at r8g.4xlarge's memory floor (smallest feasible N=12)	yes
R	r8g	10	time	r8g.4xlarge	64	2	261.6	0.438426	64-64	1.00	extrapolated	S/N = 18.58 outside the fitted 37.16-1189; W/(N*c) = 0.1076 outside the fitted 0.7289-11.66; cohort 10: no end-to-end point (all are cohort 100); N outside the family's measured N 16-16; r8g.4xlarge measured only at N=16; at the grid edge (N=64): T keeps falling, no interior optimum	yes
R	r8g	10	cost	r8g.4xlarge	12	2	284.8	0.089476	12-12	1.00	extrapolated	W/(N*c) = 0.5739 outside the fitted 0.7289-11.66; cohort 10: no end-to-end point (all are cohort 100); N outside the family's measured N 16-16; r8g.4xlarge measured only at N=16; at r8g.4xlarge's memory floor (smallest feasible N=12)	yes
R	r8g	100	time	r8g.4xlarge	64	2	268.5	0.044988	64-64	1.00	extrapolated	S/N = 18.58 outside the fitted 37.16-1189; N outside the family's measured N 16-16; r8g.4xlarge measured only at N=16; at the grid edge (N=64): T keeps falling, no interior optimum	yes
R	r8g	100	cost	r8g.4xlarge	12	2	321.2	0.010093	12-12	1.00	within data	N outside the family's measured N 16-16; r8g.4xlarge measured only at N=16; at r8g.4xlarge's memory floor (smallest feasible N=12)	yes
R	r8g	1000	time	r8g.4xlarge	64	2	335.8	0.005627	64-64	1.00	extrapolated	S/N = 18.58 outside the fitted 37.16-1189; cohort 1000: no end-to-end point (all are cohort 100); N outside the family's measured N 16-16; r8g.4xlarge measured only at N=16; at the grid edge (N=64): T keeps falling, no interior optimum	yes
R	r8g	1000	cost	r8g.4xlarge	12	2	680.3	0.002137	12-12	1.00	extrapolated	W/(N*c) = 57.59 outside the fitted 0.7289-11.66; cohort 1000: no end-to-end point (all are cohort 100); N outside the family's measured N 16-16; r8g.4xlarge measured only at N=16; at r8g.4xlarge's memory floor (smallest feasible N=12)	yes
R	x8g	1	time	x8g.24xlarge	64	12	260.9	43.502487	64-64	0.96	extrapolated	S/N = 18.58 outside the fitted 37.16-1189; W/(N*c) = 0.001714 outside the fitted 0.7289-11.66; cohort 1: no end-to-end point (all are cohort 100); N outside the family's measured N 1-16; x8g.24xlarge measured only at N=1; at the grid edge (N=64): T keeps falling, no interior optimum	yes
R	x8g	1	cost	x8g.2xlarge	12	1	281.6	0.733540	12-12	1.00	extrapolated	W/(N*c) = 0.1097 outside the fitted 0.7289-11.66; cohort 1: no end-to-end point (all are cohort 100); x8g.2xlarge measured only at N=16; at x8g.2xlarge's memory floor (smallest feasible N=12)	yes
R	x8g	10	time	x8g.24xlarge	64	12	261.0	4.352125	64-64	0.96	extrapolated	S/N = 18.58 outside the fitted 37.16-1189; W/(N*c) = 0.01793 outside the fitted 0.7289-11.66; cohort 10: no end-to-end point (all are cohort 100); N outside the family's measured N 1-16; x8g.24xlarge measured only at N=1; at the grid edge (N=64): T keeps falling, no interior optimum	yes
R	x8g	10	cost	x8g.2xlarge	12	1	288.8	0.075230	12-12	1.00	extrapolated	cohort 10: no end-to-end point (all are cohort 100); x8g.2xlarge measured only at N=16; at x8g.2xlarge's memory floor (smallest feasible N=12)	yes
R	x8g	100	time	x8g.24xlarge	64	12	262.2	0.437113	64-64	0.96	extrapolated	S/N = 18.58 outside the fitted 37.16-1189; W/(N*c) = 0.1822 outside the fitted 0.7289-11.66; N outside the family's measured N 1-16; x8g.24xlarge measured only at N=1; at the grid edge (N=64): T keeps falling, no interior optimum	yes
R	x8g	100	cost	x8g.2xlarge	12	1	361.7	0.009423	12-12	1.00	within data	x8g.2xlarge measured only at N=16; at x8g.2xlarge's memory floor (smallest feasible N=12)	yes
R	x8g	1000	time	x8g.24xlarge	64	12	273.4	0.045582	64-64	0.96	extrapolated	S/N = 18.58 outside the fitted 37.16-1189; cohort 1000: no end-to-end point (all are cohort 100); N outside the family's measured N 1-16; x8g.24xlarge measured only at N=1; at the grid edge (N=64): T keeps falling, no interior optimum	yes
R	x8g	1000	cost	x8g.2xlarge	12	1	1079.8	0.002813	12-12	1.00	extrapolated	W/(N*c) = 115.2 outside the fitted 0.7289-11.66; cohort 1000: no end-to-end point (all are cohort 100); x8g.2xlarge measured only at N=16; at x8g.2xlarge's memory floor (smallest feasible N=12)	yes
R+t_input	c8g	1	time	c8g.12xlarge	64	6	265.4	9.029999	64-64	1.00	extrapolated	S/N = 18.58 outside the fitted 37.16-1189; W/(N*c) = 0.003429 outside the fitted 0.7289-11.66; w_max = 1.053e+07 outside the fitted 2.077e+07-2.077e+07; cohort 1: no end-to-end point (all are cohort 100); N outside the family's measured N 16-32; c8g.12xlarge measured only at N=16,32; at the grid edge (N=64): T keeps falling, no interior optimum	yes
R+t_input	c8g	1	cost	c8g.12xlarge	16	1	279.3	2.375752	16-16	1.00	extrapolated	W/(N*c) = 0.01371 outside the fitted 0.7289-11.66; w_max = 1.053e+07 outside the fitted 2.077e+07-2.077e+07; cohort 1: no end-to-end point (all are cohort 100); at c8g.12xlarge's memory floor (smallest feasible N=16)	yes
R+t_input	c8g	10	time	c8g.12xlarge	64	6	269.9	0.918437	64-64	1.00	extrapolated	S/N = 18.58 outside the fitted 37.16-1189; W/(N*c) = 0.03587 outside the fitted 0.7289-11.66; w_max = 1.888e+07 outside the fitted 2.077e+07-2.077e+07; cohort 10: no end-to-end point (all are cohort 100); N outside the family's measured N 16-32; c8g.12xlarge measured only at N=16,32; at the grid edge (N=64): T keeps falling, no interior optimum	yes
R+t_input	c8g	10	cost	c8g.12xlarge	16	1	283.8	0.241435	16-16	1.00	extrapolated	W/(N*c) = 0.1435 outside the fitted 0.7289-11.66; w_max = 1.888e+07 outside the fitted 2.077e+07-2.077e+07; cohort 10: no end-to-end point (all are cohort 100); at c8g.12xlarge's memory floor (smallest feasible N=16)	yes
R+t_input	c8g	100	time	c8g.12xlarge	64	6	270.9	0.092193	64-64	1.00	extrapolated	S/N = 18.58 outside the fitted 37.16-1189; W/(N*c) = 0.3644 outside the fitted 0.7289-11.66; N outside the family's measured N 16-32; c8g.12xlarge measured only at N=16,32; at the grid edge (N=64): T keeps falling, no interior optimum	yes
R+t_input	c8g	100	cost	c8g.12xlarge	16	1	284.8	0.024231	16-16	1.00	within data	at c8g.12xlarge's memory floor (smallest feasible N=16)	yes
R+t_input	c8g	1000	time	c8g.12xlarge	64	6	284.4	0.009679	64-64	1.00	extrapolated	S/N = 18.58 outside the fitted 37.16-1189; w_max = 2.728e+07 outside the fitted 2.077e+07-2.077e+07; cohort 1000: no end-to-end point (all are cohort 100); N outside the family's measured N 16-32; c8g.12xlarge measured only at N=16,32; at the grid edge (N=64): T keeps falling, no interior optimum	yes
R+t_input	c8g	1000	cost	c8g.12xlarge	16	1	372.8	0.003171	16-16	1.00	extrapolated	W/(N*c) = 14.4 outside the fitted 0.7289-11.66; w_max = 2.728e+07 outside the fitted 2.077e+07-2.077e+07; cohort 1000: no end-to-end point (all are cohort 100); at c8g.12xlarge's memory floor (smallest feasible N=16)	yes
R+t_input	c9g	1	time	c9g.12xlarge	64	6	265.4	9.843274	64-64	1.00	extrapolated	S/N = 18.58 outside the fitted 37.16-1189; W/(N*c) = 0.003429 outside the fitted 0.7289-11.66; w_max = 1.053e+07 outside the fitted 2.077e+07-2.077e+07; cohort 1: no end-to-end point (all are cohort 100); N outside the family's measured N 16-16; c9g.12xlarge measured only at N=16; at the grid edge (N=64): T keeps falling, no interior optimum	yes
R+t_input	c9g	1	cost	c9g.12xlarge	16	1	279.3	2.589721	16-16	1.00	extrapolated	W/(N*c) = 0.01371 outside the fitted 0.7289-11.66; w_max = 1.053e+07 outside the fitted 2.077e+07-2.077e+07; cohort 1: no end-to-end point (all are cohort 100); at c9g.12xlarge's memory floor (smallest feasible N=16)	yes
R+t_input	c9g	10	time	c9g.12xlarge	64	6	269.9	1.001155	64-64	1.00	extrapolated	S/N = 18.58 outside the fitted 37.16-1189; W/(N*c) = 0.03587 outside the fitted 0.7289-11.66; w_max = 1.888e+07 outside the fitted 2.077e+07-2.077e+07; cohort 10: no end-to-end point (all are cohort 100); N outside the family's measured N 16-16; c9g.12xlarge measured only at N=16; at the grid edge (N=64): T keeps falling, no interior optimum	yes
R+t_input	c9g	10	cost	c9g.12xlarge	16	1	283.8	0.263179	16-16	1.00	extrapolated	W/(N*c) = 0.1435 outside the fitted 0.7289-11.66; w_max = 1.888e+07 outside the fitted 2.077e+07-2.077e+07; cohort 10: no end-to-end point (all are cohort 100); at c9g.12xlarge's memory floor (smallest feasible N=16)	yes
R+t_input	c9g	100	time	c9g.12xlarge	64	6	270.9	0.100497	64-64	1.00	extrapolated	S/N = 18.58 outside the fitted 37.16-1189; W/(N*c) = 0.3644 outside the fitted 0.7289-11.66; N outside the family's measured N 16-16; c9g.12xlarge measured only at N=16; at the grid edge (N=64): T keeps falling, no interior optimum	yes
R+t_input	c9g	100	cost	c9g.12xlarge	16	1	284.8	0.026413	16-16	1.00	within data	at c9g.12xlarge's memory floor (smallest feasible N=16)	yes
R+t_input	c9g	1000	time	c9g.12xlarge	64	6	284.4	0.010551	64-64	1.00	extrapolated	S/N = 18.58 outside the fitted 37.16-1189; w_max = 2.728e+07 outside the fitted 2.077e+07-2.077e+07; cohort 1000: no end-to-end point (all are cohort 100); N outside the family's measured N 16-16; c9g.12xlarge measured only at N=16; at the grid edge (N=64): T keeps falling, no interior optimum	yes
R+t_input	c9g	1000	cost	c9g.12xlarge	16	1	372.8	0.003457	16-16	1.00	extrapolated	W/(N*c) = 14.4 outside the fitted 0.7289-11.66; w_max = 2.728e+07 outside the fitted 2.077e+07-2.077e+07; cohort 1000: no end-to-end point (all are cohort 100); at c9g.12xlarge's memory floor (smallest feasible N=16)	yes
R+t_input	r8g	1	time	r8g.4xlarge	64	2	265.4	4.446597	64-64	1.00	extrapolated	S/N = 18.58 outside the fitted 37.16-1189; W/(N*c) = 0.01029 outside the fitted 0.7289-11.66; w_max = 1.053e+07 outside the fitted 2.077e+07-2.077e+07; cohort 1: no end-to-end point (all are cohort 100); N outside the family's measured N 16-16; r8g.4xlarge measured only at N=16; at the grid edge (N=64): T keeps falling, no interior optimum	yes
R+t_input	r8g	1	cost	r8g.4xlarge	12	2	285.4	0.896820	12-12	1.00	extrapolated	W/(N*c) = 0.05486 outside the fitted 0.7289-11.66; w_max = 1.053e+07 outside the fitted 2.077e+07-2.077e+07; cohort 1: no end-to-end point (all are cohort 100); N outside the family's measured N 16-16; r8g.4xlarge measured only at N=16; at r8g.4xlarge's memory floor (smallest feasible N=12)	yes
R+t_input	r8g	10	time	r8g.4xlarge	64	2	269.9	0.452262	64-64	1.00	extrapolated	S/N = 18.58 outside the fitted 37.16-1189; W/(N*c) = 0.1076 outside the fitted 0.7289-11.66; w_max = 1.888e+07 outside the fitted 2.077e+07-2.077e+07; cohort 10: no end-to-end point (all are cohort 100); N outside the family's measured N 16-16; r8g.4xlarge measured only at N=16; at the grid edge (N=64): T keeps falling, no interior optimum	yes
R+t_input	r8g	10	cost	r8g.4xlarge	12	2	290.0	0.091107	12-12	1.00	extrapolated	W/(N*c) = 0.5739 outside the fitted 0.7289-11.66; w_max = 1.888e+07 outside the fitted 2.077e+07-2.077e+07; cohort 10: no end-to-end point (all are cohort 100); N outside the family's measured N 16-16; r8g.4xlarge measured only at N=16; at r8g.4xlarge's memory floor (smallest feasible N=12)	yes
R+t_input	r8g	100	time	r8g.4xlarge	64	2	270.9	0.045398	64-64	1.00	extrapolated	S/N = 18.58 outside the fitted 37.16-1189; N outside the family's measured N 16-16; r8g.4xlarge measured only at N=16; at the grid edge (N=64): T keeps falling, no interior optimum	yes
R+t_input	r8g	100	cost	r8g.4xlarge	12	2	319.9	0.010051	12-12	1.00	within data	N outside the family's measured N 16-16; r8g.4xlarge measured only at N=16; at r8g.4xlarge's memory floor (smallest feasible N=12)	yes
R+t_input	r8g	1000	time	r8g.4xlarge	64	2	334.1	0.005598	64-64	1.00	extrapolated	S/N = 18.58 outside the fitted 37.16-1189; w_max = 2.728e+07 outside the fitted 2.077e+07-2.077e+07; cohort 1000: no end-to-end point (all are cohort 100); N outside the family's measured N 16-16; r8g.4xlarge measured only at N=16; at the grid edge (N=64): T keeps falling, no interior optimum	yes
R+t_input	r8g	1000	cost	r8g.4xlarge	12	2	676.7	0.002126	12-12	1.00	extrapolated	W/(N*c) = 57.59 outside the fitted 0.7289-11.66; w_max = 2.728e+07 outside the fitted 2.077e+07-2.077e+07; cohort 1000: no end-to-end point (all are cohort 100); N outside the family's measured N 16-16; r8g.4xlarge measured only at N=16; at r8g.4xlarge's memory floor (smallest feasible N=12)	yes
R+t_input	x8g	1	time	x8g.12xlarge	64	6	265.4	22.122601	64-64	1.00	extrapolated	S/N = 18.58 outside the fitted 37.16-1189; W/(N*c) = 0.003429 outside the fitted 0.7289-11.66; w_max = 1.053e+07 outside the fitted 2.077e+07-2.077e+07; cohort 1: no end-to-end point (all are cohort 100); N outside the family's measured N 1-16; x8g.12xlarge measured only at N=2; at the grid edge (N=64): T keeps falling, no interior optimum	yes
R+t_input	x8g	1	cost	x8g.2xlarge	12	1	285.4	0.743639	12-12	1.00	extrapolated	W/(N*c) = 0.1097 outside the fitted 0.7289-11.66; w_max = 1.053e+07 outside the fitted 2.077e+07-2.077e+07; cohort 1: no end-to-end point (all are cohort 100); x8g.2xlarge measured only at N=16; at x8g.2xlarge's memory floor (smallest feasible N=12)	yes
R+t_input	x8g	10	time	x8g.12xlarge	64	6	269.9	2.250080	64-64	1.00	extrapolated	S/N = 18.58 outside the fitted 37.16-1189; W/(N*c) = 0.03587 outside the fitted 0.7289-11.66; w_max = 1.888e+07 outside the fitted 2.077e+07-2.077e+07; cohort 10: no end-to-end point (all are cohort 100); N outside the family's measured N 1-16; x8g.12xlarge measured only at N=2; at the grid edge (N=64): T keeps falling, no interior optimum	yes
R+t_input	x8g	10	cost	x8g.2xlarge	12	1	290.0	0.075546	12-12	1.00	extrapolated	w_max = 1.888e+07 outside the fitted 2.077e+07-2.077e+07; cohort 10: no end-to-end point (all are cohort 100); x8g.2xlarge measured only at N=16; at x8g.2xlarge's memory floor (smallest feasible N=12)	yes
R+t_input	x8g	100	time	x8g.12xlarge	64	6	270.9	0.225865	64-64	1.00	extrapolated	S/N = 18.58 outside the fitted 37.16-1189; W/(N*c) = 0.3644 outside the fitted 0.7289-11.66; N outside the family's measured N 1-16; x8g.12xlarge measured only at N=2; at the grid edge (N=64): T keeps falling, no interior optimum	yes
R+t_input	x8g	100	cost	x8g.2xlarge	12	1	360.1	0.009382	12-12	1.00	within data	x8g.2xlarge measured only at N=16; at x8g.2xlarge's memory floor (smallest feasible N=12)	yes
R+t_input	x8g	1000	time	x8g.24xlarge	64	12	274.5	0.045763	64-64	0.82	extrapolated	S/N = 18.58 outside the fitted 37.16-1189; w_max = 2.728e+07 outside the fitted 2.077e+07-2.077e+07; cohort 1000: no end-to-end point (all are cohort 100); N outside the family's measured N 1-16; x8g.24xlarge measured only at N=1; at the grid edge (N=64): T keeps falling, no interior optimum	yes
R+t_input	x8g	1000	cost	x8g.2xlarge	12	1	1073.6	0.002797	12-12	1.00	extrapolated	W/(N*c) = 115.2 outside the fitted 0.7289-11.66; w_max = 2.728e+07 outside the fitted 2.077e+07-2.077e+07; cohort 1000: no end-to-end point (all are cohort 100); x8g.2xlarge measured only at N=16; at x8g.2xlarge's memory floor (smallest feasible N=12)	yes
R+t_emit	c8g	1	time	c8g.12xlarge	64	6	253.4	8.623806	64-64	1.00	extrapolated	S/N = 18.58 outside the fitted 37.16-1189; W/(N*c) = 0.003429 outside the fitted 0.7289-11.66; cohort 1: no end-to-end point (all are cohort 100); N outside the family's measured N 16-32; c8g.12xlarge measured only at N=16,32; at the grid edge (N=64): T keeps falling, no interior optimum	yes
R+t_emit	c8g	1	cost	c8g.12xlarge	16	1	267.1	2.272131	16-16	1.00	extrapolated	W/(N*c) = 0.01371 outside the fitted 0.7289-11.66; cohort 1: no end-to-end point (all are cohort 100); at c8g.12xlarge's memory floor (smallest feasible N=16)	yes
R+t_emit	c8g	10	time	c8g.12xlarge	64	6	253.6	0.863066	64-64	1.00	extrapolated	S/N = 18.58 outside the fitted 37.16-1189; W/(N*c) = 0.03587 outside the fitted 0.7289-11.66; cohort 10: no end-to-end point (all are cohort 100); N outside the family's measured N 16-32; c8g.12xlarge measured only at N=16,32; at the grid edge (N=64): T keeps falling, no interior optimum	yes
R+t_emit	c8g	10	cost	c8g.12xlarge	16	1	267.9	0.227899	16-16	1.00	extrapolated	W/(N*c) = 0.1435 outside the fitted 0.7289-11.66; cohort 10: no end-to-end point (all are cohort 100); at c8g.12xlarge's memory floor (smallest feasible N=16)	yes
R+t_emit	c8g	100	time	c8g.12xlarge	64	6	255.7	0.087001	16-64	1.00	extrapolated	S/N = 18.58 outside the fitted 37.16-1189; W/(N*c) = 0.3644 outside the fitted 0.7289-11.66; N outside the family's measured N 16-32; c8g.12xlarge measured only at N=16,32; at the grid edge (N=64): T keeps falling, no interior optimum	yes
R+t_emit	c8g	100	cost	c8g.12xlarge	16	1	290.4	0.024708	16-18	1.00	within data	at c8g.12xlarge's memory floor (smallest feasible N=16)	yes
R+t_emit	c8g	1000	time	c8g.12xlarge	64	6	280.5	0.009547	16-64	1.00	extrapolated	S/N = 18.58 outside the fitted 37.16-1189; cohort 1000: no end-to-end point (all are cohort 100); N outside the family's measured N 16-32; c8g.12xlarge measured only at N=16,32; at the grid edge (N=64): T keeps falling, no interior optimum	yes
R+t_emit	c8g	1000	cost	c8g.12xlarge	19	3	380.2	0.003841	16-24	1.00	extrapolated	W/(N*c) = 12.12 outside the fitted 0.7289-11.66; n_lane = 18 outside the fitted 1-9; cohort 1000: no end-to-end point (all are cohort 100); c8g.12xlarge measured only at N=16,32	yes
R+t_emit	c9g	1	time	c9g.12xlarge	64	6	253.4	9.400498	64-64	1.00	extrapolated	S/N = 18.58 outside the fitted 37.16-1189; W/(N*c) = 0.003429 outside the fitted 0.7289-11.66; cohort 1: no end-to-end point (all are cohort 100); N outside the family's measured N 16-16; c9g.12xlarge measured only at N=16; at the grid edge (N=64): T keeps falling, no interior optimum	yes
R+t_emit	c9g	1	cost	c9g.12xlarge	16	1	267.1	2.476768	16-16	1.00	extrapolated	W/(N*c) = 0.01371 outside the fitted 0.7289-11.66; cohort 1: no end-to-end point (all are cohort 100); at c9g.12xlarge's memory floor (smallest feasible N=16)	yes
R+t_emit	c9g	10	time	c9g.12xlarge	64	6	253.6	0.940797	64-64	1.00	extrapolated	S/N = 18.58 outside the fitted 37.16-1189; W/(N*c) = 0.03587 outside the fitted 0.7289-11.66; cohort 10: no end-to-end point (all are cohort 100); N outside the family's measured N 16-16; c9g.12xlarge measured only at N=16; at the grid edge (N=64): T keeps falling, no interior optimum	yes
R+t_emit	c9g	10	cost	c9g.12xlarge	16	1	267.9	0.248424	16-16	1.00	extrapolated	W/(N*c) = 0.1435 outside the fitted 0.7289-11.66; cohort 10: no end-to-end point (all are cohort 100); at c9g.12xlarge's memory floor (smallest feasible N=16)	yes
R+t_emit	c9g	100	time	c9g.12xlarge	64	6	255.7	0.094836	16-64	1.00	extrapolated	S/N = 18.58 outside the fitted 37.16-1189; W/(N*c) = 0.3644 outside the fitted 0.7289-11.66; N outside the family's measured N 16-16; c9g.12xlarge measured only at N=16; at the grid edge (N=64): T keeps falling, no interior optimum	yes
R+t_emit	c9g	100	cost	c9g.12xlarge	16	1	290.4	0.026933	16-18	1.00	within data	at c9g.12xlarge's memory floor (smallest feasible N=16)	yes
R+t_emit	c9g	1000	time	c9g.12xlarge	64	6	280.5	0.010407	16-64	1.00	extrapolated	S/N = 18.58 outside the fitted 37.16-1189; cohort 1000: no end-to-end point (all are cohort 100); N outside the family's measured N 16-16; c9g.12xlarge measured only at N=16; at the grid edge (N=64): T keeps falling, no interior optimum	yes
R+t_emit	c9g	1000	cost	c9g.12xlarge	19	3	380.2	0.004187	16-24	1.00	extrapolated	W/(N*c) = 12.12 outside the fitted 0.7289-11.66; n_lane = 18 outside the fitted 1-9; cohort 1000: no end-to-end point (all are cohort 100); N outside the family's measured N 16-16; c9g.12xlarge measured only at N=16	yes
R+t_emit	r8g	1	time	r8g.4xlarge	64	2	253.5	4.247292	64-64	1.00	extrapolated	S/N = 18.58 outside the fitted 37.16-1189; W/(N*c) = 0.01029 outside the fitted 0.7289-11.66; cohort 1: no end-to-end point (all are cohort 100); N outside the family's measured N 16-16; r8g.4xlarge measured only at N=16; at the grid edge (N=64): T keeps falling, no interior optimum	yes
R+t_emit	r8g	1	cost	r8g.4xlarge	12	2	273.4	0.858924	12-12	1.00	extrapolated	W/(N*c) = 0.05486 outside the fitted 0.7289-11.66; cohort 1: no end-to-end point (all are cohort 100); N outside the family's measured N 16-16; r8g.4xlarge measured only at N=16; at r8g.4xlarge's memory floor (smallest feasible N=12)	yes
R+t_emit	r8g	10	time	r8g.4xlarge	64	2	254.1	0.425742	64-64	1.00	extrapolated	S/N = 18.58 outside the fitted 37.16-1189; W/(N*c) = 0.1076 outside the fitted 0.7289-11.66; cohort 10: no end-to-end point (all are cohort 100); N outside the family's measured N 16-16; r8g.4xlarge measured only at N=16; at the grid edge (N=64): T keeps falling, no interior optimum	yes
R+t_emit	r8g	10	cost	r8g.4xlarge	12	2	276.6	0.086905	12-12	1.00	extrapolated	W/(N*c) = 0.5739 outside the fitted 0.7289-11.66; cohort 10: no end-to-end point (all are cohort 100); N outside the family's measured N 16-16; r8g.4xlarge measured only at N=16; at r8g.4xlarge's memory floor (smallest feasible N=12)	yes
R+t_emit	r8g	100	time	r8g.4xlarge	64	2	260.2	0.043600	49-64	1.00	extrapolated	S/N = 18.58 outside the fitted 37.16-1189; N outside the family's measured N 16-16; r8g.4xlarge measured only at N=16; at the grid edge (N=64): T keeps falling, no interior optimum	yes
R+t_emit	r8g	100	cost	r8g.4xlarge	12	2	318.8	0.010017	12-12	1.00	within data	N outside the family's measured N 16-16; r8g.4xlarge measured only at N=16; at r8g.4xlarge's memory floor (smallest feasible N=12)	yes
R+t_emit	r8g	1000	time	r8g.4xlarge	64	2	337.2	0.005651	62-64	1.00	extrapolated	S/N = 18.58 outside the fitted 37.16-1189; cohort 1000: no end-to-end point (all are cohort 100); N outside the family's measured N 16-16; r8g.4xlarge measured only at N=16; at the grid edge (N=64): T keeps falling, no interior optimum	yes
R+t_emit	r8g	1000	cost	r8g.4xlarge	12	2	728.9	0.002290	12-12	1.00	extrapolated	W/(N*c) = 57.59 outside the fitted 0.7289-11.66; n_lane = 42 outside the fitted 1-9; cohort 1000: no end-to-end point (all are cohort 100); N outside the family's measured N 16-16; r8g.4xlarge measured only at N=16; at r8g.4xlarge's memory floor (smallest feasible N=12)	yes
R+t_emit	x8g	1	time	x8g.24xlarge	64	12	253.4	42.253164	64-64	0.94	extrapolated	S/N = 18.58 outside the fitted 37.16-1189; W/(N*c) = 0.001714 outside the fitted 0.7289-11.66; cohort 1: no end-to-end point (all are cohort 100); N outside the family's measured N 1-16; x8g.24xlarge measured only at N=1; at the grid edge (N=64): T keeps falling, no interior optimum	yes
R+t_emit	x8g	1	cost	x8g.2xlarge	12	1	273.7	0.713104	12-12	1.00	extrapolated	W/(N*c) = 0.1097 outside the fitted 0.7289-11.66; cohort 1: no end-to-end point (all are cohort 100); x8g.2xlarge measured only at N=16; at x8g.2xlarge's memory floor (smallest feasible N=12)	yes
R+t_emit	x8g	10	time	x8g.24xlarge	64	12	253.5	4.226996	64-64	0.94	extrapolated	S/N = 18.58 outside the fitted 37.16-1189; W/(N*c) = 0.01793 outside the fitted 0.7289-11.66; cohort 10: no end-to-end point (all are cohort 100); N outside the family's measured N 1-16; x8g.24xlarge measured only at N=1; at the grid edge (N=64): T keeps falling, no interior optimum	yes
R+t_emit	x8g	10	cost	x8g.2xlarge	12	1	280.2	0.072989	12-12	1.00	extrapolated	cohort 10: no end-to-end point (all are cohort 100); x8g.2xlarge measured only at N=16; at x8g.2xlarge's memory floor (smallest feasible N=12)	yes
R+t_emit	x8g	100	time	x8g.24xlarge	64	12	254.5	0.424400	64-64	0.91	extrapolated	S/N = 18.58 outside the fitted 37.16-1189; W/(N*c) = 0.1822 outside the fitted 0.7289-11.66; N outside the family's measured N 1-16; x8g.24xlarge measured only at N=1; at the grid edge (N=64): T keeps falling, no interior optimum	yes
R+t_emit	x8g	100	cost	x8g.2xlarge	12	1	364.6	0.009499	12-12	1.00	within data	x8g.2xlarge measured only at N=16; at x8g.2xlarge's memory floor (smallest feasible N=12)	yes
R+t_emit	x8g	1000	time	x8g.24xlarge	64	12	267.0	0.044514	64-64	0.94	extrapolated	S/N = 18.58 outside the fitted 37.16-1189; cohort 1000: no end-to-end point (all are cohort 100); N outside the family's measured N 1-16; x8g.24xlarge measured only at N=1; at the grid edge (N=64): T keeps falling, no interior optimum	yes
R+t_emit	x8g	1000	cost	x8g.2xlarge	12	1	1187.1	0.003093	12-12	1.00	extrapolated	W/(N*c) = 115.2 outside the fitted 0.7289-11.66; n_lane = 84 outside the fitted 1-9; cohort 1000: no end-to-end point (all are cohort 100); x8g.2xlarge measured only at N=16; at x8g.2xlarge's memory floor (smallest feasible N=12)	yes
R+t_net	c8g	1	time	c8g.12xlarge	64	6	261.6	8.902421	64-64	1.00	extrapolated	S/N = 18.58 outside the fitted 37.16-1189; W/(N*c) = 0.003429 outside the fitted 0.7289-11.66; cohort 1: no end-to-end point (all are cohort 100); N outside the family's measured N 16-32; c8g.12xlarge measured only at N=16,32; at the grid edge (N=64): T keeps falling, no interior optimum	yes
R+t_net	c8g	1	cost	c8g.12xlarge	16	1	275.1	2.340610	16-16	1.00	extrapolated	W/(N*c) = 0.01371 outside the fitted 0.7289-11.66; cohort 1: no end-to-end point (all are cohort 100); at c8g.12xlarge's memory floor (smallest feasible N=16)	yes
R+t_net	c8g	10	time	c8g.12xlarge	64	6	261.8	0.890937	64-64	1.00	extrapolated	S/N = 18.58 outside the fitted 37.16-1189; W/(N*c) = 0.03587 outside the fitted 0.7289-11.66; cohort 10: no end-to-end point (all are cohort 100); N outside the family's measured N 16-32; c8g.12xlarge measured only at N=16,32; at the grid edge (N=64): T keeps falling, no interior optimum	yes
R+t_net	c8g	10	cost	c8g.12xlarge	16	1	275.9	0.234763	16-16	1.00	extrapolated	W/(N*c) = 0.1435 outside the fitted 0.7289-11.66; cohort 10: no end-to-end point (all are cohort 100); at c8g.12xlarge's memory floor (smallest feasible N=16)	yes
R+t_net	c8g	100	time	c8g.12xlarge	64	6	263.9	0.089797	64-64	1.00	extrapolated	S/N = 18.58 outside the fitted 37.16-1189; W/(N*c) = 0.3644 outside the fitted 0.7289-11.66; N outside the family's measured N 16-32; c8g.12xlarge measured only at N=16,32; at the grid edge (N=64): T keeps falling, no interior optimum	yes
R+t_net	c8g	100	cost	c8g.12xlarge	16	1	284.3	0.024187	16-16	1.00	within data	at c8g.12xlarge's memory floor (smallest feasible N=16)	yes
R+t_net	c8g	1000	time	c8g.12xlarge	64	6	284.2	0.009672	64-64	1.00	extrapolated	S/N = 18.58 outside the fitted 37.16-1189; cohort 1000: no end-to-end point (all are cohort 100); N outside the family's measured N 16-32; c8g.12xlarge measured only at N=16,32; at the grid edge (N=64): T keeps falling, no interior optimum	yes
R+t_net	c8g	1000	cost	c8g.12xlarge	16	1	366.6	0.003118	16-16	1.00	extrapolated	W/(N*c) = 14.4 outside the fitted 0.7289-11.66; x_net = 109.6 outside the fitted 0-53.28; cohort 1000: no end-to-end point (all are cohort 100); at c8g.12xlarge's memory floor (smallest feasible N=16)	yes
R+t_net	c9g	1	time	c9g.12xlarge	64	6	261.6	9.704223	64-64	1.00	extrapolated	S/N = 18.58 outside the fitted 37.16-1189; W/(N*c) = 0.003429 outside the fitted 0.7289-11.66; cohort 1: no end-to-end point (all are cohort 100); N outside the family's measured N 16-16; c9g.12xlarge measured only at N=16; at the grid edge (N=64): T keeps falling, no interior optimum	yes
R+t_net	c9g	1	cost	c9g.12xlarge	16	1	275.1	2.551430	16-16	1.00	extrapolated	W/(N*c) = 0.01371 outside the fitted 0.7289-11.66; cohort 1: no end-to-end point (all are cohort 100); at c9g.12xlarge's memory floor (smallest feasible N=16)	yes
R+t_net	c9g	10	time	c9g.12xlarge	64	6	261.8	0.971196	64-64	1.00	extrapolated	S/N = 18.58 outside the fitted 37.16-1189; W/(N*c) = 0.03587 outside the fitted 0.7289-11.66; cohort 10: no end-to-end point (all are cohort 100); N outside the family's measured N 16-16; c9g.12xlarge measured only at N=16; at the grid edge (N=64): T keeps falling, no interior optimum	yes
R+t_net	c9g	10	cost	c9g.12xlarge	16	1	276.0	0.255923	16-16	1.00	extrapolated	W/(N*c) = 0.1435 outside the fitted 0.7289-11.66; cohort 10: no end-to-end point (all are cohort 100); at c9g.12xlarge's memory floor (smallest feasible N=16)	yes
R+t_net	c9g	100	time	c9g.12xlarge	64	6	263.9	0.097903	64-64	1.00	extrapolated	S/N = 18.58 outside the fitted 37.16-1189; W/(N*c) = 0.3644 outside the fitted 0.7289-11.66; N outside the family's measured N 16-16; c9g.12xlarge measured only at N=16; at the grid edge (N=64): T keeps falling, no interior optimum	yes
R+t_net	c9g	100	cost	c9g.12xlarge	16	1	284.5	0.026383	16-16	1.00	within data	at c9g.12xlarge's memory floor (smallest feasible N=16)	yes
R+t_net	c9g	1000	time	c9g.12xlarge	64	6	284.7	0.010561	64-64	1.00	extrapolated	S/N = 18.58 outside the fitted 37.16-1189; cohort 1000: no end-to-end point (all are cohort 100); N outside the family's measured N 16-16; c9g.12xlarge measured only at N=16; at the grid edge (N=64): T keeps falling, no interior optimum	yes
R+t_net	c9g	1000	cost	c9g.12xlarge	16	1	368.4	0.003416	16-16	1.00	extrapolated	W/(N*c) = 14.4 outside the fitted 0.7289-11.66; x_net = 98.66 outside the fitted 0-53.28; cohort 1000: no end-to-end point (all are cohort 100); at c9g.12xlarge's memory floor (smallest feasible N=16)	yes
R+t_net	r8g	1	time	r8g.4xlarge	64	2	261.7	4.384613	64-64	1.00	extrapolated	S/N = 18.58 outside the fitted 37.16-1189; W/(N*c) = 0.01029 outside the fitted 0.7289-11.66; cohort 1: no end-to-end point (all are cohort 100); N outside the family's measured N 16-16; r8g.4xlarge measured only at N=16; at the grid edge (N=64): T keeps falling, no interior optimum	yes
R+t_net	r8g	1	cost	r8g.4xlarge	12	2	281.4	0.884151	12-12	1.00	extrapolated	W/(N*c) = 0.05486 outside the fitted 0.7289-11.66; cohort 1: no end-to-end point (all are cohort 100); N outside the family's measured N 16-16; r8g.4xlarge measured only at N=16; at r8g.4xlarge's memory floor (smallest feasible N=12)	yes
R+t_net	r8g	10	time	r8g.4xlarge	64	2	262.3	0.439597	64-64	1.00	extrapolated	S/N = 18.58 outside the fitted 37.16-1189; W/(N*c) = 0.1076 outside the fitted 0.7289-11.66; cohort 10: no end-to-end point (all are cohort 100); N outside the family's measured N 16-16; r8g.4xlarge measured only at N=16; at the grid edge (N=64): T keeps falling, no interior optimum	yes
R+t_net	r8g	10	cost	r8g.4xlarge	12	2	285.0	0.089558	12-12	1.00	extrapolated	W/(N*c) = 0.5739 outside the fitted 0.7289-11.66; cohort 10: no end-to-end point (all are cohort 100); N outside the family's measured N 16-16; r8g.4xlarge measured only at N=16; at r8g.4xlarge's memory floor (smallest feasible N=12)	yes
R+t_net	r8g	100	time	r8g.4xlarge	64	2	269.2	0.045110	64-64	1.00	extrapolated	S/N = 18.58 outside the fitted 37.16-1189; N outside the family's measured N 16-16; r8g.4xlarge measured only at N=16; at the grid edge (N=64): T keeps falling, no interior optimum	yes
R+t_net	r8g	100	cost	r8g.4xlarge	12	2	321.9	0.010113	12-12	1.00	within data	N outside the family's measured N 16-16; r8g.4xlarge measured only at N=16; at r8g.4xlarge's memory floor (smallest feasible N=12)	yes
R+t_net	r8g	1000	time	r8g.4xlarge	64	2	336.8	0.005643	64-64	1.00	extrapolated	S/N = 18.58 outside the fitted 37.16-1189; cohort 1000: no end-to-end point (all are cohort 100); N outside the family's measured N 16-16; r8g.4xlarge measured only at N=16; at the grid edge (N=64): T keeps falling, no interior optimum	yes
R+t_net	r8g	1000	cost	r8g.4xlarge	12	2	684.6	0.002151	12-12	1.00	extrapolated	W/(N*c) = 57.59 outside the fitted 0.7289-11.66; x_net = 214.4 outside the fitted 0-53.28; cohort 1000: no end-to-end point (all are cohort 100); N outside the family's measured N 16-16; r8g.4xlarge measured only at N=16; at r8g.4xlarge's memory floor (smallest feasible N=12)	yes
R+t_net	x8g	1	time	x8g.24xlarge	64	12	261.6	43.618247	64-64	0.85	extrapolated	S/N = 18.58 outside the fitted 37.16-1189; W/(N*c) = 0.001714 outside the fitted 0.7289-11.66; cohort 1: no end-to-end point (all are cohort 100); N outside the family's measured N 1-16; x8g.24xlarge measured only at N=1; at the grid edge (N=64): T keeps falling, no interior optimum	yes
R+t_net	x8g	1	cost	x8g.2xlarge	12	1	281.8	0.734225	12-12	1.00	extrapolated	W/(N*c) = 0.1097 outside the fitted 0.7289-11.66; cohort 1: no end-to-end point (all are cohort 100); x8g.2xlarge measured only at N=16; at x8g.2xlarge's memory floor (smallest feasible N=12)	yes
R+t_net	x8g	10	time	x8g.24xlarge	64	12	261.7	4.363481	64-64	0.85	extrapolated	S/N = 18.58 outside the fitted 37.16-1189; W/(N*c) = 0.01793 outside the fitted 0.7289-11.66; cohort 10: no end-to-end point (all are cohort 100); N outside the family's measured N 1-16; x8g.24xlarge measured only at N=1; at the grid edge (N=64): T keeps falling, no interior optimum	yes
R+t_net	x8g	10	cost	x8g.2xlarge	12	1	289.4	0.075402	12-12	1.00	extrapolated	cohort 10: no end-to-end point (all are cohort 100); x8g.2xlarge measured only at N=16; at x8g.2xlarge's memory floor (smallest feasible N=12)	yes
R+t_net	x8g	100	time	x8g.24xlarge	64	12	262.7	0.438026	64-64	0.85	extrapolated	S/N = 18.58 outside the fitted 37.16-1189; W/(N*c) = 0.1822 outside the fitted 0.7289-11.66; N outside the family's measured N 1-16; x8g.24xlarge measured only at N=1; at the grid edge (N=64): T keeps falling, no interior optimum	yes
R+t_net	x8g	100	cost	x8g.2xlarge	12	1	366.4	0.009545	6-12	0.83	extrapolated	joint = leverage 1.28 of (S/N, W/(N*c), x_net) above the fitted maximum 0.955: outside the fitted joint range; x8g.2xlarge measured only at N=16; at x8g.2xlarge's memory floor (smallest feasible N=12)	yes
R+t_net	x8g	1000	time	x8g.24xlarge	64	12	272.6	0.045455	64-64	0.85	extrapolated	S/N = 18.58 outside the fitted 37.16-1189; cohort 1000: no end-to-end point (all are cohort 100); N outside the family's measured N 1-16; x8g.24xlarge measured only at N=1; at the grid edge (N=64): T keeps falling, no interior optimum	yes
R+t_net	x8g	1000	cost	x8g.4xlarge	6	2	1118.6	0.002914	3-12	0.04	extrapolated	W/(N*c) = 115.2 outside the fitted 0.7289-11.66; x_net = 389.8 outside the fitted 0-53.28; cohort 1000: no end-to-end point (all are cohort 100); x8g.4xlarge measured only at N=8; at x8g.4xlarge's memory floor (smallest feasible N=6)	yes
R+t_sync	c8g	1	time	c8g.12xlarge	16	1	266.9	2.270968	16-64	1.00	extrapolated	W/(N*c) = 0.01371 outside the fitted 0.7289-11.66; cohort 1: no end-to-end point (all are cohort 100)	yes
R+t_sync	c8g	1	cost	c8g.12xlarge	16	1	266.9	2.270968	16-16	1.00	extrapolated	W/(N*c) = 0.01371 outside the fitted 0.7289-11.66; cohort 1: no end-to-end point (all are cohort 100); at c8g.12xlarge's memory floor (smallest feasible N=16)	yes
R+t_sync	c8g	10	time	c8g.12xlarge	17	1	268.1	0.242341	16-64	1.00	extrapolated	W/(N*c) = 0.135 outside the fitted 0.7289-11.66; cohort 10: no end-to-end point (all are cohort 100); c8g.12xlarge measured only at N=16,32	yes
R+t_sync	c8g	10	cost	c8g.12xlarge	16	1	268.1	0.228104	16-16	1.00	extrapolated	W/(N*c) = 0.1435 outside the fitted 0.7289-11.66; cohort 10: no end-to-end point (all are cohort 100); at c8g.12xlarge's memory floor (smallest feasible N=16)	yes
R+t_sync	c8g	100	time	c8g.12xlarge	26	5	277.3	0.038337	16-64	1.00	within data	c8g.12xlarge measured only at N=16,32	yes
R+t_sync	c8g	100	cost	c8g.12xlarge	16	1	280.1	0.023831	16-16	1.00	within data	at c8g.12xlarge's memory floor (smallest feasible N=16)	yes
R+t_sync	c8g	1000	time	c8g.12xlarge	64	6	313.8	0.010677	51-64	1.00	extrapolated	S/N = 18.58 outside the fitted 37.16-1189; log2 N = 6 outside the fitted 0-5; cohort 1000: no end-to-end point (all are cohort 100); N outside the family's measured N 16-32; c8g.12xlarge measured only at N=16,32; at the grid edge (N=64): T keeps falling, no interior optimum	yes
R+t_sync	c8g	1000	cost	c8g.12xlarge	16	1	398.2	0.003387	16-16	1.00	extrapolated	W/(N*c) = 14.4 outside the fitted 0.7289-11.66; cohort 1000: no end-to-end point (all are cohort 100); at c8g.12xlarge's memory floor (smallest feasible N=16)	yes
R+t_sync	c9g	1	time	c9g.12xlarge	16	1	266.9	2.475500	16-64	1.00	extrapolated	W/(N*c) = 0.01371 outside the fitted 0.7289-11.66; cohort 1: no end-to-end point (all are cohort 100)	yes
R+t_sync	c9g	1	cost	c9g.12xlarge	16	1	266.9	2.475500	16-16	1.00	extrapolated	W/(N*c) = 0.01371 outside the fitted 0.7289-11.66; cohort 1: no end-to-end point (all are cohort 100); at c9g.12xlarge's memory floor (smallest feasible N=16)	yes
R+t_sync	c9g	10	time	c9g.12xlarge	17	1	268.1	0.264168	16-64	1.00	extrapolated	W/(N*c) = 0.135 outside the fitted 0.7289-11.66; cohort 10: no end-to-end point (all are cohort 100); N outside the family's measured N 16-16; c9g.12xlarge measured only at N=16	yes
R+t_sync	c9g	10	cost	c9g.12xlarge	16	1	268.1	0.248648	16-16	1.00	extrapolated	W/(N*c) = 0.1435 outside the fitted 0.7289-11.66; cohort 10: no end-to-end point (all are cohort 100); at c9g.12xlarge's memory floor (smallest feasible N=16)	yes
R+t_sync	c9g	100	time	c9g.12xlarge	26	5	277.3	0.041790	16-64	1.00	within data	N outside the family's measured N 16-16; c9g.12xlarge measured only at N=16	yes
R+t_sync	c9g	100	cost	c9g.12xlarge	16	1	280.1	0.025977	16-16	1.00	within data	at c9g.12xlarge's memory floor (smallest feasible N=16)	yes
R+t_sync	c9g	1000	time	c9g.12xlarge	64	6	313.8	0.011639	51-64	1.00	extrapolated	S/N = 18.58 outside the fitted 37.16-1189; log2 N = 6 outside the fitted 0-5; cohort 1000: no end-to-end point (all are cohort 100); N outside the family's measured N 16-16; c9g.12xlarge measured only at N=16; at the grid edge (N=64): T keeps falling, no interior optimum	yes
R+t_sync	c9g	1000	cost	c9g.12xlarge	16	1	398.2	0.003692	16-16	1.00	extrapolated	W/(N*c) = 14.4 outside the fitted 0.7289-11.66; cohort 1000: no end-to-end point (all are cohort 100); at c9g.12xlarge's memory floor (smallest feasible N=16)	yes
R+t_sync	r8g	1	time	r8g.4xlarge	16	2	267.2	1.119330	12-64	1.00	extrapolated	W/(N*c) = 0.04114 outside the fitted 0.7289-11.66; cohort 1: no end-to-end point (all are cohort 100)	yes
R+t_sync	r8g	1	cost	r8g.4xlarge	12	2	268.2	0.842728	12-12	1.00	extrapolated	W/(N*c) = 0.05486 outside the fitted 0.7289-11.66; cohort 1: no end-to-end point (all are cohort 100); N outside the family's measured N 16-16; r8g.4xlarge measured only at N=16; at r8g.4xlarge's memory floor (smallest feasible N=12)	yes
R+t_sync	r8g	10	time	r8g.4xlarge	19	2	270.5	0.134553	12-64	1.00	extrapolated	W/(N*c) = 0.3625 outside the fitted 0.7289-11.66; cohort 10: no end-to-end point (all are cohort 100); N outside the family's measured N 16-16; r8g.4xlarge measured only at N=16	yes
R+t_sync	r8g	10	cost	r8g.4xlarge	12	2	272.9	0.085761	12-12	1.00	extrapolated	W/(N*c) = 0.5739 outside the fitted 0.7289-11.66; cohort 10: no end-to-end point (all are cohort 100); N outside the family's measured N 16-16; r8g.4xlarge measured only at N=16; at r8g.4xlarge's memory floor (smallest feasible N=12)	yes
R+t_sync	r8g	100	time	r8g.4xlarge	45	2	289.7	0.034132	21-64	1.00	extrapolated	S/N = 26.42 outside the fitted 37.16-1189; log2 N = 5.492 outside the fitted 0-5; N outside the family's measured N 16-16; r8g.4xlarge measured only at N=16	yes
R+t_sync	r8g	100	cost	r8g.4xlarge	12	2	320.9	0.010083	12-12	1.00	within data	N outside the family's measured N 16-16; r8g.4xlarge measured only at N=16; at r8g.4xlarge's memory floor (smallest feasible N=12)	yes
R+t_sync	r8g	1000	time	r8g.4xlarge	64	2	379.4	0.006358	64-64	1.00	extrapolated	S/N = 18.58 outside the fitted 37.16-1189; log2 N = 6 outside the fitted 0-5; cohort 1000: no end-to-end point (all are cohort 100); N outside the family's measured N 16-16; r8g.4xlarge measured only at N=16; at the grid edge (N=64): T keeps falling, no interior optimum	yes
R+t_sync	r8g	1000	cost	r8g.4xlarge	12	2	793.1	0.002492	12-12	1.00	extrapolated	W/(N*c) = 57.59 outside the fitted 0.7289-11.66; cohort 1000: no end-to-end point (all are cohort 100); N outside the family's measured N 16-16; r8g.4xlarge measured only at N=16; at r8g.4xlarge's memory floor (smallest feasible N=12)	yes
R+t_sync	x8g	1	time	x8g.24xlarge	16	12	266.9	11.124687	7-64	0.96	extrapolated	W/(N*c) = 0.006857 outside the fitted 0.7289-11.66; cohort 1: no end-to-end point (all are cohort 100); x8g.24xlarge measured only at N=1	yes
R+t_sync	x8g	1	cost	x8g.2xlarge	12	1	268.7	0.700090	6-12	0.72	extrapolated	W/(N*c) = 0.1097 outside the fitted 0.7289-11.66; cohort 1: no end-to-end point (all are cohort 100); x8g.2xlarge measured only at N=16; at x8g.2xlarge's memory floor (smallest feasible N=12)	yes
R+t_sync	x8g	10	time	x8g.24xlarge	16	12	267.5	1.114936	7-64	0.96	extrapolated	W/(N*c) = 0.07174 outside the fitted 0.7289-11.66; cohort 10: no end-to-end point (all are cohort 100); x8g.24xlarge measured only at N=1	yes
R+t_sync	x8g	10	cost	x8g.2xlarge	12	1	278.2	0.072476	6-12	0.72	extrapolated	cohort 10: no end-to-end point (all are cohort 100); x8g.2xlarge measured only at N=16; at x8g.2xlarge's memory floor (smallest feasible N=12)	yes
R+t_sync	x8g	100	time	x8g.24xlarge	21	12	272.7	0.149190	9-64	0.96	extrapolated	W/(N*c) = 0.5553 outside the fitted 0.7289-11.66; N outside the family's measured N 1-16; x8g.24xlarge measured only at N=1	yes
R+t_sync	x8g	100	cost	x8g.2xlarge	12	1	374.1	0.009747	6-12	0.72	extrapolated	joint = leverage 1.13 of (S/N, W/(N*c), log2 N) above the fitted maximum 0.925: outside the fitted joint range; x8g.2xlarge measured only at N=16; at x8g.2xlarge's memory floor (smallest feasible N=12)	yes
R+t_sync	x8g	1000	time	x8g.24xlarge	64	12	297.3	0.049578	27-64	0.96	extrapolated	S/N = 18.58 outside the fitted 37.16-1189; log2 N = 6 outside the fitted 0-5; cohort 1000: no end-to-end point (all are cohort 100); N outside the family's measured N 1-16; x8g.24xlarge measured only at N=1; at the grid edge (N=64): T keeps falling, no interior optimum	yes
R+t_sync	x8g	1000	cost	x8g.2xlarge	12	1	1318.5	0.003435	6-12	0.72	extrapolated	W/(N*c) = 115.2 outside the fitted 0.7289-11.66; cohort 1000: no end-to-end point (all are cohort 100); x8g.2xlarge measured only at N=16; at x8g.2xlarge's memory floor (smallest feasible N=12)	yes
R+c_used	c8g	1	time	c8g.12xlarge	64	6	245.9	8.367522	64-64	1.00	extrapolated	S/N = 18.58 outside the fitted 37.16-1189; W/(N*c_used) = 0.003429 outside the fitted 0.7289-11.66; cohort 1: no end-to-end point (all are cohort 100); N outside the family's measured N 16-32; c8g.12xlarge measured only at N=16,32; at the grid edge (N=64): T keeps falling, no interior optimum	yes
R+c_used	c8g	1	cost	c8g.12xlarge	16	1	259.7	2.209742	16-16	1.00	extrapolated	W/(N*c_used) = 0.04114 outside the fitted 0.7289-11.66; cohort 1: no end-to-end point (all are cohort 100); at c8g.12xlarge's memory floor (smallest feasible N=16)	yes
R+c_used	c8g	10	time	c8g.12xlarge	64	6	246.2	0.837702	64-64	1.00	extrapolated	S/N = 18.58 outside the fitted 37.16-1189; W/(N*c_used) = 0.03587 outside the fitted 0.7289-11.66; cohort 10: no end-to-end point (all are cohort 100); N outside the family's measured N 16-32; c8g.12xlarge measured only at N=16,32; at the grid edge (N=64): T keeps falling, no interior optimum	yes
R+c_used	c8g	10	cost	c8g.12xlarge	16	1	263.1	0.223823	16-16	1.00	extrapolated	W/(N*c_used) = 0.4304 outside the fitted 0.7289-11.66; cohort 10: no end-to-end point (all are cohort 100); at c8g.12xlarge's memory floor (smallest feasible N=16)	yes
R+c_used	c8g	100	time	c8g.12xlarge	64	6	249.0	0.084732	64-64	1.00	extrapolated	S/N = 18.58 outside the fitted 37.16-1189; W/(N*c_used) = 0.3644 outside the fitted 0.7289-11.66; N outside the family's measured N 16-32; c8g.12xlarge measured only at N=16,32; at the grid edge (N=64): T keeps falling, no interior optimum	yes
R+c_used	c8g	100	cost	c8g.12xlarge	16	1	297.0	0.025268	16-18	1.00	within data	at c8g.12xlarge's memory floor (smallest feasible N=16)	yes
R+c_used	c8g	1000	time	c8g.12xlarge	64	6	276.8	0.009420	64-64	1.00	extrapolated	S/N = 18.58 outside the fitted 37.16-1189; cohort 1000: no end-to-end point (all are cohort 100); N outside the family's measured N 16-32; c8g.12xlarge measured only at N=16,32; at the grid edge (N=64): T keeps falling, no interior optimum	yes
R+c_used	c8g	1000	cost	c8g.12xlarge	19	3	360.8	0.003645	19-19	1.00	extrapolated	W/(N*c_used) = 12.12 outside the fitted 0.7289-11.66; cohort 1000: no end-to-end point (all are cohort 100); c8g.12xlarge measured only at N=16,32	yes
R+c_used	c9g	1	time	c9g.12xlarge	64	6	245.9	9.121132	64-64	1.00	extrapolated	S/N = 18.58 outside the fitted 37.16-1189; W/(N*c_used) = 0.003429 outside the fitted 0.7289-11.66; cohort 1: no end-to-end point (all are cohort 100); N outside the family's measured N 16-16; c9g.12xlarge measured only at N=16; at the grid edge (N=64): T keeps falling, no interior optimum	yes
R+c_used	c9g	1	cost	c9g.12xlarge	16	1	259.7	2.408759	16-16	1.00	extrapolated	W/(N*c_used) = 0.04114 outside the fitted 0.7289-11.66; cohort 1: no end-to-end point (all are cohort 100); at c9g.12xlarge's memory floor (smallest feasible N=16)	yes
R+c_used	c9g	10	time	c9g.12xlarge	64	6	246.2	0.913148	64-64	1.00	extrapolated	S/N = 18.58 outside the fitted 37.16-1189; W/(N*c_used) = 0.03587 outside the fitted 0.7289-11.66; cohort 10: no end-to-end point (all are cohort 100); N outside the family's measured N 16-16; c9g.12xlarge measured only at N=16; at the grid edge (N=64): T keeps falling, no interior optimum	yes
R+c_used	c9g	10	cost	c9g.12xlarge	16	1	263.1	0.243982	16-16	1.00	extrapolated	W/(N*c_used) = 0.4304 outside the fitted 0.7289-11.66; cohort 10: no end-to-end point (all are cohort 100); at c9g.12xlarge's memory floor (smallest feasible N=16)	yes
R+c_used	c9g	100	time	c9g.12xlarge	64	6	249.0	0.092363	64-64	1.00	extrapolated	S/N = 18.58 outside the fitted 37.16-1189; W/(N*c_used) = 0.3644 outside the fitted 0.7289-11.66; N outside the family's measured N 16-16; c9g.12xlarge measured only at N=16; at the grid edge (N=64): T keeps falling, no interior optimum	yes
R+c_used	c9g	100	cost	c9g.12xlarge	16	1	297.0	0.027544	16-18	1.00	within data	at c9g.12xlarge's memory floor (smallest feasible N=16)	yes
R+c_used	c9g	1000	time	c9g.12xlarge	64	6	276.8	0.010269	64-64	1.00	extrapolated	S/N = 18.58 outside the fitted 37.16-1189; cohort 1000: no end-to-end point (all are cohort 100); N outside the family's measured N 16-16; c9g.12xlarge measured only at N=16; at the grid edge (N=64): T keeps falling, no interior optimum	yes
R+c_used	c9g	1000	cost	c9g.12xlarge	19	3	360.8	0.003974	19-19	1.00	extrapolated	W/(N*c_used) = 12.12 outside the fitted 0.7289-11.66; cohort 1000: no end-to-end point (all are cohort 100); N outside the family's measured N 16-16; c9g.12xlarge measured only at N=16	yes
R+c_used	r8g	1	time	r8g.4xlarge	64	2	245.9	4.121366	64-64	1.00	extrapolated	S/N = 18.58 outside the fitted 37.16-1189; W/(N*c_used) = 0.01029 outside the fitted 0.7289-11.66; cohort 1: no end-to-end point (all are cohort 100); N outside the family's measured N 16-16; r8g.4xlarge measured only at N=16; at the grid edge (N=64): T keeps falling, no interior optimum	yes
R+c_used	r8g	1	cost	r8g.4xlarge	12	2	265.9	0.835363	12-12	1.00	extrapolated	W/(N*c_used) = 0.05486 outside the fitted 0.7289-11.66; cohort 1: no end-to-end point (all are cohort 100); N outside the family's measured N 16-16; r8g.4xlarge measured only at N=16; at r8g.4xlarge's memory floor (smallest feasible N=12)	yes
R+c_used	r8g	10	time	r8g.4xlarge	64	2	246.8	0.413540	64-64	1.00	extrapolated	S/N = 18.58 outside the fitted 37.16-1189; W/(N*c_used) = 0.1076 outside the fitted 0.7289-11.66; cohort 10: no end-to-end point (all are cohort 100); N outside the family's measured N 16-16; r8g.4xlarge measured only at N=16; at the grid edge (N=64): T keeps falling, no interior optimum	yes
R+c_used	r8g	10	cost	r8g.4xlarge	12	2	270.3	0.084939	12-12	1.00	extrapolated	W/(N*c_used) = 0.5739 outside the fitted 0.7289-11.66; cohort 10: no end-to-end point (all are cohort 100); N outside the family's measured N 16-16; r8g.4xlarge measured only at N=16; at r8g.4xlarge's memory floor (smallest feasible N=12)	yes
R+c_used	r8g	100	time	r8g.4xlarge	64	2	255.3	0.042775	64-64	1.00	extrapolated	S/N = 18.58 outside the fitted 37.16-1189; N outside the family's measured N 16-16; r8g.4xlarge measured only at N=16; at the grid edge (N=64): T keeps falling, no interior optimum	yes
R+c_used	r8g	100	cost	r8g.4xlarge	12	2	315.6	0.009915	12-12	1.00	within data	N outside the family's measured N 16-16; r8g.4xlarge measured only at N=16; at r8g.4xlarge's memory floor (smallest feasible N=12)	yes
R+c_used	r8g	1000	time	r8g.4xlarge	64	2	338.7	0.005677	64-64	1.00	extrapolated	S/N = 18.58 outside the fitted 37.16-1189; cohort 1000: no end-to-end point (all are cohort 100); N outside the family's measured N 16-16; r8g.4xlarge measured only at N=16; at the grid edge (N=64): T keeps falling, no interior optimum	yes
R+c_used	r8g	1000	cost	r8g.4xlarge	12	2	760.8	0.002391	12-12	1.00	extrapolated	W/(N*c_used) = 57.59 outside the fitted 0.7289-11.66; cohort 1000: no end-to-end point (all are cohort 100); N outside the family's measured N 16-16; r8g.4xlarge measured only at N=16; at r8g.4xlarge's memory floor (smallest feasible N=12)	yes
R+c_used	x8g	1	time	x8g.24xlarge	64	12	245.9	40.996736	64-64	0.96	extrapolated	S/N = 18.58 outside the fitted 37.16-1189; W/(N*c_used) = 0.001714 outside the fitted 0.7289-11.66; cohort 1: no end-to-end point (all are cohort 100); N outside the family's measured N 1-16; x8g.24xlarge measured only at N=1; at the grid edge (N=64): T keeps falling, no interior optimum	yes
R+c_used	x8g	1	cost	x8g.2xlarge	12	1	266.3	0.693909	12-12	1.00	extrapolated	W/(N*c_used) = 0.1097 outside the fitted 0.7289-11.66; cohort 1: no end-to-end point (all are cohort 100); x8g.2xlarge measured only at N=16; at x8g.2xlarge's memory floor (smallest feasible N=12)	yes
R+c_used	x8g	10	time	x8g.24xlarge	64	12	246.0	4.102000	64-64	0.96	extrapolated	S/N = 18.58 outside the fitted 37.16-1189; W/(N*c_used) = 0.01793 outside the fitted 0.7289-11.66; cohort 10: no end-to-end point (all are cohort 100); N outside the family's measured N 1-16; x8g.24xlarge measured only at N=1; at the grid edge (N=64): T keeps falling, no interior optimum	yes
R+c_used	x8g	10	cost	x8g.2xlarge	12	1	275.3	0.071718	12-12	1.00	extrapolated	cohort 10: no end-to-end point (all are cohort 100); x8g.2xlarge measured only at N=16; at x8g.2xlarge's memory floor (smallest feasible N=12)	yes
R+c_used	x8g	100	time	x8g.24xlarge	64	12	247.4	0.412557	64-64	0.96	extrapolated	S/N = 18.58 outside the fitted 37.16-1189; W/(N*c_used) = 0.1822 outside the fitted 0.7289-11.66; N outside the family's measured N 1-16; x8g.24xlarge measured only at N=1; at the grid edge (N=64): T keeps falling, no interior optimum	yes
R+c_used	x8g	100	cost	x8g.2xlarge	12	1	365.7	0.009528	12-12	1.00	within data	x8g.2xlarge measured only at N=16; at x8g.2xlarge's memory floor (smallest feasible N=12)	yes
R+c_used	x8g	1000	time	x8g.24xlarge	64	12	261.3	0.043576	64-64	0.96	extrapolated	S/N = 18.58 outside the fitted 37.16-1189; cohort 1000: no end-to-end point (all are cohort 100); N outside the family's measured N 1-16; x8g.24xlarge measured only at N=1; at the grid edge (N=64): T keeps falling, no interior optimum	yes
R+c_used	x8g	1000	cost	x8g.2xlarge	12	1	1256.3	0.003273	12-12	1.00	extrapolated	W/(N*c_used) = 115.2 outside the fitted 0.7289-11.66; cohort 1000: no end-to-end point (all are cohort 100); x8g.2xlarge measured only at N=16; at x8g.2xlarge's memory floor (smallest feasible N=12)	yes
R+B_nic	c8g	1	time	c8g.12xlarge	64	6	255.3	8.688520	64-64	1.00	extrapolated	S/(N*NIC) = 6.606 outside the fitted 13.21-237.8; W/(N*c) = 0.003429 outside the fitted 0.7289-11.66; cohort 1: no end-to-end point (all are cohort 100); N outside the family's measured N 16-32; c8g.12xlarge measured only at N=16,32; at the grid edge (N=64): T keeps falling, no interior optimum	yes
R+B_nic	c8g	1	cost	c8g.12xlarge	16	1	278.5	2.369619	16-16	1.00	extrapolated	W/(N*c) = 0.01371 outside the fitted 0.7289-11.66; cohort 1: no end-to-end point (all are cohort 100); at c8g.12xlarge's memory floor (smallest feasible N=16)	yes
R+B_nic	c8g	10	time	c8g.12xlarge	64	6	255.4	0.869122	64-64	1.00	extrapolated	S/(N*NIC) = 6.606 outside the fitted 13.21-237.8; W/(N*c) = 0.03587 outside the fitted 0.7289-11.66; cohort 10: no end-to-end point (all are cohort 100); N outside the family's measured N 16-32; c8g.12xlarge measured only at N=16,32; at the grid edge (N=64): T keeps falling, no interior optimum	yes
R+B_nic	c8g	10	cost	c8g.12xlarge	16	1	278.8	0.237232	16-16	1.00	extrapolated	W/(N*c) = 0.1435 outside the fitted 0.7289-11.66; cohort 10: no end-to-end point (all are cohort 100); at c8g.12xlarge's memory floor (smallest feasible N=16)	yes
R+B_nic	c8g	100	time	c8g.12xlarge	64	6	256.2	0.087186	64-64	1.00	extrapolated	S/(N*NIC) = 6.606 outside the fitted 13.21-237.8; W/(N*c) = 0.3644 outside the fitted 0.7289-11.66; N outside the family's measured N 16-32; c8g.12xlarge measured only at N=16,32; at the grid edge (N=64): T keeps falling, no interior optimum	yes
R+B_nic	c8g	100	cost	c8g.12xlarge	16	1	282.1	0.023997	16-16	1.00	within data	at c8g.12xlarge's memory floor (smallest feasible N=16)	yes
R+B_nic	c8g	1000	time	c8g.12xlarge	64	6	264.1	0.008988	16-64	1.00	extrapolated	S/(N*NIC) = 6.606 outside the fitted 13.21-237.8; cohort 1000: no end-to-end point (all are cohort 100); N outside the family's measured N 16-32; c8g.12xlarge measured only at N=16,32; at the grid edge (N=64): T keeps falling, no interior optimum	yes
R+B_nic	c8g	1000	cost	c8g.12xlarge	16	1	313.7	0.002669	16-16	1.00	extrapolated	W/(N*c) = 14.4 outside the fitted 0.7289-11.66; cohort 1000: no end-to-end point (all are cohort 100); at c8g.12xlarge's memory floor (smallest feasible N=16)	yes
R+B_nic	c9g	1	time	c9g.12xlarge	64	6	254.5	9.442368	64-64	1.00	extrapolated	S/(N*NIC) = 5.945 outside the fitted 13.21-237.8; W/(N*c) = 0.003429 outside the fitted 0.7289-11.66; cohort 1: no end-to-end point (all are cohort 100); N outside the family's measured N 16-16; c9g.12xlarge measured only at N=16; at the grid edge (N=64): T keeps falling, no interior optimum	yes
R+B_nic	c9g	1	cost	c9g.12xlarge	16	1	275.4	2.554364	16-16	1.00	extrapolated	W/(N*c) = 0.01371 outside the fitted 0.7289-11.66; cohort 1: no end-to-end point (all are cohort 100); at c9g.12xlarge's memory floor (smallest feasible N=16)	yes
R+B_nic	c9g	10	time	c9g.12xlarge	64	6	254.6	0.944531	64-64	1.00	extrapolated	S/(N*NIC) = 5.945 outside the fitted 13.21-237.8; W/(N*c) = 0.03587 outside the fitted 0.7289-11.66; cohort 10: no end-to-end point (all are cohort 100); N outside the family's measured N 16-16; c9g.12xlarge measured only at N=16; at the grid edge (N=64): T keeps falling, no interior optimum	yes
R+B_nic	c9g	10	cost	c9g.12xlarge	16	1	275.8	0.255731	16-16	1.00	extrapolated	W/(N*c) = 0.1435 outside the fitted 0.7289-11.66; cohort 10: no end-to-end point (all are cohort 100); at c9g.12xlarge's memory floor (smallest feasible N=16)	yes
R+B_nic	c9g	100	time	c9g.12xlarge	64	6	255.4	0.094752	64-64	1.00	extrapolated	S/(N*NIC) = 5.945 outside the fitted 13.21-237.8; W/(N*c) = 0.3644 outside the fitted 0.7289-11.66; N outside the family's measured N 16-16; c9g.12xlarge measured only at N=16; at the grid edge (N=64): T keeps falling, no interior optimum	yes
R+B_nic	c9g	100	cost	c9g.12xlarge	16	1	279.0	0.025871	16-16	1.00	within data	at c9g.12xlarge's memory floor (smallest feasible N=16)	yes
R+B_nic	c9g	1000	time	c9g.12xlarge	64	6	263.3	0.009769	16-64	1.00	extrapolated	S/(N*NIC) = 5.945 outside the fitted 13.21-237.8; cohort 1000: no end-to-end point (all are cohort 100); N outside the family's measured N 16-16; c9g.12xlarge measured only at N=16; at the grid edge (N=64): T keeps falling, no interior optimum	yes
R+B_nic	c9g	1000	cost	c9g.12xlarge	16	1	310.7	0.002881	16-16	1.00	extrapolated	W/(N*c) = 14.4 outside the fitted 0.7289-11.66; cohort 1000: no end-to-end point (all are cohort 100); at c9g.12xlarge's memory floor (smallest feasible N=16)	yes
R+B_nic	r8g	1	time	r8g.4xlarge	64	2	259.2	4.343488	64-64	1.00	extrapolated	S/(N*NIC) = 9.909 outside the fitted 13.21-237.8; W/(N*c) = 0.01029 outside the fitted 0.7289-11.66; cohort 1: no end-to-end point (all are cohort 100); N outside the family's measured N 16-16; r8g.4xlarge measured only at N=16; at the grid edge (N=64): T keeps falling, no interior optimum	yes
R+B_nic	r8g	1	cost	r8g.4xlarge	12	2	309.5	0.972605	12-12	1.00	extrapolated	W/(N*c) = 0.05486 outside the fitted 0.7289-11.66; cohort 1: no end-to-end point (all are cohort 100); N outside the family's measured N 16-16; r8g.4xlarge measured only at N=16; at r8g.4xlarge's memory floor (smallest feasible N=12)	yes
R+B_nic	r8g	10	time	r8g.4xlarge	64	2	259.4	0.434748	64-64	1.00	extrapolated	S/(N*NIC) = 9.909 outside the fitted 13.21-237.8; W/(N*c) = 0.1076 outside the fitted 0.7289-11.66; cohort 10: no end-to-end point (all are cohort 100); N outside the family's measured N 16-16; r8g.4xlarge measured only at N=16; at the grid edge (N=64): T keeps falling, no interior optimum	yes
R+B_nic	r8g	10	cost	r8g.4xlarge	12	2	310.8	0.097660	12-12	1.00	extrapolated	W/(N*c) = 0.5739 outside the fitted 0.7289-11.66; cohort 10: no end-to-end point (all are cohort 100); N outside the family's measured N 16-16; r8g.4xlarge measured only at N=16; at r8g.4xlarge's memory floor (smallest feasible N=12)	yes
R+B_nic	r8g	100	time	r8g.4xlarge	64	2	261.9	0.043879	64-64	1.00	extrapolated	S/(N*NIC) = 9.909 outside the fitted 13.21-237.8; N outside the family's measured N 16-16; r8g.4xlarge measured only at N=16; at the grid edge (N=64): T keeps falling, no interior optimum	yes
R+B_nic	r8g	100	cost	r8g.4xlarge	12	2	323.7	0.010170	12-12	1.00	within data	N outside the family's measured N 16-16; r8g.4xlarge measured only at N=16; at r8g.4xlarge's memory floor (smallest feasible N=12)	yes
R+B_nic	r8g	1000	time	r8g.4xlarge	64	2	285.6	0.004786	12-64	1.00	extrapolated	S/(N*NIC) = 9.909 outside the fitted 13.21-237.8; cohort 1000: no end-to-end point (all are cohort 100); N outside the family's measured N 16-16; r8g.4xlarge measured only at N=16; at the grid edge (N=64): T keeps falling, no interior optimum	yes
R+B_nic	r8g	1000	cost	r8g.4xlarge	12	2	450.4	0.001415	12-12	1.00	extrapolated	W/(N*c) = 57.59 outside the fitted 0.7289-11.66; cohort 1000: no end-to-end point (all are cohort 100); N outside the family's measured N 16-16; r8g.4xlarge measured only at N=16; at r8g.4xlarge's memory floor (smallest feasible N=12)	yes
R+B_nic	x8g	1	time	x8g.24xlarge	64	12	251.9	42.007467	64-64	1.00	extrapolated	S/(N*NIC) = 3.716 outside the fitted 13.21-237.8; W/(N*c) = 0.001714 outside the fitted 0.7289-11.66; cohort 1: no end-to-end point (all are cohort 100); N outside the family's measured N 1-16; x8g.24xlarge measured only at N=1; at the grid edge (N=64): T keeps falling, no interior optimum	yes
R+B_nic	x8g	1	cost	x8g.2xlarge	12	1	309.7	0.806830	12-12	0.99	extrapolated	W/(N*c) = 0.1097 outside the fitted 0.7289-11.66; cohort 1: no end-to-end point (all are cohort 100); x8g.2xlarge measured only at N=16; at x8g.2xlarge's memory floor (smallest feasible N=12)	yes
R+B_nic	x8g	10	time	x8g.24xlarge	64	12	252.0	4.201409	64-64	1.00	extrapolated	S/(N*NIC) = 3.716 outside the fitted 13.21-237.8; W/(N*c) = 0.01793 outside the fitted 0.7289-11.66; cohort 10: no end-to-end point (all are cohort 100); N outside the family's measured N 1-16; x8g.24xlarge measured only at N=1; at the grid edge (N=64): T keeps falling, no interior optimum	yes
R+B_nic	x8g	10	cost	x8g.2xlarge	12	1	312.2	0.081345	12-12	0.99	extrapolated	cohort 10: no end-to-end point (all are cohort 100); x8g.2xlarge measured only at N=16; at x8g.2xlarge's memory floor (smallest feasible N=12)	yes
R+B_nic	x8g	100	time	x8g.24xlarge	64	12	252.4	0.420811	64-64	0.83	extrapolated	S/(N*NIC) = 3.716 outside the fitted 13.21-237.8; W/(N*c) = 0.1822 outside the fitted 0.7289-11.66; N outside the family's measured N 1-16; x8g.24xlarge measured only at N=1; at the grid edge (N=64): T keeps falling, no interior optimum	yes
R+B_nic	x8g	100	cost	x8g.2xlarge	12	1	338.0	0.008805	12-12	0.99	extrapolated	joint = leverage 1.22 of (S/(N*NIC), W/(N*c)) above the fitted maximum 0.633: outside the fitted joint range; x8g.2xlarge measured only at N=16; at x8g.2xlarge's memory floor (smallest feasible N=12)	yes
R+B_nic	x8g	1000	time	x8g.24xlarge	64	12	256.3	0.042741	12-64	0.61	extrapolated	S/(N*NIC) = 3.716 outside the fitted 13.21-237.8; cohort 1000: no end-to-end point (all are cohort 100); N outside the family's measured N 1-16; x8g.24xlarge measured only at N=1; at the grid edge (N=64): T keeps falling, no interior optimum	yes
R+B_nic	x8g	1000	cost	x8g.2xlarge	12	1	591.4	0.001541	12-12	0.99	extrapolated	W/(N*c) = 115.2 outside the fitted 0.7289-11.66; cohort 1000: no end-to-end point (all are cohort 100); x8g.2xlarge measured only at N=16; at x8g.2xlarge's memory floor (smallest feasible N=12)	yes
P-reg	c8g	1	time	c8g.12xlarge	64	6	173.9	5.918913	64-64	1.00	extrapolated	S/N = 18.58 outside the fitted 37.16-1189; W/(N*c) = 0.003429 outside the fitted 0.7289-11.66; cohort 1: no end-to-end point (all are cohort 100); N outside the family's measured N 16-32; c8g.12xlarge measured only at N=16,32; at the grid edge (N=64): T keeps falling, no interior optimum	yes
P-reg	c8g	1	cost	c8g.12xlarge	16	1	191.3	1.627782	16-16	1.00	extrapolated	W/(N*c) = 0.01371 outside the fitted 0.7289-11.66; cohort 1: no end-to-end point (all are cohort 100); at c8g.12xlarge's memory floor (smallest feasible N=16)	yes
P-reg	c8g	10	time	c8g.12xlarge	64	6	174.2	0.592760	64-64	1.00	extrapolated	S/N = 18.58 outside the fitted 37.16-1189; W/(N*c) = 0.03587 outside the fitted 0.7289-11.66; cohort 10: no end-to-end point (all are cohort 100); N outside the family's measured N 16-32; c8g.12xlarge measured only at N=16,32; at the grid edge (N=64): T keeps falling, no interior optimum	yes
P-reg	c8g	10	cost	c8g.12xlarge	16	1	192.4	0.163647	16-16	1.00	extrapolated	W/(N*c) = 0.1435 outside the fitted 0.7289-11.66; cohort 10: no end-to-end point (all are cohort 100); at c8g.12xlarge's memory floor (smallest feasible N=16)	yes
P-reg	c8g	100	time	c8g.12xlarge	64	6	176.8	0.060156	64-64	1.00	extrapolated	S/N = 18.58 outside the fitted 37.16-1189; W/(N*c) = 0.3644 outside the fitted 0.7289-11.66; N outside the family's measured N 16-32; c8g.12xlarge measured only at N=16,32; at the grid edge (N=64): T keeps falling, no interior optimum	yes
P-reg	c8g	100	cost	c8g.12xlarge	16	1	202.7	0.017245	16-16	1.00	within data	at c8g.12xlarge's memory floor (smallest feasible N=16)	yes
P-reg	c8g	1000	time	c8g.12xlarge	64	6	202.2	0.006882	64-64	1.00	extrapolated	S/N = 18.58 outside the fitted 37.16-1189; cohort 1000: no end-to-end point (all are cohort 100); N outside the family's measured N 16-32; c8g.12xlarge measured only at N=16,32; at the grid edge (N=64): T keeps falling, no interior optimum	yes
P-reg	c8g	1000	cost	c8g.12xlarge	16	1	304.6	0.002591	16-16	1.00	extrapolated	W/(N*c) = 14.4 outside the fitted 0.7289-11.66; cohort 1000: no end-to-end point (all are cohort 100); at c8g.12xlarge's memory floor (smallest feasible N=16)	yes
P-reg	c9g	1	time	c9g.12xlarge	64	6	173.9	6.451992	64-64	1.00	extrapolated	S/N = 18.58 outside the fitted 37.16-1189; W/(N*c) = 0.003429 outside the fitted 0.7289-11.66; cohort 1: no end-to-end point (all are cohort 100); N outside the family's measured N 16-16; c9g.12xlarge measured only at N=16; at the grid edge (N=64): T keeps falling, no interior optimum	yes
P-reg	c9g	1	cost	c9g.12xlarge	16	1	191.3	1.774386	16-16	1.00	extrapolated	W/(N*c) = 0.01371 outside the fitted 0.7289-11.66; cohort 1: no end-to-end point (all are cohort 100); at c9g.12xlarge's memory floor (smallest feasible N=16)	yes
P-reg	c9g	10	time	c9g.12xlarge	64	6	174.2	0.646147	64-64	1.00	extrapolated	S/N = 18.58 outside the fitted 37.16-1189; W/(N*c) = 0.03587 outside the fitted 0.7289-11.66; cohort 10: no end-to-end point (all are cohort 100); N outside the family's measured N 16-16; c9g.12xlarge measured only at N=16; at the grid edge (N=64): T keeps falling, no interior optimum	yes
P-reg	c9g	10	cost	c9g.12xlarge	16	1	192.4	0.178386	16-16	1.00	extrapolated	W/(N*c) = 0.1435 outside the fitted 0.7289-11.66; cohort 10: no end-to-end point (all are cohort 100); at c9g.12xlarge's memory floor (smallest feasible N=16)	yes
P-reg	c9g	100	time	c9g.12xlarge	64	6	176.8	0.065574	64-64	1.00	extrapolated	S/N = 18.58 outside the fitted 37.16-1189; W/(N*c) = 0.3644 outside the fitted 0.7289-11.66; N outside the family's measured N 16-16; c9g.12xlarge measured only at N=16; at the grid edge (N=64): T keeps falling, no interior optimum	yes
P-reg	c9g	100	cost	c9g.12xlarge	16	1	202.7	0.018798	16-16	1.00	within data	at c9g.12xlarge's memory floor (smallest feasible N=16)	yes
P-reg	c9g	1000	time	c9g.12xlarge	64	6	202.2	0.007502	64-64	1.00	extrapolated	S/N = 18.58 outside the fitted 37.16-1189; cohort 1000: no end-to-end point (all are cohort 100); N outside the family's measured N 16-16; c9g.12xlarge measured only at N=16; at the grid edge (N=64): T keeps falling, no interior optimum	yes
P-reg	c9g	1000	cost	c9g.12xlarge	16	1	304.6	0.002825	16-16	1.00	extrapolated	W/(N*c) = 14.4 outside the fitted 0.7289-11.66; cohort 1000: no end-to-end point (all are cohort 100); at c9g.12xlarge's memory floor (smallest feasible N=16)	yes
P-reg	r8g	1	time	r8g.4xlarge	64	2	174.0	2.915525	64-64	1.00	extrapolated	S/N = 18.58 outside the fitted 37.16-1189; W/(N*c) = 0.01029 outside the fitted 0.7289-11.66; cohort 1: no end-to-end point (all are cohort 100); N outside the family's measured N 16-16; r8g.4xlarge measured only at N=16; at the grid edge (N=64): T keeps falling, no interior optimum	yes
P-reg	r8g	1	cost	r8g.4xlarge	12	2	199.4	0.626377	12-12	1.00	extrapolated	W/(N*c) = 0.05486 outside the fitted 0.7289-11.66; cohort 1: no end-to-end point (all are cohort 100); N outside the family's measured N 16-16; r8g.4xlarge measured only at N=16; at r8g.4xlarge's memory floor (smallest feasible N=12)	yes
P-reg	r8g	10	time	r8g.4xlarge	64	2	174.8	0.292836	64-64	1.00	extrapolated	S/N = 18.58 outside the fitted 37.16-1189; W/(N*c) = 0.1076 outside the fitted 0.7289-11.66; cohort 10: no end-to-end point (all are cohort 100); N outside the family's measured N 16-16; r8g.4xlarge measured only at N=16; at the grid edge (N=64): T keeps falling, no interior optimum	yes
P-reg	r8g	10	cost	r8g.4xlarge	12	2	203.4	0.063922	12-12	1.00	extrapolated	W/(N*c) = 0.5739 outside the fitted 0.7289-11.66; cohort 10: no end-to-end point (all are cohort 100); N outside the family's measured N 16-16; r8g.4xlarge measured only at N=16; at r8g.4xlarge's memory floor (smallest feasible N=12)	yes
P-reg	r8g	100	time	r8g.4xlarge	64	2	182.5	0.030584	64-64	1.00	extrapolated	S/N = 18.58 outside the fitted 37.16-1189; N outside the family's measured N 16-16; r8g.4xlarge measured only at N=16; at the grid edge (N=64): T keeps falling, no interior optimum	yes
P-reg	r8g	100	cost	r8g.4xlarge	12	2	244.8	0.007693	12-12	1.00	within data	N outside the family's measured N 16-16; r8g.4xlarge measured only at N=16; at r8g.4xlarge's memory floor (smallest feasible N=12)	yes
P-reg	r8g	1000	time	r8g.4xlarge	64	2	258.9	0.004339	64-64	1.00	extrapolated	S/N = 18.58 outside the fitted 37.16-1189; cohort 1000: no end-to-end point (all are cohort 100); N outside the family's measured N 16-16; r8g.4xlarge measured only at N=16; at the grid edge (N=64): T keeps falling, no interior optimum	yes
P-reg	r8g	1000	cost	r8g.4xlarge	12	2	652.3	0.002050	12-12	1.00	extrapolated	W/(N*c) = 57.59 outside the fitted 0.7289-11.66; cohort 1000: no end-to-end point (all are cohort 100); N outside the family's measured N 16-16; r8g.4xlarge measured only at N=16; at r8g.4xlarge's memory floor (smallest feasible N=12)	yes
P-reg	x8g	1	time	x8g.24xlarge	64	12	173.9	28.999246	64-64	1.00	extrapolated	S/N = 18.58 outside the fitted 37.16-1189; W/(N*c) = 0.001714 outside the fitted 0.7289-11.66; cohort 1: no end-to-end point (all are cohort 100); N outside the family's measured N 1-16; x8g.24xlarge measured only at N=1; at the grid edge (N=64): T keeps falling, no interior optimum	yes
P-reg	x8g	1	cost	x8g.2xlarge	12	1	199.8	0.520514	12-12	1.00	extrapolated	W/(N*c) = 0.1097 outside the fitted 0.7289-11.66; cohort 1: no end-to-end point (all are cohort 100); x8g.2xlarge measured only at N=16; at x8g.2xlarge's memory floor (smallest feasible N=12)	yes
P-reg	x8g	10	time	x8g.24xlarge	64	12	174.0	2.902054	64-64	1.00	extrapolated	S/N = 18.58 outside the fitted 37.16-1189; W/(N*c) = 0.01793 outside the fitted 0.7289-11.66; cohort 10: no end-to-end point (all are cohort 100); N outside the family's measured N 1-16; x8g.24xlarge measured only at N=1; at the grid edge (N=64): T keeps falling, no interior optimum	yes
P-reg	x8g	10	cost	x8g.2xlarge	12	1	208.0	0.054181	12-12	1.00	extrapolated	cohort 10: no end-to-end point (all are cohort 100); x8g.2xlarge measured only at N=16; at x8g.2xlarge's memory floor (smallest feasible N=12)	yes
P-reg	x8g	100	time	x8g.24xlarge	64	12	175.3	0.292362	64-64	1.00	extrapolated	S/N = 18.58 outside the fitted 37.16-1189; W/(N*c) = 0.1822 outside the fitted 0.7289-11.66; N outside the family's measured N 1-16; x8g.24xlarge measured only at N=1; at the grid edge (N=64): T keeps falling, no interior optimum	yes
P-reg	x8g	100	cost	x8g.2xlarge	12	1	290.7	0.007575	12-12	1.00	within data	x8g.2xlarge measured only at N=16; at x8g.2xlarge's memory floor (smallest feasible N=12)	yes
P-reg	x8g	1000	time	x8g.24xlarge	64	12	188.1	0.031359	64-64	1.00	extrapolated	S/N = 18.58 outside the fitted 37.16-1189; cohort 1000: no end-to-end point (all are cohort 100); N outside the family's measured N 1-16; x8g.24xlarge measured only at N=1; at the grid edge (N=64): T keeps falling, no interior optimum	yes
P-reg	x8g	1000	cost	x8g.2xlarge	12	1	1105.7	0.002881	12-12	1.00	extrapolated	W/(N*c) = 115.2 outside the fitted 0.7289-11.66; cohort 1000: no end-to-end point (all are cohort 100); x8g.2xlarge measured only at N=16; at x8g.2xlarge's memory floor (smallest feasible N=12)	yes
P-full	c8g	1	time	c8g.12xlarge	16	1	243.8	2.074087	16-17	1.00	extrapolated	input/N = 0.06232 outside the fitted 3.369-107.8; cohort 1: no end-to-end point (all are cohort 100)	yes
P-full	c8g	1	cost	c8g.12xlarge	16	1	243.8	2.074087	16-16	1.00	extrapolated	input/N = 0.06232 outside the fitted 3.369-107.8; cohort 1: no end-to-end point (all are cohort 100); at c8g.12xlarge's memory floor (smallest feasible N=16)	yes
P-full	c8g	10	time	c8g.12xlarge	16	1	249.2	0.212009	16-18	1.00	extrapolated	input/N = 0.6655 outside the fitted 3.369-107.8; cohort 10: no end-to-end point (all are cohort 100)	yes
P-full	c8g	10	cost	c8g.12xlarge	16	1	249.2	0.212009	16-16	1.00	extrapolated	input/N = 0.6655 outside the fitted 3.369-107.8; cohort 10: no end-to-end point (all are cohort 100); at c8g.12xlarge's memory floor (smallest feasible N=16)	yes
P-full	c8g	100	time	c8g.12xlarge	18	2	254.1	0.024317	18-20	1.00	within data	c8g.12xlarge measured only at N=16,32	yes
P-full	c8g	100	cost	c8g.12xlarge	16	1	281.3	0.023933	16-16	1.00	within data	at c8g.12xlarge's memory floor (smallest feasible N=16)	yes
P-full	c8g	1000	time	c8g.12xlarge	64	6	294.9	0.010037	64-64	1.00	extrapolated	S/(N*NIC) = 6.606 outside the fitted 13.21-237.8; w_max = 2.728e+07 outside the fitted 1.053e+07-2.077e+07; log2 N = 6 outside the fitted 0-5; cohort 1000: no end-to-end point (all are cohort 100); N outside the family's measured N 16-32; c8g.12xlarge measured only at N=16,32; at the grid edge (N=64): T keeps falling, no interior optimum	yes
P-full	c8g	1000	cost	c8g.12xlarge	19	3	385.7	0.003897	19-19	1.00	extrapolated	W/(N*c_used) = 12.12 outside the fitted 0.02057-11.66; x_net = 93.29 outside the fitted 0-53.28; n_lane = 18 outside the fitted 1-9; w_max = 2.728e+07 outside the fitted 1.053e+07-2.077e+07; cohort 1000: no end-to-end point (all are cohort 100); c8g.12xlarge measured only at N=16,32	yes
P-full	c9g	1	time	c9g.12xlarge	16	1	240.7	2.231895	16-16	1.00	extrapolated	input/N = 0.06232 outside the fitted 3.369-107.8; cohort 1: no end-to-end point (all are cohort 100)	yes
P-full	c9g	1	cost	c9g.12xlarge	16	1	240.7	2.231895	16-16	1.00	extrapolated	input/N = 0.06232 outside the fitted 3.369-107.8; cohort 1: no end-to-end point (all are cohort 100); at c9g.12xlarge's memory floor (smallest feasible N=16)	yes
P-full	c9g	10	time	c9g.12xlarge	16	1	246.1	0.228204	16-16	1.00	extrapolated	input/N = 0.6655 outside the fitted 3.369-107.8; cohort 10: no end-to-end point (all are cohort 100)	yes
P-full	c9g	10	cost	c9g.12xlarge	16	1	246.1	0.228204	16-16	1.00	extrapolated	input/N = 0.6655 outside the fitted 3.369-107.8; cohort 10: no end-to-end point (all are cohort 100); at c9g.12xlarge's memory floor (smallest feasible N=16)	yes
P-full	c9g	100	time	c9g.12xlarge	18	2	251.3	0.026217	18-19	1.00	within data	N outside the family's measured N 16-16; c9g.12xlarge measured only at N=16	yes
P-full	c9g	100	cost	c9g.12xlarge	16	1	278.4	0.025820	16-16	1.00	within data	at c9g.12xlarge's memory floor (smallest feasible N=16)	yes
P-full	c9g	1000	time	c9g.12xlarge	64	6	294.8	0.010935	64-64	1.00	extrapolated	S/(N*NIC) = 5.945 outside the fitted 13.21-237.8; w_max = 2.728e+07 outside the fitted 1.053e+07-2.077e+07; log2 N = 6 outside the fitted 0-5; cohort 1000: no end-to-end point (all are cohort 100); N outside the family's measured N 16-16; c9g.12xlarge measured only at N=16; at the grid edge (N=64): T keeps falling, no interior optimum	yes
P-full	c9g	1000	cost	c9g.12xlarge	19	3	385.1	0.004241	19-19	1.00	extrapolated	W/(N*c_used) = 12.12 outside the fitted 0.02057-11.66; x_net = 83.96 outside the fitted 0-53.28; n_lane = 18 outside the fitted 1-9; w_max = 2.728e+07 outside the fitted 1.053e+07-2.077e+07; cohort 1000: no end-to-end point (all are cohort 100); N outside the family's measured N 16-16; c9g.12xlarge measured only at N=16	yes
P-full	r8g	1	time	r8g.4xlarge	23	2	257.1	1.548155	21-26	1.00	extrapolated	input/N = 0.04336 outside the fitted 3.369-107.8; cohort 1: no end-to-end point (all are cohort 100); N outside the family's measured N 16-16; r8g.4xlarge measured only at N=16	yes
P-full	r8g	1	cost	r8g.4xlarge	12	2	265.6	0.834536	12-12	1.00	extrapolated	input/N = 0.0831 outside the fitted 3.369-107.8; cohort 1: no end-to-end point (all are cohort 100); N outside the family's measured N 16-16; r8g.4xlarge measured only at N=16; at r8g.4xlarge's memory floor (smallest feasible N=12)	yes
P-full	r8g	10	time	r8g.4xlarge	23	2	262.4	0.158003	21-26	1.00	extrapolated	input/N = 0.463 outside the fitted 3.369-107.8; cohort 10: no end-to-end point (all are cohort 100); N outside the family's measured N 16-16; r8g.4xlarge measured only at N=16	yes
P-full	r8g	10	cost	r8g.4xlarge	12	2	271.1	0.085192	12-12	1.00	extrapolated	input/N = 0.8874 outside the fitted 3.369-107.8; cohort 10: no end-to-end point (all are cohort 100); N outside the family's measured N 16-16; r8g.4xlarge measured only at N=16; at r8g.4xlarge's memory floor (smallest feasible N=12)	yes
P-full	r8g	100	time	r8g.4xlarge	34	2	267.5	0.023814	28-41	1.00	extrapolated	input/N = 3.171 outside the fitted 3.369-107.8; log2 N = 5.087 outside the fitted 0-5; N outside the family's measured N 16-16; r8g.4xlarge measured only at N=16	yes
P-full	r8g	100	cost	r8g.4xlarge	12	2	316.0	0.009929	12-12	1.00	within data	N outside the family's measured N 16-16; r8g.4xlarge measured only at N=16; at r8g.4xlarge's memory floor (smallest feasible N=12)	yes
P-full	r8g	1000	time	r8g.4xlarge	64	2	375.1	0.006286	64-64	1.00	extrapolated	S/(N*NIC) = 9.909 outside the fitted 13.21-237.8; w_max = 2.728e+07 outside the fitted 1.053e+07-2.077e+07; log2 N = 6 outside the fitted 0-5; cohort 1000: no end-to-end point (all are cohort 100); N outside the family's measured N 16-16; r8g.4xlarge measured only at N=16; at the grid edge (N=64): T keeps falling, no interior optimum	yes
P-full	r8g	1000	cost	r8g.4xlarge	12	2	897.2	0.002819	12-12	1.00	extrapolated	W/(N*c_used) = 57.59 outside the fitted 0.02057-11.66; x_net = 214.4 outside the fitted 0-53.28; n_lane = 42 outside the fitted 1-9; w_max = 2.728e+07 outside the fitted 1.053e+07-2.077e+07; cohort 1000: no end-to-end point (all are cohort 100); N outside the family's measured N 16-16; r8g.4xlarge measured only at N=16; at r8g.4xlarge's memory floor (smallest feasible N=12)	yes
P-full	x8g	1	time	x8g.24xlarge	9	12	224.9	5.273486	8-10	1.00	extrapolated	input/N = 0.1108 outside the fitted 3.369-107.8; W/(N*c_used) = 0.01219 outside the fitted 0.02057-11.66; cohort 1: no end-to-end point (all are cohort 100); x8g.24xlarge measured only at N=1	yes
P-full	x8g	1	cost	x8g.2xlarge	12	1	265.6	0.691994	12-12	1.00	extrapolated	input/N = 0.0831 outside the fitted 3.369-107.8; cohort 1: no end-to-end point (all are cohort 100); x8g.2xlarge measured only at N=16; at x8g.2xlarge's memory floor (smallest feasible N=12)	yes
P-full	x8g	10	time	x8g.24xlarge	9	12	230.6	0.540716	8-10	1.00	extrapolated	input/N = 1.183 outside the fitted 3.369-107.8; cohort 10: no end-to-end point (all are cohort 100); x8g.24xlarge measured only at N=1	yes
P-full	x8g	10	cost	x8g.2xlarge	12	1	271.1	0.070641	12-12	1.00	extrapolated	input/N = 0.8874 outside the fitted 3.369-107.8; cohort 10: no end-to-end point (all are cohort 100); x8g.2xlarge measured only at N=16; at x8g.2xlarge's memory floor (smallest feasible N=12)	yes
P-full	x8g	100	time	x8g.24xlarge	11	12	238.0	0.068221	10-12	1.00	within data	x8g.24xlarge measured only at N=1	yes
P-full	x8g	100	cost	x8g.2xlarge	12	1	380.3	0.009907	12-12	1.00	within data	x8g.2xlarge measured only at N=16; at x8g.2xlarge's memory floor (smallest feasible N=12)	yes
P-full	x8g	1000	time	x8g.24xlarge	42	12	277.3	0.030347	36-49	1.00	extrapolated	S/(N*NIC) = 5.662 outside the fitted 13.21-237.8; w_max = 2.728e+07 outside the fitted 1.053e+07-2.077e+07; log2 N = 5.392 outside the fitted 0-5; cohort 1000: no end-to-end point (all are cohort 100); N outside the family's measured N 1-16; x8g.24xlarge measured only at N=1	yes
P-full	x8g	1000	cost	x8g.2xlarge	12	1	1533.8	0.003996	12-12	1.00	extrapolated	W/(N*c_used) = 115.2 outside the fitted 0.02057-11.66; x_net = 214.4 outside the fitted 0-53.28; n_lane = 84 outside the fitted 1-9; w_max = 2.728e+07 outside the fitted 1.053e+07-2.077e+07; cohort 1000: no end-to-end point (all are cohort 100); x8g.2xlarge measured only at N=16; at x8g.2xlarge's memory floor (smallest feasible N=12)	yes
