case	records	classified	id_len_mismatches	file	bytes	sha256_upstream	sha256_go	identical
se_fq_plain	200000	1099	0	se_fq_plain.cls.seq	306291	86cecce3ed5e86cff7d8edd675ec6b4fc3e2fe13a2525547ded7426d94222d9c	86cecce3ed5e86cff7d8edd675ec6b4fc3e2fe13a2525547ded7426d94222d9c	true
se_fq_plain	200000	1099	0	se_fq_plain.uncls.seq	51610407	967a877e1b6c97d453e8efac411437ddbabedc84322611021545fe94e7e707e3	967a877e1b6c97d453e8efac411437ddbabedc84322611021545fe94e7e707e3	true
se_fq_gz_auto	200000	1099	0	se_fq_gz_auto.cls.seq	306291	86cecce3ed5e86cff7d8edd675ec6b4fc3e2fe13a2525547ded7426d94222d9c	86cecce3ed5e86cff7d8edd675ec6b4fc3e2fe13a2525547ded7426d94222d9c	true
se_fq_gz_auto	200000	1099	0	se_fq_gz_auto.uncls.seq	51610407	967a877e1b6c97d453e8efac411437ddbabedc84322611021545fe94e7e707e3	967a877e1b6c97d453e8efac411437ddbabedc84322611021545fe94e7e707e3	true
se_fq_gz_flag	200000	1099	0	se_fq_gz_flag.cls.seq	306291	86cecce3ed5e86cff7d8edd675ec6b4fc3e2fe13a2525547ded7426d94222d9c	86cecce3ed5e86cff7d8edd675ec6b4fc3e2fe13a2525547ded7426d94222d9c	true
se_fq_gz_flag	200000	1099	0	se_fq_gz_flag.uncls.seq	51610407	967a877e1b6c97d453e8efac411437ddbabedc84322611021545fe94e7e707e3	967a877e1b6c97d453e8efac411437ddbabedc84322611021545fe94e7e707e3	true
pe_fq_plain	200000	2167	0	pe_fq_plain.cls_1.seq	603961	15029537e2f044acdd4e9669a526f0e2daefc10e854fab7766f0bd0e6e890b7e	15029537e2f044acdd4e9669a526f0e2daefc10e854fab7766f0bd0e6e890b7e	true
pe_fq_plain	200000	2167	0	pe_fq_plain.cls_2.seq	603961	ff14da7e23ef4894d072aaa05faae67251074cf25f5e413a3b11f36e8012290f	ff14da7e23ef4894d072aaa05faae67251074cf25f5e413a3b11f36e8012290f	true
pe_fq_plain	200000	2167	0	pe_fq_plain.uncls_1.seq	51333269	bf883ecd6026c3e1dbfc0ae9cd8f0b490bd77bb8f932d7f72cf2b3b9fc4e52e3	bf883ecd6026c3e1dbfc0ae9cd8f0b490bd77bb8f932d7f72cf2b3b9fc4e52e3	true
pe_fq_plain	200000	2167	0	pe_fq_plain.uncls_2.seq	51333269	241e14d711f6173eacc3c1f196df563165b6879a88abb996d243fbe6711ca266	241e14d711f6173eacc3c1f196df563165b6879a88abb996d243fbe6711ca266	true
pe_fq_gz_auto	200000	2167	0	pe_fq_gz_auto.cls_1.seq	603961	15029537e2f044acdd4e9669a526f0e2daefc10e854fab7766f0bd0e6e890b7e	15029537e2f044acdd4e9669a526f0e2daefc10e854fab7766f0bd0e6e890b7e	true
pe_fq_gz_auto	200000	2167	0	pe_fq_gz_auto.cls_2.seq	603961	ff14da7e23ef4894d072aaa05faae67251074cf25f5e413a3b11f36e8012290f	ff14da7e23ef4894d072aaa05faae67251074cf25f5e413a3b11f36e8012290f	true
pe_fq_gz_auto	200000	2167	0	pe_fq_gz_auto.uncls_1.seq	51333269	bf883ecd6026c3e1dbfc0ae9cd8f0b490bd77bb8f932d7f72cf2b3b9fc4e52e3	bf883ecd6026c3e1dbfc0ae9cd8f0b490bd77bb8f932d7f72cf2b3b9fc4e52e3	true
pe_fq_gz_auto	200000	2167	0	pe_fq_gz_auto.uncls_2.seq	51333269	241e14d711f6173eacc3c1f196df563165b6879a88abb996d243fbe6711ca266	241e14d711f6173eacc3c1f196df563165b6879a88abb996d243fbe6711ca266	true
se_fq_q20	200000	826	0	se_fq_q20.cls.seq	230255	cb3dbf15c2ff55780f542289675992b7367a967500afa30c707ec8a68816cd4c	cb3dbf15c2ff55780f542289675992b7367a967500afa30c707ec8a68816cd4c	true
se_fq_q20	200000	826	0	se_fq_q20.uncls.seq	51681208	da010e897a9ad482ce55a9f669ed75acfb4a3df077bf8735eb569a470c89acf3	da010e897a9ad482ce55a9f669ed75acfb4a3df077bf8735eb569a470c89acf3	true
pe_fq_gz_q20	200000	1614	0	pe_fq_gz_q20.cls_1.seq	449933	bb9f036643c401fbbdf3fae441f1e515e987b397cd42849fae3eba315629ad91	bb9f036643c401fbbdf3fae441f1e515e987b397cd42849fae3eba315629ad91	true
pe_fq_gz_q20	200000	1614	0	pe_fq_gz_q20.cls_2.seq	449933	ada9804004eb31decaf8ba52484e8f3aa1398c8f97d9e5f9015c6972fada82ee	ada9804004eb31decaf8ba52484e8f3aa1398c8f97d9e5f9015c6972fada82ee	true
pe_fq_gz_q20	200000	1614	0	pe_fq_gz_q20.uncls_1.seq	51476680	aada8be927517703ad449a5fb89ba5d77b099e6dcb32ec3858afb4cd8fc91ee9	aada8be927517703ad449a5fb89ba5d77b099e6dcb32ec3858afb4cd8fc91ee9	true
pe_fq_gz_q20	200000	1614	0	pe_fq_gz_q20.uncls_2.seq	51476680	530cf3e04af8bd8e9a601038b767cd4e747bb42fc993bbb4dc2aef3c5f712c65	530cf3e04af8bd8e9a601038b767cd4e747bb42fc993bbb4dc2aef3c5f712c65	true
se_fa	200000	1099	0	se_fa.cls.seq	193094	24566a27210ed4b16b00c26ff296561f163b995a659024885b0119842009758b	24566a27210ed4b16b00c26ff296561f163b995a659024885b0119842009758b	true
se_fa	200000	1099	0	se_fa.uncls.seq	31123604	8c7a4bd4a7ec388dd1b0a185f154a04eb5d37f43da70f31cf48bcf87739fd05e	8c7a4bd4a7ec388dd1b0a185f154a04eb5d37f43da70f31cf48bcf87739fd05e	true
se_fa_wrap	200000	1099	0	se_fa_wrap.cls.seq	193094	24566a27210ed4b16b00c26ff296561f163b995a659024885b0119842009758b	24566a27210ed4b16b00c26ff296561f163b995a659024885b0119842009758b	true
se_fa_wrap	200000	1099	0	se_fa_wrap.uncls.seq	31123604	8c7a4bd4a7ec388dd1b0a185f154a04eb5d37f43da70f31cf48bcf87739fd05e	8c7a4bd4a7ec388dd1b0a185f154a04eb5d37f43da70f31cf48bcf87739fd05e	true
pe_fa_wrap_gz	200000	2167	0	pe_fa_wrap_gz.cls_1.seq	380760	7d4703610dea48e7f02c10be582c55bb4066ecb50b046a53c50a19c0f3a0792f	7d4703610dea48e7f02c10be582c55bb4066ecb50b046a53c50a19c0f3a0792f	true
pe_fa_wrap_gz	200000	2167	0	pe_fa_wrap_gz.cls_2.seq	380760	7e024765c806a92714705bc2a27f1e733380ba11aea819523dded09b412be9cb	7e024765c806a92714705bc2a27f1e733380ba11aea819523dded09b412be9cb	true
pe_fa_wrap_gz	200000	2167	0	pe_fa_wrap_gz.uncls_1.seq	30956470	e259dfb68fc8ba1c2621a8d86302458acee4edd26e8bb0cd8b3ac14e0d2a7ee7	e259dfb68fc8ba1c2621a8d86302458acee4edd26e8bb0cd8b3ac14e0d2a7ee7	true
pe_fa_wrap_gz	200000	2167	0	pe_fa_wrap_gz.uncls_2.seq	30956470	1658e8185a864921107198068c9b2997701ad8efd61d86046ed74dd35cc0dd6d	1658e8185a864921107198068c9b2997701ad8efd61d86046ed74dd35cc0dd6d	true
pe_fa_plain	200000	2167	0	pe_fa_plain.cls_1.seq	380760	7d4703610dea48e7f02c10be582c55bb4066ecb50b046a53c50a19c0f3a0792f	7d4703610dea48e7f02c10be582c55bb4066ecb50b046a53c50a19c0f3a0792f	true
pe_fa_plain	200000	2167	0	pe_fa_plain.cls_2.seq	380760	7e024765c806a92714705bc2a27f1e733380ba11aea819523dded09b412be9cb	7e024765c806a92714705bc2a27f1e733380ba11aea819523dded09b412be9cb	true
pe_fa_plain	200000	2167	0	pe_fa_plain.uncls_1.seq	30956470	e259dfb68fc8ba1c2621a8d86302458acee4edd26e8bb0cd8b3ac14e0d2a7ee7	e259dfb68fc8ba1c2621a8d86302458acee4edd26e8bb0cd8b3ac14e0d2a7ee7	true
pe_fa_plain	200000	2167	0	pe_fa_plain.uncls_2.seq	30956470	1658e8185a864921107198068c9b2997701ad8efd61d86046ed74dd35cc0dd6d	1658e8185a864921107198068c9b2997701ad8efd61d86046ed74dd35cc0dd6d	true
se_fq_crlf	200000	1099	0	se_fq_crlf.cls.seq	306291	86cecce3ed5e86cff7d8edd675ec6b4fc3e2fe13a2525547ded7426d94222d9c	86cecce3ed5e86cff7d8edd675ec6b4fc3e2fe13a2525547ded7426d94222d9c	true
se_fq_crlf	200000	1099	0	se_fq_crlf.uncls.seq	51610407	967a877e1b6c97d453e8efac411437ddbabedc84322611021545fe94e7e707e3	967a877e1b6c97d453e8efac411437ddbabedc84322611021545fe94e7e707e3	true
pe_fq_crlf	200000	2167	0	pe_fq_crlf.cls_1.seq	603961	15029537e2f044acdd4e9669a526f0e2daefc10e854fab7766f0bd0e6e890b7e	15029537e2f044acdd4e9669a526f0e2daefc10e854fab7766f0bd0e6e890b7e	true
pe_fq_crlf	200000	2167	0	pe_fq_crlf.cls_2.seq	603961	ff14da7e23ef4894d072aaa05faae67251074cf25f5e413a3b11f36e8012290f	ff14da7e23ef4894d072aaa05faae67251074cf25f5e413a3b11f36e8012290f	true
pe_fq_crlf	200000	2167	0	pe_fq_crlf.uncls_1.seq	51333269	bf883ecd6026c3e1dbfc0ae9cd8f0b490bd77bb8f932d7f72cf2b3b9fc4e52e3	bf883ecd6026c3e1dbfc0ae9cd8f0b490bd77bb8f932d7f72cf2b3b9fc4e52e3	true
pe_fq_crlf	200000	2167	0	pe_fq_crlf.uncls_2.seq	51333269	241e14d711f6173eacc3c1f196df563165b6879a88abb996d243fbe6711ca266	241e14d711f6173eacc3c1f196df563165b6879a88abb996d243fbe6711ca266	true
pe_fq_slash_tab	200000	2167	0	pe_fq_slash_tab.cls_1.seq	603961	93023700273dce02833930f0688093fa4809bb93d0865feb0d02d2b084134a63	93023700273dce02833930f0688093fa4809bb93d0865feb0d02d2b084134a63	true
pe_fq_slash_tab	200000	2167	0	pe_fq_slash_tab.cls_2.seq	603961	c0c7e55f8fff60ce32c0ff655906559aafdc8efb06025715f945c535c13ede59	c0c7e55f8fff60ce32c0ff655906559aafdc8efb06025715f945c535c13ede59	true
pe_fq_slash_tab	200000	2167	0	pe_fq_slash_tab.uncls_1.seq	51333269	5e97a2ff4d379451fe0ad7bcdaaa05ea3acb7eb38520df3c5ad93eb7d141df51	5e97a2ff4d379451fe0ad7bcdaaa05ea3acb7eb38520df3c5ad93eb7d141df51	true
pe_fq_slash_tab	200000	2167	0	pe_fq_slash_tab.uncls_2.seq	51333269	a8eb3bf174e77f79b985abb979325e75c86c778d95e1146903d0ec53a266558c	a8eb3bf174e77f79b985abb979325e75c86c778d95e1146903d0ec53a266558c	true
ERR478965_se_fq_plain	200000	396	0	ERR478965_se_fq_plain.cls.seq	102636	96dd8811a9457f68db590f25a5a612bcc2554f829bcc60cf7e71cb7cd8c26a37	96dd8811a9457f68db590f25a5a612bcc2554f829bcc60cf7e71cb7cd8c26a37	true
ERR478965_se_fq_plain	200000	396	0	ERR478965_se_fq_plain.uncls.seq	47144136	4c3a1001b3bd9032ab4ef729976f6dbe746eec807eb7fbba88328d2288a23fbc	4c3a1001b3bd9032ab4ef729976f6dbe746eec807eb7fbba88328d2288a23fbc	true
ERR478965_se_fq_gz_auto	200000	396	0	ERR478965_se_fq_gz_auto.cls.seq	102636	96dd8811a9457f68db590f25a5a612bcc2554f829bcc60cf7e71cb7cd8c26a37	96dd8811a9457f68db590f25a5a612bcc2554f829bcc60cf7e71cb7cd8c26a37	true
ERR478965_se_fq_gz_auto	200000	396	0	ERR478965_se_fq_gz_auto.uncls.seq	47144136	4c3a1001b3bd9032ab4ef729976f6dbe746eec807eb7fbba88328d2288a23fbc	4c3a1001b3bd9032ab4ef729976f6dbe746eec807eb7fbba88328d2288a23fbc	true
ERR478965_pe_fq_plain	200000	482	0	ERR478965_pe_fq_plain.cls_1.seq	124347	48482a7a3d27a136de97d84484ad13bfb4956f0a9cd65baacc6077dded2f3558	48482a7a3d27a136de97d84484ad13bfb4956f0a9cd65baacc6077dded2f3558	true
ERR478965_pe_fq_plain	200000	482	0	ERR478965_pe_fq_plain.cls_2.seq	124575	d6c95d5d2108cf0f48509b145f049568add789c637a9d0f6b2503b0b255e79c9	d6c95d5d2108cf0f48509b145f049568add789c637a9d0f6b2503b0b255e79c9	true
ERR478965_pe_fq_plain	200000	482	0	ERR478965_pe_fq_plain.uncls_1.seq	47124229	43ad6cd126fc648140749ceb350b37aacb3e84b101d0922431c96f1e2f2976d2	43ad6cd126fc648140749ceb350b37aacb3e84b101d0922431c96f1e2f2976d2	true
ERR478965_pe_fq_plain	200000	482	0	ERR478965_pe_fq_plain.uncls_2.seq	46960513	4357af8196fe960939a2d0d87d971e3eddec829be8068beb1f363378750e839c	4357af8196fe960939a2d0d87d971e3eddec829be8068beb1f363378750e839c	true
ERR478965_pe_fq_gz_auto	200000	482	0	ERR478965_pe_fq_gz_auto.cls_1.seq	124347	48482a7a3d27a136de97d84484ad13bfb4956f0a9cd65baacc6077dded2f3558	48482a7a3d27a136de97d84484ad13bfb4956f0a9cd65baacc6077dded2f3558	true
ERR478965_pe_fq_gz_auto	200000	482	0	ERR478965_pe_fq_gz_auto.cls_2.seq	124575	d6c95d5d2108cf0f48509b145f049568add789c637a9d0f6b2503b0b255e79c9	d6c95d5d2108cf0f48509b145f049568add789c637a9d0f6b2503b0b255e79c9	true
ERR478965_pe_fq_gz_auto	200000	482	0	ERR478965_pe_fq_gz_auto.uncls_1.seq	47124229	43ad6cd126fc648140749ceb350b37aacb3e84b101d0922431c96f1e2f2976d2	43ad6cd126fc648140749ceb350b37aacb3e84b101d0922431c96f1e2f2976d2	true
ERR478965_pe_fq_gz_auto	200000	482	0	ERR478965_pe_fq_gz_auto.uncls_2.seq	46960513	4357af8196fe960939a2d0d87d971e3eddec829be8068beb1f363378750e839c	4357af8196fe960939a2d0d87d971e3eddec829be8068beb1f363378750e839c	true
