lo	hi	observed	theory	residual	rel_residual	z
1	1	15444914509	1.5446831e+10	-1916061.4	-0.00012404237	-15.41664
2	2	8055115074	8.051186e+09	3929117.9	0.00048801728	43.78901
3	3	4978515537	4.9735507e+09	4964873.7	0.00099825538	70.400368
4	4	3380168144	3.3754043e+09	4763832.6	0.0014113369	81.996174
5	5	2436372677	2.432092e+09	4280669.8	0.0017600772	86.8004
6	6	1830384802	1.8265988e+09	3786018.3	0.0020727148	88.58519
7	7	1417702783	1.4142431e+09	3459705.9	0.0024463304	91.997738
8	8	1123728824	1.1207814e+09	2947374.6	0.0026297496	88.038952
9	9	907216212	9.0471142e+08	2504788.4	0.0027686048	83.27526
10	10	743384761	7.4126493e+08	2119827	0.0028597427	77.859873
11	11	616710616	6.1487705e+08	1833570.3	0.0029820114	73.944084
12	12	516912158	5.1534808e+08	1564075.1	0.0030349877	68.898105
13	13	437065766	4.3575871e+08	1307051.8	0.0029994853	62.613758
14	14	372360073	3.7127628e+08	1083796.3	0.00291911	56.246961
15	15	319349880	3.1844068e+08	909197.49	0.002855155	50.949973
16	16	275480448	2.7472099e+08	759458.3	0.0027644713	45.820309
17	17	238875288	2.3823107e+08	644220.11	0.0027041818	41.738331
18	18	208100272	2.0754212e+08	558154.97	0.0026893576	38.743752
19	19	181988716	1.8155598e+08	432734.04	0.0023834744	32.115581
20	20	159756356	1.5941767e+08	338684.81	0.0021245123	26.824244
21	21	140720508	1.4045377e+08	266738.97	0.0018991229	22.507112
22	22	124304700	1.2412832e+08	176381.45	0.0014209606	15.831333
23	23	110144406	1.1001072e+08	133684.44	0.0012151947	12.74569
24	24	97829870	97752049	77821.155	0.00079610766	7.8710874
25	25	87112388	87067330	45057.828	0.00051750557	4.828838
26	26	77720866	77722157	-1291.4912	-1.661677e-05	-0.14649373
27	27	69487759	69522441	-34681.639	-0.00049885531	-4.1594615
28	28	62256525	62306495	-49970.203	-0.00080200633	-6.3305939
29	29	55856838	55938875	-82037.134	-0.0014665496	-10.968661
30	30	50215685	50305524	-89839.193	-0.0017858713	-12.66654
31	31	45204406	45309934	-105527.93	-0.0023290241	-15.677279
32	32	40746776	40870077	-123300.69	-0.0030168941	-19.286916
33	33	36789877	36915941	-126063.51	-0.00341488	-20.748295
34	34	33252271	33387535	-135263.83	-0.0040513273	-23.409358
35	35	30088983	30233268	-144284.58	-0.0047723779	-26.240818
36	36	27262527	27408617	-146089.78	-0.0053300677	-27.904631
37	37	24727200	24875038	-147837.61	-0.0059432115	-29.641697
38	38	22453974	22599059	-145084.52	-0.0064199364	-30.519393
39	39	20405309	20551530	-146221.3	-0.0071148619	-32.254369
40	40	18557918	18706999	-149081.36	-0.0079692825	-34.468413
41	41	16893294	17043182	-149888.48	-0.00879463	-36.307214
42	42	15390311	15540525	-150213.85	-0.0096659442	-38.104575
43	43	14038400	14181827	-143426.75	-0.010113419	-38.085887
44	44	12804642	12951927	-147285.2	-0.011371682	-40.925303
45	45	11699792	11837435	-137642.74	-0.011627751	-40.005944
46	46	10689433	10826498	-137064.87	-0.01266013	-41.656441
47	47	9775071	9908608.4	-133537.39	-0.013476907	-42.422529
48	48	8939594	9074432.7	-134838.71	-0.014859189	-44.761524
49	49	8186822	8315666.6	-128844.57	-0.015494196	-44.680453
50	50	7497009	7624909.6	-127900.6	-0.016774048	-46.318578
51	51	6873711	6995556.9	-121845.87	-0.017417608	-46.068031
52	52	6303390	6421704.7	-118314.7	-0.018424189	-46.68889
53	53	5786003	5898068.9	-112065.85	-0.019000431	-46.144334
54	54	5310144	5419913.1	-109769.13	-0.020252932	-47.150258
55	55	4876406	4982987.2	-106581.15	-0.021389008	-47.745838
56	56	4481459	4583471.8	-102012.75	-0.022256656	-47.649374
57	57	4118083	4217931.3	-99848.251	-0.023672328	-48.617286
58	58	3787958	3883271.4	-95313.387	-0.024544611	-48.367655
59	59	3484564	3576702.4	-92138.393	-0.02576071	-48.719097
60	60	3204905	3295706.4	-90801.388	-0.027551419	-50.017068
61	61	2950948	3038008.6	-87060.597	-0.028657127	-49.94904
62	62	2718756	2801551.9	-82795.893	-0.029553582	-49.466304
63	63	2507554	2584474.2	-76920.239	-0.029762432	-47.846979
64	64	2309693	2385088.7	-75395.678	-0.031611268	-48.819596
65	128	28182880	29638895	-1456014.7	-0.049125135	-267.44517
129	256	266160	316978.25	-50818.246	-0.16032093	-90.261998
257	512	35	82.299249	-47.299249	-0.57472273	-5.2138233
