seq	utc	set	knob	before	want	after	status
2	2026-10-09T22:37:28Z	none	enabled	madvise	-	madvise	kept
2	2026-10-09T22:37:28Z	none	defrag	madvise	-	madvise	kept
2	2026-10-09T22:37:28Z	none	proactiveness	20	-	20	kept
4	2026-10-09T22:41:45Z	none	enabled	madvise	-	madvise	kept
4	2026-10-09T22:41:45Z	none	defrag	madvise	-	madvise	kept
4	2026-10-09T22:41:45Z	none	proactiveness	20	-	20	kept
6	2026-10-09T22:47:01Z	defermadv	enabled	madvise	-	madvise	kept
6	2026-10-09T22:47:01Z	defermadv	defrag	madvise	defer+madvise	defer+madvise	set
6	2026-10-09T22:47:01Z	defermadv	proactiveness	20	-	20	kept
7	2026-10-09T22:51:18Z	restore	defrag	defer+madvise	madvise	madvise	restored
8	2026-10-09T22:51:19Z	always	enabled	madvise	-	madvise	kept
8	2026-10-09T22:51:19Z	always	defrag	madvise	always	always	set
8	2026-10-09T22:51:19Z	always	proactiveness	20	-	20	kept
9	2026-10-09T22:55:35Z	restore	defrag	always	madvise	madvise	restored
10	2026-10-09T22:55:35Z	precompact	enabled	madvise	-	madvise	kept
10	2026-10-09T22:55:35Z	precompact	defrag	madvise	-	madvise	kept
10	2026-10-09T22:55:35Z	precompact	proactiveness	20	-	20	kept
10	2026-10-09T22:55:35Z	precompact	precompact	-	1	0.105s	done
12	2026-10-09T23:00:32Z	defermadv	enabled	madvise	-	madvise	kept
12	2026-10-09T23:00:32Z	defermadv	defrag	madvise	defer+madvise	defer+madvise	set
12	2026-10-09T23:00:32Z	defermadv	proactiveness	20	-	20	kept
13	2026-10-09T23:06:04Z	restore	defrag	defer+madvise	madvise	madvise	restored
14	2026-10-09T23:06:04Z	defer	enabled	madvise	-	madvise	kept
14	2026-10-09T23:06:05Z	defer	defrag	madvise	defer	defer	set
14	2026-10-09T23:06:05Z	defer	proactiveness	20	-	20	kept
15	2026-10-09T23:10:22Z	restore	defrag	defer	madvise	madvise	restored
16	2026-10-09T23:10:22Z	proactive	enabled	madvise	-	madvise	kept
16	2026-10-09T23:10:22Z	proactive	defrag	madvise	-	madvise	kept
16	2026-10-09T23:10:23Z	proactive	proactiveness	20	100	100	set
17	2026-10-09T23:15:40Z	restore	proactiveness	100	20	20	restored
18	2026-10-09T23:15:41Z	always	enabled	madvise	-	madvise	kept
18	2026-10-09T23:15:41Z	always	defrag	madvise	always	always	set
18	2026-10-09T23:15:41Z	always	proactiveness	20	-	20	kept
19	2026-10-09T23:20:54Z	restore	defrag	always	madvise	madvise	restored
20	2026-10-09T23:20:54Z	none	enabled	madvise	-	madvise	kept
20	2026-10-09T23:20:54Z	none	defrag	madvise	-	madvise	kept
20	2026-10-09T23:20:54Z	none	proactiveness	20	-	20	kept
22	2026-10-09T23:25:11Z	none	enabled	madvise	-	madvise	kept
22	2026-10-09T23:25:12Z	none	defrag	madvise	-	madvise	kept
22	2026-10-09T23:25:12Z	none	proactiveness	20	-	20	kept
24	2026-10-09T23:30:14Z	defer	enabled	madvise	-	madvise	kept
24	2026-10-09T23:30:15Z	defer	defrag	madvise	defer	defer	set
24	2026-10-09T23:30:15Z	defer	proactiveness	20	-	20	kept
25	2026-10-09T23:35:42Z	restore	defrag	defer	madvise	madvise	restored
26	2026-10-09T23:35:43Z	precompact	enabled	madvise	-	madvise	kept
26	2026-10-09T23:35:43Z	precompact	defrag	madvise	-	madvise	kept
26	2026-10-09T23:35:43Z	precompact	proactiveness	20	-	20	kept
26	2026-10-09T23:35:44Z	precompact	precompact	-	1	0.888s	done
28	2026-10-09T23:39:56Z	proactive	enabled	madvise	-	madvise	kept
28	2026-10-09T23:39:56Z	proactive	defrag	madvise	-	madvise	kept
28	2026-10-09T23:39:56Z	proactive	proactiveness	20	100	100	set
29	2026-10-09T23:44:11Z	restore	proactiveness	100	20	20	restored
30	2026-10-09T23:44:11Z	none	enabled	madvise	-	madvise	kept
30	2026-10-09T23:44:11Z	none	defrag	madvise	-	madvise	kept
30	2026-10-09T23:44:11Z	none	proactiveness	20	-	20	kept
32	2026-10-09T23:49:04Z	proactive	enabled	madvise	-	madvise	kept
32	2026-10-09T23:49:04Z	proactive	defrag	madvise	-	madvise	kept
32	2026-10-09T23:49:04Z	proactive	proactiveness	20	100	100	set
33	2026-10-09T23:53:21Z	restore	proactiveness	100	20	20	restored
34	2026-10-09T23:53:22Z	defer	enabled	madvise	-	madvise	kept
34	2026-10-09T23:53:22Z	defer	defrag	madvise	defer	defer	set
34	2026-10-09T23:53:22Z	defer	proactiveness	20	-	20	kept
35	2026-10-09T23:58:03Z	restore	defrag	defer	madvise	madvise	restored
36	2026-10-09T23:58:04Z	none	enabled	madvise	-	madvise	kept
36	2026-10-09T23:58:04Z	none	defrag	madvise	-	madvise	kept
36	2026-10-09T23:58:04Z	none	proactiveness	20	-	20	kept
38	2026-10-10T00:02:17Z	precompact	enabled	madvise	-	madvise	kept
38	2026-10-10T00:02:17Z	precompact	defrag	madvise	-	madvise	kept
38	2026-10-10T00:02:17Z	precompact	proactiveness	20	-	20	kept
38	2026-10-10T00:02:18Z	precompact	precompact	-	1	0.904s	done
40	2026-10-10T00:06:37Z	defermadv	enabled	madvise	-	madvise	kept
40	2026-10-10T00:06:37Z	defermadv	defrag	madvise	defer+madvise	defer+madvise	set
40	2026-10-10T00:06:37Z	defermadv	proactiveness	20	-	20	kept
41	2026-10-10T00:12:48Z	restore	defrag	defer+madvise	madvise	madvise	restored
42	2026-10-10T00:12:49Z	defermadv	enabled	madvise	-	madvise	kept
42	2026-10-10T00:12:49Z	defermadv	defrag	madvise	defer+madvise	defer+madvise	set
42	2026-10-10T00:12:49Z	defermadv	proactiveness	20	-	20	kept
43	2026-10-10T00:17:06Z	restore	defrag	defer+madvise	madvise	madvise	restored
44	2026-10-10T00:17:06Z	proactive	enabled	madvise	-	madvise	kept
44	2026-10-10T00:17:06Z	proactive	defrag	madvise	-	madvise	kept
44	2026-10-10T00:17:06Z	proactive	proactiveness	20	100	100	set
45	2026-10-10T00:23:01Z	restore	proactiveness	100	20	20	restored
46	2026-10-10T00:23:01Z	precompact	enabled	madvise	-	madvise	kept
46	2026-10-10T00:23:01Z	precompact	defrag	madvise	-	madvise	kept
46	2026-10-10T00:23:01Z	precompact	proactiveness	20	-	20	kept
46	2026-10-10T00:23:02Z	precompact	precompact	-	1	0.892s	done
48	2026-10-10T00:28:38Z	defer	enabled	madvise	-	madvise	kept
48	2026-10-10T00:28:38Z	defer	defrag	madvise	defer	defer	set
48	2026-10-10T00:28:38Z	defer	proactiveness	20	-	20	kept
49	2026-10-10T00:32:55Z	restore	defrag	defer	madvise	madvise	restored
50	2026-10-10T00:32:56Z	always	enabled	madvise	-	madvise	kept
50	2026-10-10T00:32:56Z	always	defrag	madvise	always	always	set
50	2026-10-10T00:32:56Z	always	proactiveness	20	-	20	kept
51	2026-10-10T00:38:22Z	restore	defrag	always	madvise	madvise	restored
52	2026-10-10T00:38:23Z	always	enabled	madvise	-	madvise	kept
52	2026-10-10T00:38:23Z	always	defrag	madvise	always	always	set
52	2026-10-10T00:38:23Z	always	proactiveness	20	-	20	kept
53	2026-10-10T00:42:40Z	restore	defrag	always	madvise	madvise	restored
54	2026-10-10T00:42:40Z	defer	enabled	madvise	-	madvise	kept
54	2026-10-10T00:42:40Z	defer	defrag	madvise	defer	defer	set
54	2026-10-10T00:42:40Z	defer	proactiveness	20	-	20	kept
55	2026-10-10T00:46:53Z	restore	defrag	defer	madvise	madvise	restored
56	2026-10-10T00:46:53Z	precompact	enabled	madvise	-	madvise	kept
56	2026-10-10T00:46:53Z	precompact	defrag	madvise	-	madvise	kept
56	2026-10-10T00:46:53Z	precompact	proactiveness	20	-	20	kept
56	2026-10-10T00:46:54Z	precompact	precompact	-	1	0.885s	done
58	2026-10-10T00:52:08Z	proactive	enabled	madvise	-	madvise	kept
58	2026-10-10T00:52:08Z	proactive	defrag	madvise	-	madvise	kept
58	2026-10-10T00:52:08Z	proactive	proactiveness	20	100	100	set
59	2026-10-10T00:57:27Z	restore	proactiveness	100	20	20	restored
60	2026-10-10T00:57:27Z	always	enabled	madvise	-	madvise	kept
60	2026-10-10T00:57:28Z	always	defrag	madvise	always	always	set
60	2026-10-10T00:57:28Z	always	proactiveness	20	-	20	kept
61	2026-10-10T01:01:41Z	restore	defrag	always	madvise	madvise	restored
62	2026-10-10T01:01:41Z	always	enabled	madvise	-	madvise	kept
62	2026-10-10T01:01:41Z	always	defrag	madvise	always	always	set
62	2026-10-10T01:01:41Z	always	proactiveness	20	-	20	kept
63	2026-10-10T01:08:21Z	restore	defrag	always	madvise	madvise	restored
64	2026-10-10T01:08:21Z	precompact	enabled	madvise	-	madvise	kept
64	2026-10-10T01:08:21Z	precompact	defrag	madvise	-	madvise	kept
64	2026-10-10T01:08:21Z	precompact	proactiveness	20	-	20	kept
64	2026-10-10T01:08:22Z	precompact	precompact	-	1	0.884s	done
66	2026-10-10T01:12:35Z	none	enabled	madvise	-	madvise	kept
66	2026-10-10T01:12:35Z	none	defrag	madvise	-	madvise	kept
66	2026-10-10T01:12:35Z	none	proactiveness	20	-	20	kept
68	2026-10-10T01:16:47Z	defer	enabled	madvise	-	madvise	kept
68	2026-10-10T01:16:48Z	defer	defrag	madvise	defer	defer	set
68	2026-10-10T01:16:48Z	defer	proactiveness	20	-	20	kept
69	2026-10-10T01:22:17Z	restore	defrag	defer	madvise	madvise	restored
70	2026-10-10T01:22:18Z	proactive	enabled	madvise	-	madvise	kept
70	2026-10-10T01:22:18Z	proactive	defrag	madvise	-	madvise	kept
70	2026-10-10T01:22:18Z	proactive	proactiveness	20	100	100	set
71	2026-10-10T01:26:32Z	restore	proactiveness	100	20	20	restored
72	2026-10-10T01:26:33Z	defermadv	enabled	madvise	-	madvise	kept
72	2026-10-10T01:26:33Z	defermadv	defrag	madvise	defer+madvise	defer+madvise	set
72	2026-10-10T01:26:33Z	defermadv	proactiveness	20	-	20	kept
73	2026-10-10T01:30:50Z	restore	defrag	defer+madvise	madvise	madvise	restored
74	2026-10-10T01:30:50Z	defermadv	enabled	madvise	-	madvise	kept
74	2026-10-10T01:30:51Z	defermadv	defrag	madvise	defer+madvise	defer+madvise	set
74	2026-10-10T01:30:51Z	defermadv	proactiveness	20	-	20	kept
75	2026-10-10T01:36:11Z	restore	defrag	defer+madvise	madvise	madvise	restored
76	2026-10-10T01:36:11Z	none	enabled	madvise	-	madvise	kept
76	2026-10-10T01:36:12Z	none	defrag	madvise	-	madvise	kept
76	2026-10-10T01:36:12Z	none	proactiveness	20	-	20	kept
