regime	pos	set	pre_free_huge_frac	load_s	classify_s	compact_stall	valid
a	3	defermadv	0.9937	248.038	1.985	0	yes
a	4	always	0.9944	246.183	2.002	0	yes
a	7	defer	0.9911	247.844	2.008	0	yes
a	10	none	0.9925	247.152	2.001	0	yes
a	13	precompact	0.9918	242.673	2.001	0	yes
a	14	proactive	0.9925	244.976	2.005	0	yes
a	16	proactive	0.9914	247.903	2.001	0	yes
a	18	none	0.9906	243.398	1.999	0	yes
a	19	precompact	0.9915	249.074	2.008	0	yes
a	21	defermadv	0.9907	247.465	2.003	0	yes
a	24	defer	0.9907	248.155	1.995	0	yes
a	26	always	0.9893	247.647	2.007	0	yes
a	27	defer	0.9900	242.950	2.013	0	yes
a	30	always	0.9912	243.575	1.999	0	yes
a	32	precompact	0.9929	242.244	1.992	0	yes
a	33	none	0.9935	242.702	2.008	0	yes
a	35	proactive	0.9902	244.688	2.003	0	yes
a	36	defermadv	0.9908	247.340	2.020	0	yes
b	5	precompact	0.9944	282.846	2.904	0	yes
b	6	defermadv	0.9923	316.841	3.136	0	yes
b	8	proactive	0.9920	303.572	3.036	0	yes
b	9	always	0.9936	299.204	2.957	0	yes
b	11	none	0.9933	288.645	3.021	0	yes
b	12	defer	0.9925	313.283	3.050	0	yes
b	15	none	0.9925	278.016	2.997	0	yes
b	17	defer	0.9920	267.767	2.980	0	yes
b	20	defermadv	0.9914	356.373	3.170	0	yes
b	22	proactive	0.9913	339.828	2.955	0	yes
b	23	precompact	0.9897	320.329	3.225	0	yes
b	25	always	0.9914	311.878	2.989	0	yes
b	28	precompact	0.9900	299.382	3.073	0	yes
b	29	proactive	0.9894	304.671	3.224	0	yes
b	31	always	0.9919	384.864	2.964	0	yes
b	34	defer	0.9934	316.023	2.979	0	yes
b	37	defermadv	0.9909	306.443	2.942	0	yes
b	38	none	0.9870	311.196	2.996	0	yes
