batch	role	mode	place	inflight	threads	samples	wall_s	pairs	Mpairs_per_s	rank_pairs_max	rank_pairs_mean	imbalance	planned_imbalance	sample_Mpairs_per_s_min	sample_Mpairs_per_s_median	sample_Mpairs_per_s_max	close_s_median	close_s_max
0	cohort-lpt	parallel:lpt	lpt	2	16	100	75.13	1119577360	14.903	141068301	139947170	1.01	1.01	0.401	0.988	1.314	0.253	0.683
1	cohort-mod	parallel:mod	mod	2	16	100	82.30	1119577360	13.604	154704522	139947170	1.11	1.11	0.229	0.986	1.654	0.260	0.774
2	cohort-lpt	parallel:lpt	lpt	2	16	100	76.87	1119577360	14.564	141068301	139947170	1.01	1.01	0.315	0.975	1.309	0.240	0.588
3	striped	striped	-	1	16	1	6.14	10532910	1.714	10532910	1316614	8.00	-	1.832	1.832	1.832	0.221	0.221
4	striped	striped	-	1	16	1	6.18	10532910	1.704	10532910	1316614	8.00	-	1.830	1.830	1.830	0.240	0.240
5	striped	striped	-	1	16	1	6.19	10532910	1.701	10532910	1316614	8.00	-	1.833	1.833	1.833	0.255	0.255
6	c1-home	parallel:lpt	lpt	2	16	1	6.32	10532910	1.666	10532910	1316614	8.00	8.00	1.785	1.785	1.785	0.257	0.257
7	c1-home	parallel:lpt	lpt	2	16	1	6.28	10532910	1.677	10532910	1316614	8.00	8.00	1.787	1.787	1.787	0.212	0.212
8	c1-home	parallel:lpt	lpt	2	16	1	6.31	10532910	1.668	10532910	1316614	8.00	8.00	1.790	1.790	1.790	0.262	0.262
