spec	driver	rc	gzip_bytes	limit	headroom	note
runs/g0a.json	run.sh	0	13948	15360	1412	
runs/g0c-probes.json	run.sh	0	14067	15360	1293	
runs/g0c-runs.json	run.sh	0	13939	15360	1421	
runs/g1-oracle.json	run.sh	0	14082	15360	1278	
runs/g2-c8gd.json	run.sh	0	14131	15360	1229	
runs/g2-c9gd.json	run.sh	0	14131	15360	1229	
runs/g2-nvme.json	run.sh	0	14129	15360	1231	
runs/g2-nvme2.json	run.sh	0	14131	15360	1229	
runs/g2-nvme3.json	run.sh	0	14135	15360	1225	
runs/g2-ram.json	run.sh	0	14132	15360	1228	
runs/g2-ram2.json	run.sh	0	13998	15360	1362	
runs/g2-smoke.json	run.sh	0	14020	15360	1340	
runs/g3-diag44-r8gd.16xlarge.json	run-multi n=2	0	14040	15360	1320	
runs/g3-e1.json	run-multi n=2	0	14073	15360	1287	
runs/g3-e2-x8g.12xlarge-n2.json	run-multi n=2	0	14361	15360	999	
runs/g3-e2-x8g.24xlarge-n1.json	run-multi n=1	0	14355	15360	1005	
runs/g3-e2-x8g.2xlarge-n16.json	run-multi n=16	0	14359	15360	1001	
runs/g3-e2-x8g.4xlarge-n8.json	run-multi n=8	0	14352	15360	1008	
runs/g3-e2-x8g.8xlarge-n4.json	run-multi n=4	0	14358	15360	1002	
runs/g3-e3-c8g.12xlarge-n16.json	run-multi n=16	0	14358	15360	1002	
runs/g3-e3-c9g.12xlarge-n16.json	run-multi n=16	0	14359	15360	1001	
runs/g3-e3-r8g.4xlarge-n16.json	run-multi n=16	0	14362	15360	998	
runs/g3-e4-c8g.12xlarge-n32.json	run-multi n=32	0	14357	15360	1003	
runs/g3-probe-cont-c8gn.4xlarge.json	run-multi n=2	0	14044	15360	1316	
runs/g3-probe-decomp-c8g.4xlarge.json	run-multi n=2	0	14047	15360	1313	
runs/g3-probe-stage-x8g.24xlarge.json	run-multi n=2	0	14043	15360	1317	
runs/g3-roda-n8.json	run-multi n=8	0	14105	15360	1255	
runs/g3-std8.json	run-multi n=2	0	14125	15360	1235	
runs/g3-u1-x8g.24xlarge.json	run-multi n=2	0	14045	15360	1315	
runs/g3-u2-r8gd.16xlarge.json	run-multi n=2	0	14042	15360	1318	
runs/loadbench-g4.json	run.sh	0	13972	15360	1388	
runs/loadbench.json	run.sh	0	13969	15360	1391	
runs/stage-cohort.json	run-multi n=2	0	13975	15360	1385	
