case	sample	layout	form	args	expected_exit	upstream_exit	ours_exit	upstream_s	ours_s	output_upstream_sha256	output_ours_sha256	report_upstream_sha256	report_ours_sha256	c1_upstream_sha256	c1_ours_sha256	c2_upstream_sha256	c2_ours_sha256	u1_upstream_sha256	u1_ours_sha256	u2_upstream_sha256	u2_ours_sha256	stdout_upstream_sha256	stdout_ours_sha256	files_compared	identical	upstream_exit_ok	stderr_same	control	pass	upstream_classify_s	ours_classify_s	requested_outputs_ok	unexpected_files
se-default-S1	S1	se	fq	-	0	0	0	0.335	0.302	3a8c83c07902033a7c4edd6a0feee535a57b123347df9174664b432d2e2ce28b	3a8c83c07902033a7c4edd6a0feee535a57b123347df9174664b432d2e2ce28b	678502bf55b78ab0a76f605ac30fa33634d667453f5e40f64f42509fd5c88d6d	678502bf55b78ab0a76f605ac30fa33634d667453f5e40f64f42509fd5c88d6d	8808031bbac63e76020e38194d2837281c173d26ad69203c56832d074d236349	8808031bbac63e76020e38194d2837281c173d26ad69203c56832d074d236349	-	-	ab18b9add426abb822fe4fb02af4e31030300cc96c82503729a623f9b98a4225	ab18b9add426abb822fe4fb02af4e31030300cc96c82503729a623f9b98a4225	-	-	e3b0c44298fc1c149afbf4c8996fb92427ae41e4649b934ca495991b7852b855	e3b0c44298fc1c149afbf4c8996fb92427ae41e4649b934ca495991b7852b855	5	yes	yes	yes	no	yes	0.132	0.118	yes	-
pe-default-gz-S1	S1	pe	gz	-	0	0	0	0.954	0.575	527068d2bc8e30eeb7f0cee9152649dc7cb370fbb65d538a322491ff6b6eb074	527068d2bc8e30eeb7f0cee9152649dc7cb370fbb65d538a322491ff6b6eb074	cfee47733e08cf1eb37175342ca7278e6c76ab48ad63ed4a962aa682dc69eae0	cfee47733e08cf1eb37175342ca7278e6c76ab48ad63ed4a962aa682dc69eae0	027fd3adc3928d589047a48b5f8834464e798d05f6e43efe00aa98a58abc4887	027fd3adc3928d589047a48b5f8834464e798d05f6e43efe00aa98a58abc4887	534e3b98eb1e8422791f1b67a0b2fb034d98bb8c159a154a5c1224181b52d301	534e3b98eb1e8422791f1b67a0b2fb034d98bb8c159a154a5c1224181b52d301	11e6c4172010d9895a03eb796bf2daa0715f3b6d770913c6e71b88d19b478066	11e6c4172010d9895a03eb796bf2daa0715f3b6d770913c6e71b88d19b478066	139ecfb51526a7207c3c0648bec17dddb503ae44763882d35f28480a9cad1d68	139ecfb51526a7207c3c0648bec17dddb503ae44763882d35f28480a9cad1d68	e3b0c44298fc1c149afbf4c8996fb92427ae41e4649b934ca495991b7852b855	e3b0c44298fc1c149afbf4c8996fb92427ae41e4649b934ca495991b7852b855	7	yes	yes	yes	no	yes	0.769	0.381	yes	-
se-default-S2	S2	se	fq	-	0	0	0	0.316	0.292	d7faba7da459fbdad2ab5cddbc74dff1ccd1e7eda1975b1b88b8a3ecafc1cbce	d7faba7da459fbdad2ab5cddbc74dff1ccd1e7eda1975b1b88b8a3ecafc1cbce	28654410e06ac8db045fc38ccce31dfa866e32fd37fa6339bef5cb2a2763fbd6	28654410e06ac8db045fc38ccce31dfa866e32fd37fa6339bef5cb2a2763fbd6	cd8e2a5d953d22708c04669cfa854c33bb42fe3a6f6558115eef0115eb239805	cd8e2a5d953d22708c04669cfa854c33bb42fe3a6f6558115eef0115eb239805	-	-	9daad4b5ad3fa5cb2f4034fc4c3ba42263621bbc32190d5f5e0cf01cb1f6eea7	9daad4b5ad3fa5cb2f4034fc4c3ba42263621bbc32190d5f5e0cf01cb1f6eea7	-	-	e3b0c44298fc1c149afbf4c8996fb92427ae41e4649b934ca495991b7852b855	e3b0c44298fc1c149afbf4c8996fb92427ae41e4649b934ca495991b7852b855	5	yes	yes	yes	no	yes	0.128	0.111	yes	-
pe-default-gz-S2	S2	pe	gz	-	0	0	0	0.832	0.519	2a08856370a8c305a5fe4465bca9147dd267f62edb9d680768460ab50a2fc0cd	2a08856370a8c305a5fe4465bca9147dd267f62edb9d680768460ab50a2fc0cd	a1fa0d11a298bf79176d0f47b74ab082784d01007ebf17af8782c407074eb908	a1fa0d11a298bf79176d0f47b74ab082784d01007ebf17af8782c407074eb908	8912943efe33d61c399fc8dc100247c4571739dc2d79f5d4115ffe3bf26e8256	8912943efe33d61c399fc8dc100247c4571739dc2d79f5d4115ffe3bf26e8256	1680b589d198d9936a446fe096adac003f2de1fbc891f78eb12cbb48690d408a	1680b589d198d9936a446fe096adac003f2de1fbc891f78eb12cbb48690d408a	66137781d149245d5e5e95377a239c71a7015071acaddb78ee9ded7a7a0f7aca	66137781d149245d5e5e95377a239c71a7015071acaddb78ee9ded7a7a0f7aca	5a9a9ca6c465664121a81c1b3f59258698350ee73bdca1bdb6641b1772119963	5a9a9ca6c465664121a81c1b3f59258698350ee73bdca1bdb6641b1772119963	e3b0c44298fc1c149afbf4c8996fb92427ae41e4649b934ca495991b7852b855	e3b0c44298fc1c149afbf4c8996fb92427ae41e4649b934ca495991b7852b855	7	yes	yes	yes	no	yes	0.643	0.335	yes	-
se-default-gz-S3	S3	se	gz	-	0	0	0	0.585	0.413	4bd5e3144acf00a69e4364b9e58f6f95f2c0fc9a9af19585fea1e22043ca457c	4bd5e3144acf00a69e4364b9e58f6f95f2c0fc9a9af19585fea1e22043ca457c	e4e378f3e8d422dc5b6452f9319053410ecc0bdc27ff3ebcb085d0ab8a72572a	e4e378f3e8d422dc5b6452f9319053410ecc0bdc27ff3ebcb085d0ab8a72572a	99df2a2551fbe0201162eb8ee7bc0ca8b172c2f985db42782496a7660f67bcb3	99df2a2551fbe0201162eb8ee7bc0ca8b172c2f985db42782496a7660f67bcb3	-	-	4998a4a6971fbc5cc2b18eb39a312358cc6d2c2fa374a19fab4a9e395b1cd806	4998a4a6971fbc5cc2b18eb39a312358cc6d2c2fa374a19fab4a9e395b1cd806	-	-	e3b0c44298fc1c149afbf4c8996fb92427ae41e4649b934ca495991b7852b855	e3b0c44298fc1c149afbf4c8996fb92427ae41e4649b934ca495991b7852b855	5	yes	yes	yes	no	yes	0.400	0.227	yes	-
pe-default-S3	S3	pe	fq	-	0	0	0	0.559	0.517	9c36d9314522dbfa9189a5c594cf5e647f5d50db0966e8ff23fdb21228d4559e	9c36d9314522dbfa9189a5c594cf5e647f5d50db0966e8ff23fdb21228d4559e	9adea9e4b72452adcab6ff1ea4c08908d9ad2ead16ca8141a59c86f96fc119be	9adea9e4b72452adcab6ff1ea4c08908d9ad2ead16ca8141a59c86f96fc119be	4a29b0b4bb9a0c827bdcd02f1d2a1f7dbc0ccea6bedc59bc2e9dbab0b47b06a7	4a29b0b4bb9a0c827bdcd02f1d2a1f7dbc0ccea6bedc59bc2e9dbab0b47b06a7	598b112742aac3ea5c4eea88959376395f3c0a8f4b895e8237ee5ab590afc72e	598b112742aac3ea5c4eea88959376395f3c0a8f4b895e8237ee5ab590afc72e	4c0a3a725e62ff14fc9f9832039df3124bac496ed252fc7072a099d4f746f9ed	4c0a3a725e62ff14fc9f9832039df3124bac496ed252fc7072a099d4f746f9ed	12c674f6ae32405eeccd77c8c39797ef87b26142ed7db4993510cc9111228213	12c674f6ae32405eeccd77c8c39797ef87b26142ed7db4993510cc9111228213	e3b0c44298fc1c149afbf4c8996fb92427ae41e4649b934ca495991b7852b855	e3b0c44298fc1c149afbf4c8996fb92427ae41e4649b934ca495991b7852b855	7	yes	yes	yes	no	yes	0.371	0.315	yes	-
pe-t1-S1	S1	pe	fq	--threads 1	0	0	0	1.372	1.123	527068d2bc8e30eeb7f0cee9152649dc7cb370fbb65d538a322491ff6b6eb074	527068d2bc8e30eeb7f0cee9152649dc7cb370fbb65d538a322491ff6b6eb074	cfee47733e08cf1eb37175342ca7278e6c76ab48ad63ed4a962aa682dc69eae0	cfee47733e08cf1eb37175342ca7278e6c76ab48ad63ed4a962aa682dc69eae0	027fd3adc3928d589047a48b5f8834464e798d05f6e43efe00aa98a58abc4887	027fd3adc3928d589047a48b5f8834464e798d05f6e43efe00aa98a58abc4887	534e3b98eb1e8422791f1b67a0b2fb034d98bb8c159a154a5c1224181b52d301	534e3b98eb1e8422791f1b67a0b2fb034d98bb8c159a154a5c1224181b52d301	11e6c4172010d9895a03eb796bf2daa0715f3b6d770913c6e71b88d19b478066	11e6c4172010d9895a03eb796bf2daa0715f3b6d770913c6e71b88d19b478066	139ecfb51526a7207c3c0648bec17dddb503ae44763882d35f28480a9cad1d68	139ecfb51526a7207c3c0648bec17dddb503ae44763882d35f28480a9cad1d68	e3b0c44298fc1c149afbf4c8996fb92427ae41e4649b934ca495991b7852b855	e3b0c44298fc1c149afbf4c8996fb92427ae41e4649b934ca495991b7852b855	7	yes	yes	yes	no	yes	1.190	0.950	yes	-
se-t1-gz-S3	S3	se	gz	--threads 1	0	0	0	1.385	0.955	4bd5e3144acf00a69e4364b9e58f6f95f2c0fc9a9af19585fea1e22043ca457c	4bd5e3144acf00a69e4364b9e58f6f95f2c0fc9a9af19585fea1e22043ca457c	e4e378f3e8d422dc5b6452f9319053410ecc0bdc27ff3ebcb085d0ab8a72572a	e4e378f3e8d422dc5b6452f9319053410ecc0bdc27ff3ebcb085d0ab8a72572a	99df2a2551fbe0201162eb8ee7bc0ca8b172c2f985db42782496a7660f67bcb3	99df2a2551fbe0201162eb8ee7bc0ca8b172c2f985db42782496a7660f67bcb3	-	-	4998a4a6971fbc5cc2b18eb39a312358cc6d2c2fa374a19fab4a9e395b1cd806	4998a4a6971fbc5cc2b18eb39a312358cc6d2c2fa374a19fab4a9e395b1cd806	-	-	e3b0c44298fc1c149afbf4c8996fb92427ae41e4649b934ca495991b7852b855	e3b0c44298fc1c149afbf4c8996fb92427ae41e4649b934ca495991b7852b855	5	yes	yes	yes	no	yes	1.206	0.774	yes	-
pe-gzflag-S2	S2	pe	gz	--gzip-compressed	0	0	0	0.803	0.494	2a08856370a8c305a5fe4465bca9147dd267f62edb9d680768460ab50a2fc0cd	2a08856370a8c305a5fe4465bca9147dd267f62edb9d680768460ab50a2fc0cd	a1fa0d11a298bf79176d0f47b74ab082784d01007ebf17af8782c407074eb908	a1fa0d11a298bf79176d0f47b74ab082784d01007ebf17af8782c407074eb908	-	-	-	-	-	-	-	-	e3b0c44298fc1c149afbf4c8996fb92427ae41e4649b934ca495991b7852b855	e3b0c44298fc1c149afbf4c8996fb92427ae41e4649b934ca495991b7852b855	3	yes	yes	yes	no	yes	0.615	0.314	yes	-
pe-conf0-S1	S1	pe	fq	--confidence 0	0	0	0	0.402	0.383	527068d2bc8e30eeb7f0cee9152649dc7cb370fbb65d538a322491ff6b6eb074	527068d2bc8e30eeb7f0cee9152649dc7cb370fbb65d538a322491ff6b6eb074	cfee47733e08cf1eb37175342ca7278e6c76ab48ad63ed4a962aa682dc69eae0	cfee47733e08cf1eb37175342ca7278e6c76ab48ad63ed4a962aa682dc69eae0	-	-	-	-	-	-	-	-	e3b0c44298fc1c149afbf4c8996fb92427ae41e4649b934ca495991b7852b855	e3b0c44298fc1c149afbf4c8996fb92427ae41e4649b934ca495991b7852b855	3	yes	yes	yes	no	yes	0.221	0.204	yes	-
pe-conf0.1-S1	S1	pe	fq	--confidence 0.1	0	0	0	0.441	0.428	16b8f38891be38fc52715e0a70a62ec926d2b0715d5e1956c6478b4741f1b3a9	16b8f38891be38fc52715e0a70a62ec926d2b0715d5e1956c6478b4741f1b3a9	bae439f7eb7167039acfa3088ba94cd78f5b35ba5ce03007589e547e1ee79351	bae439f7eb7167039acfa3088ba94cd78f5b35ba5ce03007589e547e1ee79351	df83efc103472fce651c490bb208957a7133e614eb236e9ef9ec834cd854f985	df83efc103472fce651c490bb208957a7133e614eb236e9ef9ec834cd854f985	c47b49c105dad36c696ff4e74eda92b1e0481045ff505ecb21519df3ea6bb529	c47b49c105dad36c696ff4e74eda92b1e0481045ff505ecb21519df3ea6bb529	991c2587b10be36619a9eab4266fabdd302a6c7fb252587728169541171eddc5	991c2587b10be36619a9eab4266fabdd302a6c7fb252587728169541171eddc5	a68e8bfd74b026ff435bc866a2f772016ec5e4d809fa1c5cbe4a35697852390a	a68e8bfd74b026ff435bc866a2f772016ec5e4d809fa1c5cbe4a35697852390a	e3b0c44298fc1c149afbf4c8996fb92427ae41e4649b934ca495991b7852b855	e3b0c44298fc1c149afbf4c8996fb92427ae41e4649b934ca495991b7852b855	7	yes	yes	yes	no	yes	0.261	0.239	yes	-
pe-conf0.5-S1	S1	pe	fq	--confidence 0.5	0	0	0	0.415	0.407	d6596616fe7e1a4a85fd0a454fdd768cf5d5f8b1f48ffc15bd4add728eaf12dc	d6596616fe7e1a4a85fd0a454fdd768cf5d5f8b1f48ffc15bd4add728eaf12dc	bba37afc237c36852be49255f775377d7e2870e7d5c11f18d6460d6a36f76e84	bba37afc237c36852be49255f775377d7e2870e7d5c11f18d6460d6a36f76e84	-	-	-	-	-	-	-	-	e3b0c44298fc1c149afbf4c8996fb92427ae41e4649b934ca495991b7852b855	e3b0c44298fc1c149afbf4c8996fb92427ae41e4649b934ca495991b7852b855	3	yes	yes	yes	no	yes	0.237	0.229	yes	-
se-conf0.1-S3	S3	se	fq	--confidence 0.1	0	0	0	0.382	0.371	16d6ce147f2dfe382ac3b5b1c2ef3244a62b78919d14447be6066ddfb877f4f3	16d6ce147f2dfe382ac3b5b1c2ef3244a62b78919d14447be6066ddfb877f4f3	4d370aa2fbb434f62dd171a1eea2871677b93790c82dcd03a9dd3a864a108daf	4d370aa2fbb434f62dd171a1eea2871677b93790c82dcd03a9dd3a864a108daf	-	-	-	-	-	-	-	-	e3b0c44298fc1c149afbf4c8996fb92427ae41e4649b934ca495991b7852b855	e3b0c44298fc1c149afbf4c8996fb92427ae41e4649b934ca495991b7852b855	3	yes	yes	yes	no	yes	0.193	0.183	yes	-
pe-conf0.5-gz-S2	S2	pe	gz	--confidence 0.5	0	0	0	0.806	0.496	5a968af02f858f2f549ee3c39cb21a347af0179c170fe00cc6b3748125238b11	5a968af02f858f2f549ee3c39cb21a347af0179c170fe00cc6b3748125238b11	bba37afc237c36852be49255f775377d7e2870e7d5c11f18d6460d6a36f76e84	bba37afc237c36852be49255f775377d7e2870e7d5c11f18d6460d6a36f76e84	-	-	-	-	-	-	-	-	e3b0c44298fc1c149afbf4c8996fb92427ae41e4649b934ca495991b7852b855	e3b0c44298fc1c149afbf4c8996fb92427ae41e4649b934ca495991b7852b855	3	yes	yes	yes	no	yes	0.618	0.318	yes	-
pe-mhg1-S1	S1	pe	fq	--minimum-hit-groups 1	0	0	0	0.400	0.377	3694ec1c9185831d4e1bb9ac27953a2f4f388656ce34ef7698ee02ce897b33b4	3694ec1c9185831d4e1bb9ac27953a2f4f388656ce34ef7698ee02ce897b33b4	e33565e623506270d6c75614d109966bb3d7de455dc500c93a1e42432b4a888a	e33565e623506270d6c75614d109966bb3d7de455dc500c93a1e42432b4a888a	-	-	-	-	-	-	-	-	e3b0c44298fc1c149afbf4c8996fb92427ae41e4649b934ca495991b7852b855	e3b0c44298fc1c149afbf4c8996fb92427ae41e4649b934ca495991b7852b855	3	yes	yes	yes	no	yes	0.223	0.200	yes	-
pe-mhg3-S1	S1	pe	fq	--minimum-hit-groups 3	0	0	0	0.404	0.376	51c82d6ed2c2ff3bcc1e7dac351b6120d9bb2f4e85d53b6377808faee6d8a99b	51c82d6ed2c2ff3bcc1e7dac351b6120d9bb2f4e85d53b6377808faee6d8a99b	27e1c0f6e9cdd9129df2c64f2d66d13c946e6e4c4fc8f406218b509bd34580ee	27e1c0f6e9cdd9129df2c64f2d66d13c946e6e4c4fc8f406218b509bd34580ee	-	-	-	-	-	-	-	-	e3b0c44298fc1c149afbf4c8996fb92427ae41e4649b934ca495991b7852b855	e3b0c44298fc1c149afbf4c8996fb92427ae41e4649b934ca495991b7852b855	3	yes	yes	yes	no	yes	0.221	0.199	yes	-
se-mhg3-S2	S2	se	fq	--minimum-hit-groups 3	0	0	0	0.293	0.272	c72ac076150211c2b7a807bb9e8ab10185455a0b7b0a9924013152bcb63a0151	c72ac076150211c2b7a807bb9e8ab10185455a0b7b0a9924013152bcb63a0151	852eac77df1734d45ccf6fde1eff224628b8848eec619b8c107c158f4624fd84	852eac77df1734d45ccf6fde1eff224628b8848eec619b8c107c158f4624fd84	-	-	-	-	-	-	-	-	e3b0c44298fc1c149afbf4c8996fb92427ae41e4649b934ca495991b7852b855	e3b0c44298fc1c149afbf4c8996fb92427ae41e4649b934ca495991b7852b855	3	yes	yes	yes	no	yes	0.112	0.098	yes	-
pe-mhg2-S3	S3	pe	fq	--minimum-hit-groups 2	0	0	0	0.513	0.468	9c36d9314522dbfa9189a5c594cf5e647f5d50db0966e8ff23fdb21228d4559e	9c36d9314522dbfa9189a5c594cf5e647f5d50db0966e8ff23fdb21228d4559e	9adea9e4b72452adcab6ff1ea4c08908d9ad2ead16ca8141a59c86f96fc119be	9adea9e4b72452adcab6ff1ea4c08908d9ad2ead16ca8141a59c86f96fc119be	-	-	-	-	-	-	-	-	e3b0c44298fc1c149afbf4c8996fb92427ae41e4649b934ca495991b7852b855	e3b0c44298fc1c149afbf4c8996fb92427ae41e4649b934ca495991b7852b855	3	yes	yes	yes	no	yes	0.333	0.286	yes	-
pe-quick-S1	S1	pe	fq	--quick	0	0	0	0.394	0.436	2d1fca6385133c7db859cef9b6e7bb921d33afc8751f1edf3ebed7e11b8201ed	2d1fca6385133c7db859cef9b6e7bb921d33afc8751f1edf3ebed7e11b8201ed	a9f559550fbb48d27d90a76f89efb41a4ae7de1c17bbb006564093c14c7136ed	a9f559550fbb48d27d90a76f89efb41a4ae7de1c17bbb006564093c14c7136ed	bbfc859fbfa7c0540707212e00cffe2b7fc64ea4530a79b7315edbfef0f8a0c9	bbfc859fbfa7c0540707212e00cffe2b7fc64ea4530a79b7315edbfef0f8a0c9	e624c65a5c1e1b141b8f9be4086642f9332e02babad54f5581466898bb8882f8	e624c65a5c1e1b141b8f9be4086642f9332e02babad54f5581466898bb8882f8	11e6c4172010d9895a03eb796bf2daa0715f3b6d770913c6e71b88d19b478066	11e6c4172010d9895a03eb796bf2daa0715f3b6d770913c6e71b88d19b478066	139ecfb51526a7207c3c0648bec17dddb503ae44763882d35f28480a9cad1d68	139ecfb51526a7207c3c0648bec17dddb503ae44763882d35f28480a9cad1d68	e3b0c44298fc1c149afbf4c8996fb92427ae41e4649b934ca495991b7852b855	e3b0c44298fc1c149afbf4c8996fb92427ae41e4649b934ca495991b7852b855	7	yes	yes	yes	no	yes	0.212	0.211	yes	-
pe-quick-conf0.5-S1	S1	pe	fq	--quick --confidence 0.5	0	0	0	0.400	0.385	0e1420042f8371198f3d3a6a83a790457aacf57fadbcd0ffff5b8bc79659355c	0e1420042f8371198f3d3a6a83a790457aacf57fadbcd0ffff5b8bc79659355c	05e848ee5b15985763685e7659efe41480c51d14b5d88c3b981319bda61876e9	05e848ee5b15985763685e7659efe41480c51d14b5d88c3b981319bda61876e9	-	-	-	-	-	-	-	-	e3b0c44298fc1c149afbf4c8996fb92427ae41e4649b934ca495991b7852b855	e3b0c44298fc1c149afbf4c8996fb92427ae41e4649b934ca495991b7852b855	3	yes	yes	yes	no	yes	0.202	0.207	yes	-
se-quick-mhg1-gz-S3	S3	se	gz	--quick --minimum-hit-groups 1	0	0	0	0.532	0.371	0a24d510fe6bd32aa63acafcdcd1a0746965df052f282a8eae54bedef3b8a7c5	0a24d510fe6bd32aa63acafcdcd1a0746965df052f282a8eae54bedef3b8a7c5	77c47c02c63de944397bee8e7a75090d8a6b13cc43eb0ed2ebbd63d0f0529b9e	77c47c02c63de944397bee8e7a75090d8a6b13cc43eb0ed2ebbd63d0f0529b9e	-	-	-	-	-	-	-	-	e3b0c44298fc1c149afbf4c8996fb92427ae41e4649b934ca495991b7852b855	e3b0c44298fc1c149afbf4c8996fb92427ae41e4649b934ca495991b7852b855	3	yes	yes	yes	no	yes	0.353	0.198	yes	-
pe-zero-S1	S1	pe	fq	--report-zero-counts	0	0	0	0.458	0.379	-	-	f7fc9ed564b65bd65137b003624db0a4b23e40593a63e209377f895fe2dff0e0	f7fc9ed564b65bd65137b003624db0a4b23e40593a63e209377f895fe2dff0e0	-	-	-	-	-	-	-	-	e3b0c44298fc1c149afbf4c8996fb92427ae41e4649b934ca495991b7852b855	e3b0c44298fc1c149afbf4c8996fb92427ae41e4649b934ca495991b7852b855	2	yes	yes	yes	no	yes	0.185	0.187	yes	-
se-mpa-S1	S1	se	fq	--use-mpa-style	0	0	0	0.273	0.263	-	-	89c544915f21c18ed2b5c0c58affb29616b18e6b7de34722bc590b2fc9c71c75	89c544915f21c18ed2b5c0c58affb29616b18e6b7de34722bc590b2fc9c71c75	-	-	-	-	-	-	-	-	e3b0c44298fc1c149afbf4c8996fb92427ae41e4649b934ca495991b7852b855	e3b0c44298fc1c149afbf4c8996fb92427ae41e4649b934ca495991b7852b855	2	yes	yes	yes	no	yes	0.095	0.094	yes	-
pe-mpa-zero-gz-S3	S3	pe	gz	--use-mpa-style --report-zero-counts	0	0	0	0.940	0.517	-	-	d4ded93110c7eac766006b1761a60a3b03acc1ff24b6e9c8c841c9ecf886682d	d4ded93110c7eac766006b1761a60a3b03acc1ff24b6e9c8c841c9ecf886682d	-	-	-	-	-	-	-	-	e3b0c44298fc1c149afbf4c8996fb92427ae41e4649b934ca495991b7852b855	e3b0c44298fc1c149afbf4c8996fb92427ae41e4649b934ca495991b7852b855	2	yes	yes	yes	no	yes	0.697	0.319	yes	-
pe-conf0.1-zero-S2	S2	pe	fq	--confidence 0.1 --report-zero-counts	0	0	0	0.464	0.375	-	-	b61da71230f3ac75b9997acff5d89312be5b69f5e5f937f43289f62d2bd4e418	b61da71230f3ac75b9997acff5d89312be5b69f5e5f937f43289f62d2bd4e418	-	-	-	-	-	-	-	-	e3b0c44298fc1c149afbf4c8996fb92427ae41e4649b934ca495991b7852b855	e3b0c44298fc1c149afbf4c8996fb92427ae41e4649b934ca495991b7852b855	2	yes	yes	yes	no	yes	0.186	0.177	yes	-
pe-names-S1	S1	pe	fq	--use-names	0	0	0	0.423	0.382	2d8752c33e425fb85b9e377c6c9de9675a224c6fc84ef3dc1da85dd2a109b388	2d8752c33e425fb85b9e377c6c9de9675a224c6fc84ef3dc1da85dd2a109b388	cfee47733e08cf1eb37175342ca7278e6c76ab48ad63ed4a962aa682dc69eae0	cfee47733e08cf1eb37175342ca7278e6c76ab48ad63ed4a962aa682dc69eae0	-	-	-	-	-	-	-	-	e3b0c44298fc1c149afbf4c8996fb92427ae41e4649b934ca495991b7852b855	e3b0c44298fc1c149afbf4c8996fb92427ae41e4649b934ca495991b7852b855	3	yes	yes	yes	no	yes	0.225	0.201	yes	-
se-names-conf0.5-S3	S3	se	fq	--use-names --confidence 0.5	0	0	0	0.372	0.352	7b0463c268995710dd91e40e6d35e529c111c5f0da09b5381cd049929fe028c0	7b0463c268995710dd91e40e6d35e529c111c5f0da09b5381cd049929fe028c0	bba37afc237c36852be49255f775377d7e2870e7d5c11f18d6460d6a36f76e84	bba37afc237c36852be49255f775377d7e2870e7d5c11f18d6460d6a36f76e84	-	-	-	-	-	-	-	-	e3b0c44298fc1c149afbf4c8996fb92427ae41e4649b934ca495991b7852b855	e3b0c44298fc1c149afbf4c8996fb92427ae41e4649b934ca495991b7852b855	3	yes	yes	yes	no	yes	0.194	0.179	yes	-
se-q20-S1	S1	se	fq	--minimum-base-quality 20	0	0	0	0.309	0.281	f4d0508ed2de85b6701fdf6f16db438c2bd087e0cdbd4fdb14ca115775f8240d	f4d0508ed2de85b6701fdf6f16db438c2bd087e0cdbd4fdb14ca115775f8240d	1dbd4e6f97216a27fc767c7f975316961f6b63dac07e87fa129ff55d0e0c2481	1dbd4e6f97216a27fc767c7f975316961f6b63dac07e87fa129ff55d0e0c2481	80adeb6d9cc0c051551049404b94140ff2974feeeac4fad2bf7afa1aaeada041	80adeb6d9cc0c051551049404b94140ff2974feeeac4fad2bf7afa1aaeada041	-	-	e94ec782f01d0d4111bba9574d0cbe89ceda1cb56632c7cc6d0e485a4637f236	e94ec782f01d0d4111bba9574d0cbe89ceda1cb56632c7cc6d0e485a4637f236	-	-	e3b0c44298fc1c149afbf4c8996fb92427ae41e4649b934ca495991b7852b855	e3b0c44298fc1c149afbf4c8996fb92427ae41e4649b934ca495991b7852b855	5	yes	yes	yes	no	yes	0.126	0.114	yes	-
pe-q20-gz-S2	S2	pe	gz	--minimum-base-quality 20	0	0	0	0.838	0.536	2a08856370a8c305a5fe4465bca9147dd267f62edb9d680768460ab50a2fc0cd	2a08856370a8c305a5fe4465bca9147dd267f62edb9d680768460ab50a2fc0cd	a1fa0d11a298bf79176d0f47b74ab082784d01007ebf17af8782c407074eb908	a1fa0d11a298bf79176d0f47b74ab082784d01007ebf17af8782c407074eb908	8912943efe33d61c399fc8dc100247c4571739dc2d79f5d4115ffe3bf26e8256	8912943efe33d61c399fc8dc100247c4571739dc2d79f5d4115ffe3bf26e8256	1680b589d198d9936a446fe096adac003f2de1fbc891f78eb12cbb48690d408a	1680b589d198d9936a446fe096adac003f2de1fbc891f78eb12cbb48690d408a	66137781d149245d5e5e95377a239c71a7015071acaddb78ee9ded7a7a0f7aca	66137781d149245d5e5e95377a239c71a7015071acaddb78ee9ded7a7a0f7aca	5a9a9ca6c465664121a81c1b3f59258698350ee73bdca1bdb6641b1772119963	5a9a9ca6c465664121a81c1b3f59258698350ee73bdca1bdb6641b1772119963	e3b0c44298fc1c149afbf4c8996fb92427ae41e4649b934ca495991b7852b855	e3b0c44298fc1c149afbf4c8996fb92427ae41e4649b934ca495991b7852b855	7	yes	yes	yes	no	yes	0.649	0.341	yes	-
pe-mmap-S1	S1	pe	fq	--memory-mapping	0	0	0	0.329	0.318	527068d2bc8e30eeb7f0cee9152649dc7cb370fbb65d538a322491ff6b6eb074	527068d2bc8e30eeb7f0cee9152649dc7cb370fbb65d538a322491ff6b6eb074	cfee47733e08cf1eb37175342ca7278e6c76ab48ad63ed4a962aa682dc69eae0	cfee47733e08cf1eb37175342ca7278e6c76ab48ad63ed4a962aa682dc69eae0	027fd3adc3928d589047a48b5f8834464e798d05f6e43efe00aa98a58abc4887	027fd3adc3928d589047a48b5f8834464e798d05f6e43efe00aa98a58abc4887	534e3b98eb1e8422791f1b67a0b2fb034d98bb8c159a154a5c1224181b52d301	534e3b98eb1e8422791f1b67a0b2fb034d98bb8c159a154a5c1224181b52d301	11e6c4172010d9895a03eb796bf2daa0715f3b6d770913c6e71b88d19b478066	11e6c4172010d9895a03eb796bf2daa0715f3b6d770913c6e71b88d19b478066	139ecfb51526a7207c3c0648bec17dddb503ae44763882d35f28480a9cad1d68	139ecfb51526a7207c3c0648bec17dddb503ae44763882d35f28480a9cad1d68	e3b0c44298fc1c149afbf4c8996fb92427ae41e4649b934ca495991b7852b855	e3b0c44298fc1c149afbf4c8996fb92427ae41e4649b934ca495991b7852b855	7	yes	yes	yes	no	yes	0.260	0.235	yes	-
se-mmap-t1-S3	S3	se	fq	--memory-mapping --threads 1	0	0	0	0.989	0.838	4bd5e3144acf00a69e4364b9e58f6f95f2c0fc9a9af19585fea1e22043ca457c	4bd5e3144acf00a69e4364b9e58f6f95f2c0fc9a9af19585fea1e22043ca457c	e4e378f3e8d422dc5b6452f9319053410ecc0bdc27ff3ebcb085d0ab8a72572a	e4e378f3e8d422dc5b6452f9319053410ecc0bdc27ff3ebcb085d0ab8a72572a	-	-	-	-	-	-	-	-	e3b0c44298fc1c149afbf4c8996fb92427ae41e4649b934ca495991b7852b855	e3b0c44298fc1c149afbf4c8996fb92427ae41e4649b934ca495991b7852b855	3	yes	yes	yes	no	yes	0.927	0.778	yes	-
pe-slash-slash	slash	pe	fq	-	0	0	0	0.449	0.441	527068d2bc8e30eeb7f0cee9152649dc7cb370fbb65d538a322491ff6b6eb074	527068d2bc8e30eeb7f0cee9152649dc7cb370fbb65d538a322491ff6b6eb074	cfee47733e08cf1eb37175342ca7278e6c76ab48ad63ed4a962aa682dc69eae0	cfee47733e08cf1eb37175342ca7278e6c76ab48ad63ed4a962aa682dc69eae0	96ed3e438cc8c6c67e281b6dc824a58baf1abb4c7df5d35466428330efad5b74	96ed3e438cc8c6c67e281b6dc824a58baf1abb4c7df5d35466428330efad5b74	8810b1841c4b03f9e547ca44374f0d72a2477fb7457d58a61270d20c69f87b45	8810b1841c4b03f9e547ca44374f0d72a2477fb7457d58a61270d20c69f87b45	816eff05b05916294418b062494e83dc82f6297155f7ae2ef560fec6c9769a70	816eff05b05916294418b062494e83dc82f6297155f7ae2ef560fec6c9769a70	9997b5f393dd9a4d7f7667fde05026302818f25fb2a5483a0066e255b6022adb	9997b5f393dd9a4d7f7667fde05026302818f25fb2a5483a0066e255b6022adb	e3b0c44298fc1c149afbf4c8996fb92427ae41e4649b934ca495991b7852b855	e3b0c44298fc1c149afbf4c8996fb92427ae41e4649b934ca495991b7852b855	7	yes	yes	yes	no	yes	0.261	0.239	yes	-
se-slash-slash	slash	se	fq	-	0	0	0	0.322	0.299	e5ade31e44b436432876ca0223632bdd2b9d4d794bc295793e271eb3c645477b	e5ade31e44b436432876ca0223632bdd2b9d4d794bc295793e271eb3c645477b	-	-	30ea1245dbe4f45c85966e9755a77285f8829def2767be4c5a8eea195b3e0c13	30ea1245dbe4f45c85966e9755a77285f8829def2767be4c5a8eea195b3e0c13	-	-	235f85c30f3a9808ec35d309ecc9291ad7347201f6cd48df09b8584c08df4d71	235f85c30f3a9808ec35d309ecc9291ad7347201f6cd48df09b8584c08df4d71	-	-	e3b0c44298fc1c149afbf4c8996fb92427ae41e4649b934ca495991b7852b855	e3b0c44298fc1c149afbf4c8996fb92427ae41e4649b934ca495991b7852b855	4	yes	yes	yes	no	yes	0.136	0.118	yes	-
se-short-short	short	se	fq	-	0	0	0	0.310	0.285	b582610647032fb84f585b09f137383386b457ca168c27e9e04998aaaa2c51b0	b582610647032fb84f585b09f137383386b457ca168c27e9e04998aaaa2c51b0	81e4e57bdbb79fa6baf2f1853ef6649197232ed15f2a68613645528340b38bb4	81e4e57bdbb79fa6baf2f1853ef6649197232ed15f2a68613645528340b38bb4	8d6f0c23d5a796e8885e19289baebbb0a7eb6360da118444f6fcec0e2704cbe1	8d6f0c23d5a796e8885e19289baebbb0a7eb6360da118444f6fcec0e2704cbe1	-	-	7c1d507d847409e39a5191e952fde69b99b7987703a3f64c9439ee552d26023c	7c1d507d847409e39a5191e952fde69b99b7987703a3f64c9439ee552d26023c	-	-	e3b0c44298fc1c149afbf4c8996fb92427ae41e4649b934ca495991b7852b855	e3b0c44298fc1c149afbf4c8996fb92427ae41e4649b934ca495991b7852b855	5	yes	yes	yes	no	yes	0.121	0.117	yes	-
pe-short-short	short	pe	fq	-	0	0	0	0.409	0.377	b560f513cf508f2825219ecd81e92bdfa95daf9084af6e6c0b4193a5f57604aa	b560f513cf508f2825219ecd81e92bdfa95daf9084af6e6c0b4193a5f57604aa	c73a6d84c6d19f7a0575b819450e001468b726e706fbfe2ea1c90c30e818bc3e	c73a6d84c6d19f7a0575b819450e001468b726e706fbfe2ea1c90c30e818bc3e	ef035a8c3af7581c241f54680727937bb8282d5f0aaf1987e7027e7a0b52982c	ef035a8c3af7581c241f54680727937bb8282d5f0aaf1987e7027e7a0b52982c	68516e19677328500f50733621dd4024f46e13be528b2c02087fe4cabce8e622	68516e19677328500f50733621dd4024f46e13be528b2c02087fe4cabce8e622	c07e6685807bba018e91489ba175540164a8b128a9f15d48ab501b62d64ddd11	c07e6685807bba018e91489ba175540164a8b128a9f15d48ab501b62d64ddd11	3966391487015b6a72a2099482ab2cf6a90d7e6f3afbee4a92fc2135e3f16352	3966391487015b6a72a2099482ab2cf6a90d7e6f3afbee4a92fc2135e3f16352	e3b0c44298fc1c149afbf4c8996fb92427ae41e4649b934ca495991b7852b855	e3b0c44298fc1c149afbf4c8996fb92427ae41e4649b934ca495991b7852b855	7	yes	yes	yes	no	yes	0.222	0.191	yes	-
pe-short-q20-gz-short	short	pe	gz	--minimum-base-quality 20	0	0	0	0.742	0.476	b560f513cf508f2825219ecd81e92bdfa95daf9084af6e6c0b4193a5f57604aa	b560f513cf508f2825219ecd81e92bdfa95daf9084af6e6c0b4193a5f57604aa	c73a6d84c6d19f7a0575b819450e001468b726e706fbfe2ea1c90c30e818bc3e	c73a6d84c6d19f7a0575b819450e001468b726e706fbfe2ea1c90c30e818bc3e	ef035a8c3af7581c241f54680727937bb8282d5f0aaf1987e7027e7a0b52982c	ef035a8c3af7581c241f54680727937bb8282d5f0aaf1987e7027e7a0b52982c	68516e19677328500f50733621dd4024f46e13be528b2c02087fe4cabce8e622	68516e19677328500f50733621dd4024f46e13be528b2c02087fe4cabce8e622	c07e6685807bba018e91489ba175540164a8b128a9f15d48ab501b62d64ddd11	c07e6685807bba018e91489ba175540164a8b128a9f15d48ab501b62d64ddd11	3966391487015b6a72a2099482ab2cf6a90d7e6f3afbee4a92fc2135e3f16352	3966391487015b6a72a2099482ab2cf6a90d7e6f3afbee4a92fc2135e3f16352	e3b0c44298fc1c149afbf4c8996fb92427ae41e4649b934ca495991b7852b855	e3b0c44298fc1c149afbf4c8996fb92427ae41e4649b934ca495991b7852b855	7	yes	yes	yes	no	yes	0.540	0.286	yes	-
pe-short-quick-short	short	pe	fq	--quick	0	0	0	0.357	0.338	3220ea7330108d093b4d42252ff42c36db4f052ba3803c3a2a46e5917a365fcb	3220ea7330108d093b4d42252ff42c36db4f052ba3803c3a2a46e5917a365fcb	200fac7a8cdde3d0d9fef8d484b39490c983ebebd4360554e73769655b7e3680	200fac7a8cdde3d0d9fef8d484b39490c983ebebd4360554e73769655b7e3680	-	-	-	-	-	-	-	-	e3b0c44298fc1c149afbf4c8996fb92427ae41e4649b934ca495991b7852b855	e3b0c44298fc1c149afbf4c8996fb92427ae41e4649b934ca495991b7852b855	3	yes	yes	yes	no	yes	0.173	0.161	yes	-
se-multi-S1,S2	S1,S2	se	fq	-	0	0	0	0.435	0.395	7f5ee20cd2307efc9e31609ad7625a893fd7fd7f73b03755eba0e8240dccf4db	7f5ee20cd2307efc9e31609ad7625a893fd7fd7f73b03755eba0e8240dccf4db	ada3e3b90f038908f8976d45674a3d2f8036e69e725e71b40071f558afa684f7	ada3e3b90f038908f8976d45674a3d2f8036e69e725e71b40071f558afa684f7	970e4cf77a1b4192fa189c9c86d22b8491852f1f7dcf07748479332275497f83	970e4cf77a1b4192fa189c9c86d22b8491852f1f7dcf07748479332275497f83	-	-	1e8a688e32b190e4fb17acb3160f03cf4108703c53ad3212eca3fdb8969e8150	1e8a688e32b190e4fb17acb3160f03cf4108703c53ad3212eca3fdb8969e8150	-	-	e3b0c44298fc1c149afbf4c8996fb92427ae41e4649b934ca495991b7852b855	e3b0c44298fc1c149afbf4c8996fb92427ae41e4649b934ca495991b7852b855	5	yes	yes	yes	no	yes	0.244	0.213	yes	-
pe-multi-gz-S2,S3	S2,S3	pe	gz	--report-zero-counts	0	0	0	1.694	0.915	3b3b9e9b3f7523afc20d73e8f2e9013935303166d4bb7afcd7ea419008b17ba1	3b3b9e9b3f7523afc20d73e8f2e9013935303166d4bb7afcd7ea419008b17ba1	5dc5a255534329cf31273c7356fcd0c5356a615a452815f25b7c2fcf9be3e4e0	5dc5a255534329cf31273c7356fcd0c5356a615a452815f25b7c2fcf9be3e4e0	30556bd60d0558653c79efdfb7262c6275df814c56f79bad4a7d039a4bf557dc	30556bd60d0558653c79efdfb7262c6275df814c56f79bad4a7d039a4bf557dc	2644585bd1ddc914e624862d5d51cfeb89177d11d6dff014fa8d0b48116fceb8	2644585bd1ddc914e624862d5d51cfeb89177d11d6dff014fa8d0b48116fceb8	b30e117a38026268378230cf4ac2276b516f8e98bb2b4c6f81ba98dd17c27084	b30e117a38026268378230cf4ac2276b516f8e98bb2b4c6f81ba98dd17c27084	7c3c918c4e757b668d981cdf8758ea63fb36db0bf110f27e05d55eaa36262c8e	7c3c918c4e757b668d981cdf8758ea63fb36db0bf110f27e05d55eaa36262c8e	e3b0c44298fc1c149afbf4c8996fb92427ae41e4649b934ca495991b7852b855	e3b0c44298fc1c149afbf4c8996fb92427ae41e4649b934ca495991b7852b855	7	yes	yes	yes	no	yes	1.401	0.687	yes	-
se-empty-empty	empty	se	fq	-	0	0	0	0.179	0.166	absent	absent	e3b0c44298fc1c149afbf4c8996fb92427ae41e4649b934ca495991b7852b855	e3b0c44298fc1c149afbf4c8996fb92427ae41e4649b934ca495991b7852b855	absent	absent	-	-	absent	absent	-	-	e3b0c44298fc1c149afbf4c8996fb92427ae41e4649b934ca495991b7852b855	e3b0c44298fc1c149afbf4c8996fb92427ae41e4649b934ca495991b7852b855	5	yes	yes	yes	no	yes	0.001	0.000	yes	-
se-empty-zero-empty	empty	se	fq	--report-zero-counts	0	0	0	0.265	0.178	absent	absent	82c3d00cc21b4f47da5c8014ca6936d4e5b59f818b30467cc03de0d08e2fa3f7	82c3d00cc21b4f47da5c8014ca6936d4e5b59f818b30467cc03de0d08e2fa3f7	-	-	-	-	-	-	-	-	e3b0c44298fc1c149afbf4c8996fb92427ae41e4649b934ca495991b7852b855	e3b0c44298fc1c149afbf4c8996fb92427ae41e4649b934ca495991b7852b855	3	yes	yes	yes	no	yes	0.001	0.000	yes	-
se-stdout-S1	S1	se	fq	-	0	0	0	0.294	0.269	-	-	678502bf55b78ab0a76f605ac30fa33634d667453f5e40f64f42509fd5c88d6d	678502bf55b78ab0a76f605ac30fa33634d667453f5e40f64f42509fd5c88d6d	-	-	-	-	-	-	-	-	3a8c83c07902033a7c4edd6a0feee535a57b123347df9174664b432d2e2ce28b	3a8c83c07902033a7c4edd6a0feee535a57b123347df9174664b432d2e2ce28b	2	yes	yes	yes	no	yes	0.115	0.105	yes	-
pe-stdout-cls-gz-S3	S3	pe	gz	--threads 4	0	0	0	0.955	0.687	-	-	9adea9e4b72452adcab6ff1ea4c08908d9ad2ead16ca8141a59c86f96fc119be	9adea9e4b72452adcab6ff1ea4c08908d9ad2ead16ca8141a59c86f96fc119be	4a29b0b4bb9a0c827bdcd02f1d2a1f7dbc0ccea6bedc59bc2e9dbab0b47b06a7	4a29b0b4bb9a0c827bdcd02f1d2a1f7dbc0ccea6bedc59bc2e9dbab0b47b06a7	598b112742aac3ea5c4eea88959376395f3c0a8f4b895e8237ee5ab590afc72e	598b112742aac3ea5c4eea88959376395f3c0a8f4b895e8237ee5ab590afc72e	4c0a3a725e62ff14fc9f9832039df3124bac496ed252fc7072a099d4f746f9ed	4c0a3a725e62ff14fc9f9832039df3124bac496ed252fc7072a099d4f746f9ed	12c674f6ae32405eeccd77c8c39797ef87b26142ed7db4993510cc9111228213	12c674f6ae32405eeccd77c8c39797ef87b26142ed7db4993510cc9111228213	9c36d9314522dbfa9189a5c594cf5e647f5d50db0966e8ff23fdb21228d4559e	9c36d9314522dbfa9189a5c594cf5e647f5d50db0966e8ff23fdb21228d4559e	6	yes	yes	yes	no	yes	0.770	0.500	yes	-
pe-fasta-fasta	fasta	pe	fa	-	0	0	0	0.533	0.475	527068d2bc8e30eeb7f0cee9152649dc7cb370fbb65d538a322491ff6b6eb074	527068d2bc8e30eeb7f0cee9152649dc7cb370fbb65d538a322491ff6b6eb074	cfee47733e08cf1eb37175342ca7278e6c76ab48ad63ed4a962aa682dc69eae0	cfee47733e08cf1eb37175342ca7278e6c76ab48ad63ed4a962aa682dc69eae0	1a9bf0db288ca7179a72c336c7b15ade0168d3c3b5de1d77e25f8a90b438dde2	1a9bf0db288ca7179a72c336c7b15ade0168d3c3b5de1d77e25f8a90b438dde2	aa8bfc3a8d0dfe334ee2f5d9f0fc52ebf60286e257f74589b174fb4777ed3373	aa8bfc3a8d0dfe334ee2f5d9f0fc52ebf60286e257f74589b174fb4777ed3373	9ece272ed25f652b64967ff534a0117c4dbe2632dcde0d3799c42b6d38605bdf	9ece272ed25f652b64967ff534a0117c4dbe2632dcde0d3799c42b6d38605bdf	bb5c2855d061a713350dec6bd0b2758378997b621de22902e282a88f28f571bb	bb5c2855d061a713350dec6bd0b2758378997b621de22902e282a88f28f571bb	e3b0c44298fc1c149afbf4c8996fb92427ae41e4649b934ca495991b7852b855	e3b0c44298fc1c149afbf4c8996fb92427ae41e4649b934ca495991b7852b855	7	yes	yes	yes	no	yes	0.349	0.291	yes	-
se-fasta-wrap-fastaw	fastaw	se	fa	-	0	0	0	0.401	0.379	4bd5e3144acf00a69e4364b9e58f6f95f2c0fc9a9af19585fea1e22043ca457c	4bd5e3144acf00a69e4364b9e58f6f95f2c0fc9a9af19585fea1e22043ca457c	e4e378f3e8d422dc5b6452f9319053410ecc0bdc27ff3ebcb085d0ab8a72572a	e4e378f3e8d422dc5b6452f9319053410ecc0bdc27ff3ebcb085d0ab8a72572a	e764514a0c25919d69c475a3d7b1a74db776933d8907395317064ce72ba935b9	e764514a0c25919d69c475a3d7b1a74db776933d8907395317064ce72ba935b9	-	-	b426210adca8336547733df01cd91e992b01096d899ffb49ec7b8c1bc12f8f40	b426210adca8336547733df01cd91e992b01096d899ffb49ec7b8c1bc12f8f40	-	-	e3b0c44298fc1c149afbf4c8996fb92427ae41e4649b934ca495991b7852b855	e3b0c44298fc1c149afbf4c8996fb92427ae41e4649b934ca495991b7852b855	5	yes	yes	yes	no	yes	0.213	0.192	yes	-
pe-bz2-auto-bz	bz	pe	bz2	-	0	0	0	4.025	2.741	2a08856370a8c305a5fe4465bca9147dd267f62edb9d680768460ab50a2fc0cd	2a08856370a8c305a5fe4465bca9147dd267f62edb9d680768460ab50a2fc0cd	a1fa0d11a298bf79176d0f47b74ab082784d01007ebf17af8782c407074eb908	a1fa0d11a298bf79176d0f47b74ab082784d01007ebf17af8782c407074eb908	8912943efe33d61c399fc8dc100247c4571739dc2d79f5d4115ffe3bf26e8256	8912943efe33d61c399fc8dc100247c4571739dc2d79f5d4115ffe3bf26e8256	1680b589d198d9936a446fe096adac003f2de1fbc891f78eb12cbb48690d408a	1680b589d198d9936a446fe096adac003f2de1fbc891f78eb12cbb48690d408a	66137781d149245d5e5e95377a239c71a7015071acaddb78ee9ded7a7a0f7aca	66137781d149245d5e5e95377a239c71a7015071acaddb78ee9ded7a7a0f7aca	5a9a9ca6c465664121a81c1b3f59258698350ee73bdca1bdb6641b1772119963	5a9a9ca6c465664121a81c1b3f59258698350ee73bdca1bdb6641b1772119963	e3b0c44298fc1c149afbf4c8996fb92427ae41e4649b934ca495991b7852b855	e3b0c44298fc1c149afbf4c8996fb92427ae41e4649b934ca495991b7852b855	7	yes	yes	yes	no	yes	3.820	2.558	yes	-
se-bz2-flag-bz	bz	se	bz2	--bzip2-compressed	0	0	0	2.054	2.529	d7faba7da459fbdad2ab5cddbc74dff1ccd1e7eda1975b1b88b8a3ecafc1cbce	d7faba7da459fbdad2ab5cddbc74dff1ccd1e7eda1975b1b88b8a3ecafc1cbce	28654410e06ac8db045fc38ccce31dfa866e32fd37fa6339bef5cb2a2763fbd6	28654410e06ac8db045fc38ccce31dfa866e32fd37fa6339bef5cb2a2763fbd6	-	-	-	-	-	-	-	-	e3b0c44298fc1c149afbf4c8996fb92427ae41e4649b934ca495991b7852b855	e3b0c44298fc1c149afbf4c8996fb92427ae41e4649b934ca495991b7852b855	3	yes	yes	yes	no	yes	1.864	2.357	yes	-
pe-db-by-name-S1	S1	pe	fq	ENV:KRAKEN2_DB_PATH=/nonexistent::@DBPARENT --db @DBNAME	0	0	0	0.420	0.403	527068d2bc8e30eeb7f0cee9152649dc7cb370fbb65d538a322491ff6b6eb074	527068d2bc8e30eeb7f0cee9152649dc7cb370fbb65d538a322491ff6b6eb074	cfee47733e08cf1eb37175342ca7278e6c76ab48ad63ed4a962aa682dc69eae0	cfee47733e08cf1eb37175342ca7278e6c76ab48ad63ed4a962aa682dc69eae0	-	-	-	-	-	-	-	-	e3b0c44298fc1c149afbf4c8996fb92427ae41e4649b934ca495991b7852b855	e3b0c44298fc1c149afbf4c8996fb92427ae41e4649b934ca495991b7852b855	3	yes	yes	yes	no	yes	0.235	0.202	yes	-
se-env-threads-S3	S3	se	fq	ENV:KRAKEN2_NUM_THREADS=3 NOTHREADS	0	0	0	0.485	0.429	4bd5e3144acf00a69e4364b9e58f6f95f2c0fc9a9af19585fea1e22043ca457c	4bd5e3144acf00a69e4364b9e58f6f95f2c0fc9a9af19585fea1e22043ca457c	e4e378f3e8d422dc5b6452f9319053410ecc0bdc27ff3ebcb085d0ab8a72572a	e4e378f3e8d422dc5b6452f9319053410ecc0bdc27ff3ebcb085d0ab8a72572a	-	-	-	-	-	-	-	-	e3b0c44298fc1c149afbf4c8996fb92427ae41e4649b934ca495991b7852b855	e3b0c44298fc1c149afbf4c8996fb92427ae41e4649b934ca495991b7852b855	3	yes	yes	yes	no	yes	0.306	0.255	yes	-
se-report-unwritable-S1	S1	se	fq	-	0	0	0	0.295	0.282	3a8c83c07902033a7c4edd6a0feee535a57b123347df9174664b432d2e2ce28b	3a8c83c07902033a7c4edd6a0feee535a57b123347df9174664b432d2e2ce28b	absent	absent	-	-	-	-	-	-	-	-	e3b0c44298fc1c149afbf4c8996fb92427ae41e4649b934ca495991b7852b855	e3b0c44298fc1c149afbf4c8996fb92427ae41e4649b934ca495991b7852b855	3	yes	yes	yes	no	yes	0.117	0.106	yes	-
se-seqout-unwritable-S1	S1	se	fq	-	0	0	0	0.315	0.297	3a8c83c07902033a7c4edd6a0feee535a57b123347df9174664b432d2e2ce28b	3a8c83c07902033a7c4edd6a0feee535a57b123347df9174664b432d2e2ce28b	-	-	absent	absent	-	-	absent	absent	-	-	e3b0c44298fc1c149afbf4c8996fb92427ae41e4649b934ca495991b7852b855	e3b0c44298fc1c149afbf4c8996fb92427ae41e4649b934ca495991b7852b855	4	yes	yes	yes	no	yes	0.129	0.116	yes	-
pe-seqout-unwritable-S1	S1	pe	fq	-	1	1	1	0.164	0.164	absent	absent	-	-	absent	absent	absent	absent	absent	absent	absent	absent	e3b0c44298fc1c149afbf4c8996fb92427ae41e4649b934ca495991b7852b855	e3b0c44298fc1c149afbf4c8996fb92427ae41e4649b934ca495991b7852b855	6	yes	yes	yes	no	yes	-	-	yes	-
se-output-unwritable-S1	S1	se	fq	-	1	1	1	0.165	0.164	absent	absent	absent	absent	-	-	-	-	-	-	-	-	e3b0c44298fc1c149afbf4c8996fb92427ae41e4649b934ca495991b7852b855	e3b0c44298fc1c149afbf4c8996fb92427ae41e4649b934ca495991b7852b855	3	yes	yes	yes	no	yes	-	-	yes	-
pe-empty-then-S1-empty,S1	empty,S1	pe	fq	-	0	0	0	0.441	0.418	527068d2bc8e30eeb7f0cee9152649dc7cb370fbb65d538a322491ff6b6eb074	527068d2bc8e30eeb7f0cee9152649dc7cb370fbb65d538a322491ff6b6eb074	cfee47733e08cf1eb37175342ca7278e6c76ab48ad63ed4a962aa682dc69eae0	cfee47733e08cf1eb37175342ca7278e6c76ab48ad63ed4a962aa682dc69eae0	027fd3adc3928d589047a48b5f8834464e798d05f6e43efe00aa98a58abc4887	027fd3adc3928d589047a48b5f8834464e798d05f6e43efe00aa98a58abc4887	534e3b98eb1e8422791f1b67a0b2fb034d98bb8c159a154a5c1224181b52d301	534e3b98eb1e8422791f1b67a0b2fb034d98bb8c159a154a5c1224181b52d301	11e6c4172010d9895a03eb796bf2daa0715f3b6d770913c6e71b88d19b478066	11e6c4172010d9895a03eb796bf2daa0715f3b6d770913c6e71b88d19b478066	139ecfb51526a7207c3c0648bec17dddb503ae44763882d35f28480a9cad1d68	139ecfb51526a7207c3c0648bec17dddb503ae44763882d35f28480a9cad1d68	e3b0c44298fc1c149afbf4c8996fb92427ae41e4649b934ca495991b7852b855	e3b0c44298fc1c149afbf4c8996fb92427ae41e4649b934ca495991b7852b855	7	yes	yes	yes	no	yes	0.248	0.224	yes	-
pe-mates-differ-mates	mates	pe	fq	-	65	65	65	0.433	0.422	8b10452b07a3bf63ae526488c4208611b7931ac769ff5481153f7fcf0fee7f37	8b10452b07a3bf63ae526488c4208611b7931ac769ff5481153f7fcf0fee7f37	absent	absent	a65f73219863cad309a8601d59e801c0728190e5eef17e88cccc554aae588aa6	a65f73219863cad309a8601d59e801c0728190e5eef17e88cccc554aae588aa6	14d993d85e135f2aee3eb8ab37cef6c448de3569fa563544011a002a35a946cf	14d993d85e135f2aee3eb8ab37cef6c448de3569fa563544011a002a35a946cf	dfc0ffb9cf3f05014c91cb878d1613aee913186ee6509bf923c584d8a54d2e71	dfc0ffb9cf3f05014c91cb878d1613aee913186ee6509bf923c584d8a54d2e71	48e8a270b662aecdf73145fd25b5a6e627a5870c14f4d6ab8b410203a9b64639	48e8a270b662aecdf73145fd25b5a6e627a5870c14f4d6ab8b410203a9b64639	e3b0c44298fc1c149afbf4c8996fb92427ae41e4649b934ca495991b7852b855	e3b0c44298fc1c149afbf4c8996fb92427ae41e4649b934ca495991b7852b855	7	yes	yes	yes	no	yes	-	-	yes	-
pe-cls-nohash-S1	S1	pe	fq	-	65	65	65	0.184	0.176	absent	absent	-	-	absent	absent	-	-	-	-	-	-	e3b0c44298fc1c149afbf4c8996fb92427ae41e4649b934ca495991b7852b855	e3b0c44298fc1c149afbf4c8996fb92427ae41e4649b934ca495991b7852b855	3	yes	yes	yes	no	yes	-	-	yes	-
pe-conf-range-S1	S1	pe	fq	--confidence 1.5	255	255	255	0.024	0.013	absent	absent	absent	absent	-	-	-	-	-	-	-	-	e3b0c44298fc1c149afbf4c8996fb92427ae41e4649b934ca495991b7852b855	e3b0c44298fc1c149afbf4c8996fb92427ae41e4649b934ca495991b7852b855	3	yes	yes	yes	no	yes	-	-	yes	-
se-mpa-noreport-S1	S1	se	fq	--use-mpa-style	64	64	64	0.025	0.012	absent	absent	-	-	-	-	-	-	-	-	-	-	e3b0c44298fc1c149afbf4c8996fb92427ae41e4649b934ca495991b7852b855	e3b0c44298fc1c149afbf4c8996fb92427ae41e4649b934ca495991b7852b855	2	yes	yes	yes	no	yes	-	-	yes	-
se-threads0-S1	S1	se	fq	--threads 0	64	64	64	0.025	0.012	absent	absent	-	-	-	-	-	-	-	-	-	-	e3b0c44298fc1c149afbf4c8996fb92427ae41e4649b934ca495991b7852b855	e3b0c44298fc1c149afbf4c8996fb92427ae41e4649b934ca495991b7852b855	2	yes	yes	yes	no	yes	-	-	yes	-
control-conf-S1	S1	pe	fq	-	0	0	0	0.404	0.392	527068d2bc8e30eeb7f0cee9152649dc7cb370fbb65d538a322491ff6b6eb074	359ba2b2b6a13052ca50c155cc83f9e42ed00c987cd1553b94608b38a50f9fdc	cfee47733e08cf1eb37175342ca7278e6c76ab48ad63ed4a962aa682dc69eae0	2777709874b4a020a656cfb930d11c625c1a6c1d567d9b09ea0358a5f33cb098	-	-	-	-	-	-	-	-	e3b0c44298fc1c149afbf4c8996fb92427ae41e4649b934ca495991b7852b855	e3b0c44298fc1c149afbf4c8996fb92427ae41e4649b934ca495991b7852b855	3	no	yes	no	yes	yes	0.222	0.212	yes	-
control-mhg-S3	S3	se	fq	-	0	0	0	0.380	0.356	4bd5e3144acf00a69e4364b9e58f6f95f2c0fc9a9af19585fea1e22043ca457c	4bf4731b91d08f3607f4d229a1f3401f93ad03191993afc86ad396cdf273ae0b	e4e378f3e8d422dc5b6452f9319053410ecc0bdc27ff3ebcb085d0ab8a72572a	659b0da62225ccd3a5ce3d47511d73f826447953cd06f30c42cf3f84811c41e2	99df2a2551fbe0201162eb8ee7bc0ca8b172c2f985db42782496a7660f67bcb3	8ac109d5de9627f4e6315679403ef7155a980bc42edd676945bd14bbe433bb37	-	-	4998a4a6971fbc5cc2b18eb39a312358cc6d2c2fa374a19fab4a9e395b1cd806	ed7a9220da5c96c46e36ba18dce3d62f507764a8e0cb1425749496b5931ff233	-	-	e3b0c44298fc1c149afbf4c8996fb92427ae41e4649b934ca495991b7852b855	e3b0c44298fc1c149afbf4c8996fb92427ae41e4649b934ca495991b7852b855	5	no	yes	no	yes	yes	0.193	0.169	yes	-
