regime	input	state	threads	n	censored	failed	classify_med	classify_min	classify_max	wall_med	load_med	load_min	load_max	pairs	pairs_per_s	blocks	quant	blocks_ok
mmap[read_ahead_kb=4]	ERR478965_200000-gz	cold	64	1	0	0	106.700000	106.700000	106.700000	109.254596	0.252995	0.252995	0.252995	200000	1874.414246	6	10.666667	False
mmap[read_ahead_kb=4]	ERR478965_200000-gz	warm	64	1	0	0	2.061000	2.061000	2.061000	5.957179	0.019009	0.019009	0.019009	200000	97040.271713	6	10.666667	False
mmap[read_ahead_kb=4]	ERR598966_200000-gz	cold	64	1	0	0	120.558000	120.558000	120.558000	123.534022	0.239819	0.239819	0.239819	200000	1658.952537	7	9.142857	False
mmap[read_ahead_kb=4]	ERR598966_200000-gz	warm	64	1	0	0	2.418000	2.418000	2.418000	7.175395	0.019037	0.019037	0.019037	200000	82712.985939	7	9.142857	False
mmap[read_ahead_kb=4]	SRR062634_200000-gz	cold	64	1	0	0	116.400000	116.400000	116.400000	119.156013	0.221179	0.221179	0.221179	200000	1718.213058	7	9.142857	False
mmap[read_ahead_kb=4]	SRR062634_200000-gz	warm	64	1	0	0	2.215000	2.215000	2.215000	6.737085	0.019231	0.019231	0.019231	200000	90293.453725	7	9.142857	False
mmap[read_ahead_kb=4]	SRR062634_2000000-gz	cold	64	1	0	0	120.830000	120.830000	120.830000	135.982870	0.281134	0.281134	0.281134	2000000	16552.180750	63	1.015873	False
mmap[read_ahead_kb=4]	SRR062634_2000000-gz	cold	128	1	0	0	120.794000	120.794000	120.794000	135.653517	0.252441	0.252441	0.252441	2000000	16557.113764	63	2.031746	False
mmap[read_ahead_kb=4]	SRR062634_2000000-gz	warm	64	1	0	0	5.748000	5.748000	5.748000	19.962910	0.019135	0.019135	0.019135	2000000	347947.112039	63	1.015873	False
mmap[read_ahead_kb=4]	SRR062634_2000000-gz	warm	128	1	0	0	5.785000	5.785000	5.785000	36.611465	0.019341	0.019341	0.019341	2000000	345721.694036	63	2.031746	False
mmap[read_ahead_kb=4]	SRR062634_8000000-fq	cold	128	1	0	0	264.636000	264.636000	264.636000	297.898806	0.244132	0.244132	0.244132	8000000	30230.202996	250	1.024000	False
mmap[read_ahead_kb=4]	SRR062634_8000000-fq	cold	256	1	0	0	241.671000	241.671000	241.671000	270.549051	0.257568	0.257568	0.257568	8000000	33102.854707	250	1.024000	False
mmap[read_ahead_kb=4]	SRR062634_8000000-gz	cold	64	2	0	0	358.378500	357.773000	358.984000	392.014308	0.241396	0.197602	0.285190	8000000	22322.767688	250	1.024000	True
mmap[read_ahead_kb=4]	SRR062634_8000000-gz	cold	96	2	0	0	303.134000	302.238000	304.030000	336.212677	0.220421	0.190772	0.250071	8000000	26390.969010	250	1.152000	True
mmap[read_ahead_kb=4]	SRR062634_8000000-gz	cold	128	2	0	0	269.140000	268.886000	269.394000	302.369630	0.229503	0.203404	0.255602	8000000	29724.307052	250	1.024000	False
mmap[read_ahead_kb=4]	SRR062634_8000000-gz	cold	192	2	0	0	256.527000	255.522000	257.532000	289.606980	0.225015	0.199431	0.250600	8000000	31185.801105	250	1.536000	False
mmap[read_ahead_kb=4]	SRR062634_8000000-gz	cold	256	2	0	0	235.283000	233.671000	236.895000	268.048350	0.279929	0.260072	0.299786	8000000	34001.606576	250	1.024000	False
mmap[read_ahead_kb=4]	SRR28305653_200000-gz	cold	64	1	0	0	88.384000	88.384000	88.384000	91.239421	0.266247	0.266247	0.266247	200000	2262.853005	9	7.111111	False
mmap[read_ahead_kb=4]	SRR28305653_200000-gz	warm	64	1	0	0	1.952000	1.952000	1.952000	6.821363	0.019783	0.019783	0.019783	200000	102459.016393	9	7.111111	False
