phase	op	count	bucket
preamble	HeadBucket-anon	1	cookbook-942542972736-us-west-2
preamble	GetBucketRequestPayment	1	cookbook-942542972736-us-west-2
preamble	GetBucketRequestPayment	1	cookbook-942542972736-us-west-2
fetch	ListObjectsV2	1	cookbook-942542972736-us-west-2
fetch	GetObject	78	cookbook-942542972736-us-west-2
fetch	HeadObject	1	cookbook-942542972736-us-west-2
fetch	GetObject	1	cookbook-942542972736-us-west-2
fetch	HeadObject	1	cookbook-942542972736-us-west-2
fetch	GetObject	1	cookbook-942542972736-us-west-2
fetch	HeadObject	1	cookbook-942542972736-us-west-2
fetch	GetObject	1	cookbook-942542972736-us-west-2
fetch	HeadObject	1	cookbook-942542972736-us-west-2
fetch	ListObjectsV2	1	cookbook-942542972736-us-west-2
fetch	GetObject	954	cookbook-942542972736-us-west-2
fetch	HeadObject	1	cookbook-942542972736-us-west-2
fetch	GetObject	1	cookbook-942542972736-us-west-2
fetch	HeadObject	1	cookbook-942542972736-us-west-2
fetch	GetObject	1	cookbook-942542972736-us-west-2
fetch	HeadObject	1	cookbook-942542972736-us-west-2
fetch	GetObject	1	cookbook-942542972736-us-west-2
fetch	HeadObject	1	cookbook-942542972736-us-west-2
fetch	GetObject	1	cookbook-942542972736-us-west-2
fetch	HeadObject	1	cookbook-942542972736-us-west-2
fetch	GetObject	7	cookbook-942542972736-us-west-2
fetch	HeadObject	1	cookbook-942542972736-us-west-2
fetch	GetObject	7	cookbook-942542972736-us-west-2
fetch	HeadObject	1	cookbook-942542972736-us-west-2
fetch	GetObject	2	cookbook-942542972736-us-west-2
fetch	HeadObject	1	cookbook-942542972736-us-west-2
fetch	GetObject	2	cookbook-942542972736-us-west-2
fetch	HeadObject	1	cookbook-942542972736-us-west-2
fetch	GetObject	1	cookbook-942542972736-us-west-2
fetch	HeadObject	1	cookbook-942542972736-us-west-2
fetch	GetObject	6	cookbook-942542972736-us-west-2
fetch	HeadObject	1	cookbook-942542972736-us-west-2
fetch	GetObject	6	cookbook-942542972736-us-west-2
fetch	HeadObject	1	cookbook-942542972736-us-west-2
fetch	GetObject	2	cookbook-942542972736-us-west-2
fetch	HeadObject	1	cookbook-942542972736-us-west-2
fetch	GetObject	2	cookbook-942542972736-us-west-2
fetch	HeadObject	1	cookbook-942542972736-us-west-2
fetch	GetObject	1	cookbook-942542972736-us-west-2
fetch	HeadObject	1	cookbook-942542972736-us-west-2
fetch	GetObject	9	cookbook-942542972736-us-west-2
fetch	HeadObject	1	cookbook-942542972736-us-west-2
fetch	GetObject	9	cookbook-942542972736-us-west-2
fetch	HeadObject	1	cookbook-942542972736-us-west-2
fetch	GetObject	2	cookbook-942542972736-us-west-2
fetch	HeadObject	1	cookbook-942542972736-us-west-2
fetch	GetObject	2	cookbook-942542972736-us-west-2
fetch	HeadObject	1	cookbook-942542972736-us-west-2
