rep	impl	input	state	phase	start_s	seconds	minflt	majflt	user_s	sys_s
1	base	empty	cold	taxo	0.000633	0.003674	2531	1	0.000000	0.002998
1	base	empty	cold	hash	0.004326	7.438622	1953136	1	0.000000	2.389754
1	base	empty	cold	setup	7.442969	0.000720	2	0	0.000000	0.000101
1	base	empty	cold	classify	7.443694	0.000149	38	0	0.000000	0.000320
1	base	empty	cold	close	7.444046	0.000004	0	0	0.000000	0.000002
1	base	empty	cold	unmap	7.444060	0.353792	29	0	0.000000	0.354041
1	base	empty	cold	total	0.000002	7.797863	1955823	2	0.000116	2.747672
1	base	empty	warm	taxo	0.000077	0.002763	2561	0	0.003335	0.000000
1	base	empty	warm	hash	0.002861	0.499291	1953147	0	0.000000	3.326913
1	base	empty	warm	setup	0.502185	0.000063	15	0	0.000000	0.000082
1	base	empty	warm	classify	0.502253	0.000173	45	0	0.000000	0.000515
1	base	empty	warm	close	0.502469	0.000003	0	0	0.000000	0.000001
1	base	empty	warm	unmap	0.502481	0.370972	79	0	0.000000	0.371353
1	base	empty	warm	total	0.000002	0.873474	1955882	0	0.003432	3.699012
1	thp	empty	cold	taxo	0.000675	0.004099	2556	1	0.000000	0.003808
1	thp	empty	cold	hash	0.004797	7.438295	4197	1	0.000000	1.241319
1	thp	empty	cold	setup	7.443113	0.000695	4	0	0.000000	0.000126
1	thp	empty	cold	classify	7.443812	0.000136	35	0	0.000000	0.000424
1	thp	empty	cold	close	7.444081	0.000003	1	0	0.000000	0.000001
1	thp	empty	cold	unmap	7.444091	0.012288	41	0	0.000000	0.011747
1	thp	empty	cold	total	0.000002	7.456387	6906	2	0.000124	1.257802
1	thp	empty	warm	taxo	0.000075	0.002478	2565	0	0.000000	0.002991
1	thp	empty	warm	hash	0.002573	0.237818	4202	0	0.000000	1.772992
1	thp	empty	warm	setup	0.240423	0.000067	14	0	0.000000	0.000067
1	thp	empty	warm	classify	0.240506	0.000136	26	0	0.000362	0.000000
1	thp	empty	warm	close	0.240775	0.000002	0	0	0.000004	0.000000
1	thp	empty	warm	unmap	0.240787	0.012279	20	0	0.008045	0.004376
1	thp	empty	warm	total	0.000002	0.253073	6912	0	0.008764	1.780485
1	fill	empty	cold	taxo	0.000680	0.003747	2540	0	0.003360	0.000000
1	fill	empty	cold	hash	0.004449	7.438341	4204	0	0.000000	1.221376
1	fill	empty	cold	setup	7.442816	0.000706	14	0	0.000000	0.000105
1	fill	empty	cold	classify	7.443528	0.000173	33	0	0.000000	0.000404
1	fill	empty	cold	close	7.443855	0.000003	0	0	0.000000	0.000002
1	fill	empty	cold	unmap	7.443868	0.012640	34	0	0.000000	0.012781
1	fill	empty	cold	total	0.000002	7.456517	6909	0	0.003513	1.235019
1	fill	empty	warm	taxo	0.000071	0.002515	2564	0	0.003024	0.000000
1	fill	empty	warm	hash	0.002605	0.261508	4202	0	0.000000	1.621880
1	fill	empty	warm	setup	0.264145	0.000088	16	0	0.000000	0.000114
1	fill	empty	warm	classify	0.264243	0.000162	38	0	0.000000	0.000434
1	fill	empty	warm	close	0.264455	0.000003	0	0	0.000000	0.000001
1	fill	empty	warm	unmap	0.264556	0.012246	49	0	0.000000	0.012427
1	fill	empty	warm	total	0.000002	0.276813	6953	0	0.003113	1.635247
1	scan	empty	cold	taxo	0.000333	0.003730	2531	1	0.003355	0.000000
1	scan	empty	cold	hash	0.004083	7.438842	4192	1	0.000000	1.228656
1	scan	empty	cold	setup	7.442946	0.000688	4	0	0.000000	0.000101
1	scan	empty	cold	classify	7.443639	0.000151	18	0	0.000000	0.000372
1	scan	empty	cold	close	7.443822	0.000002	0	0	0.000000	0.000000
1	scan	empty	cold	unmap	7.443832	0.012238	95	0	0.000000	0.012441
1	scan	empty	cold	total	0.000002	7.456092	6861	2	0.003485	1.241799
1	scan	empty	warm	taxo	0.000076	0.002360	2551	0	0.002943	0.000000
1	scan	empty	warm	hash	0.002459	0.238488	4192	0	0.000000	1.820079
1	scan	empty	warm	setup	0.240969	0.000060	7	0	0.000000	0.000062
1	scan	empty	warm	classify	0.241033	0.000203	74	0	0.000000	0.000611
1	scan	empty	warm	close	0.241262	0.000003	0	0	0.000000	0.000001
1	scan	empty	warm	unmap	0.241291	0.011575	45	0	0.000000	0.011642
1	scan	empty	warm	total	0.000002	0.252883	6894	0	0.003040	1.832575
1	recycle	empty	cold	taxo	0.000672	0.003708	2544	0	0.003161	0.000000
1	recycle	empty	cold	hash	0.004400	7.438377	4188	1	0.043612	1.161257
1	recycle	empty	cold	setup	7.442808	0.000738	14	0	0.000000	0.000100
1	recycle	empty	cold	classify	7.443552	0.000188	37	0	0.000000	0.000434
1	recycle	empty	cold	close	7.443794	0.000018	0	0	0.000000	0.000001
1	recycle	empty	cold	unmap	7.443907	0.012222	47	0	0.000000	0.012372
1	recycle	empty	cold	total	0.000002	7.456137	6925	1	0.046914	1.174555
1	recycle	empty	warm	taxo	0.000090	0.002468	2585	0	0.003055	0.000000
1	recycle	empty	warm	hash	0.002576	0.231207	4206	0	0.000000	1.728091
1	recycle	empty	warm	setup	0.233804	0.000049	6	0	0.000000	0.000051
1	recycle	empty	warm	classify	0.233857	0.000169	63	0	0.000000	0.000469
1	recycle	empty	warm	close	0.234058	0.000002	0	0	0.000000	0.000001
1	recycle	empty	warm	unmap	0.234069	0.012312	54	0	0.000000	0.012453
1	recycle	empty	warm	total	0.000003	0.246391	6950	0	0.003171	1.741230
1	final	empty	cold	taxo	0.000685	0.003993	2542	0	0.003470	0.000000
1	final	empty	cold	hash	0.004697	7.438016	4194	1	0.000000	1.180498
1	final	empty	cold	setup	7.442745	0.000714	14	0	0.000000	0.000105
1	final	empty	cold	classify	7.443464	0.000170	47	0	0.000000	0.000444
1	final	empty	cold	close	7.443676	0.000003	0	0	0.000000	0.000001
1	final	empty	cold	unmap	7.443687	0.012124	99	0	0.000000	0.012332
1	final	empty	cold	total	0.000002	7.455829	6925	1	0.003619	1.193619
1	final	empty	warm	taxo	0.000074	0.002313	2540	0	0.002839	0.000000
1	final	empty	warm	hash	0.002406	0.229086	4196	0	0.000000	1.713963
1	final	empty	warm	setup	0.231524	0.000069	10	0	0.000000	0.000071
1	final	empty	warm	classify	0.231598	0.000222	47	0	0.000000	0.000638
1	final	empty	warm	close	0.231852	0.000003	0	0	0.000000	0.000000
1	final	empty	warm	unmap	0.231862	0.011843	42	0	0.005598	0.006302
1	final	empty	warm	total	0.000002	0.243730	6873	0	0.008530	1.721119
2	base	empty	cold	taxo	0.000663	0.004046	2565	0	0.003457	0.000000
2	base	empty	cold	hash	0.004727	7.438017	1953143	1	0.000000	2.389493
2	base	empty	cold	setup	7.442773	0.000703	10	0	0.000000	0.000109
2	base	empty	cold	classify	7.443482	0.000172	60	0	0.000000	0.000484
2	base	empty	cold	close	7.443696	0.000003	0	0	0.000000	0.000001
2	base	empty	cold	unmap	7.443708	0.349461	49	0	0.000000	0.349599
2	base	empty	cold	total	0.000002	7.793184	1955857	1	0.003616	2.739904
2	base	empty	warm	taxo	0.000076	0.002680	2533	0	0.003174	0.000000
2	base	empty	warm	hash	0.002774	0.560138	1953147	0	0.000000	3.592614
2	base	empty	warm	setup	0.562942	0.000060	15	0	0.000000	0.000069
2	base	empty	warm	classify	0.563014	0.000141	34	0	0.000000	0.000383
2	base	empty	warm	close	0.563211	0.000076	0	0	0.000000	0.000001
2	base	empty	warm	unmap	0.563297	0.372673	45	0	0.000000	0.372617
2	base	empty	warm	total	0.000002	0.935994	1955866	0	0.003268	3.966094
2	thp	empty	cold	taxo	0.000673	0.003812	2532	1	0.000000	0.003145
2	thp	empty	cold	hash	0.004502	7.438230	4211	0	0.000000	1.285246
2	thp	empty	cold	setup	7.442758	0.000757	13	0	0.000000	0.000112
2	thp	empty	cold	classify	7.443520	0.000128	19	0	0.000000	0.000443
2	thp	empty	cold	close	7.443664	0.000002	0	0	0.000000	0.000000
2	thp	empty	cold	unmap	7.443796	0.012137	33	0	0.000000	0.012291
2	thp	empty	cold	total	0.000002	7.455944	6888	1	0.000124	1.301553
2	thp	empty	warm	taxo	0.000086	0.002342	2543	0	0.002914	0.000000
2	thp	empty	warm	hash	0.002447	0.242795	4204	0	0.000000	1.867899
2	thp	empty	warm	setup	0.245277	0.000067	14	0	0.000000	0.000066
2	thp	empty	warm	classify	0.245348	0.000187	33	0	0.000000	0.000550
2	thp	empty	warm	close	0.245570	0.000027	0	0	0.000000	0.000002
2	thp	empty	warm	unmap	0.245744	0.012522	44	0	0.000000	0.012691
2	thp	empty	warm	total	0.000002	0.258278	6938	0	0.003021	1.881570
2	fill	empty	cold	taxo	0.001140	0.004343	2560	1	0.000000	0.002948
2	fill	empty	cold	hash	0.005503	7.437280	4192	1	0.000000	1.236712
2	fill	empty	cold	setup	7.442803	0.000641	4	0	0.000000	0.000109
2	fill	empty	cold	classify	7.443449	0.000145	17	0	0.000000	0.000364
2	fill	empty	cold	close	7.443650	0.000012	0	0	0.000000	0.000035
2	fill	empty	cold	unmap	7.443731	0.012256	49	0	0.000000	0.012472
2	fill	empty	cold	total	0.000002	7.455997	6900	2	0.000000	1.253068
2	fill	empty	warm	taxo	0.000077	0.002298	2536	0	0.002857	0.000000
2	fill	empty	warm	hash	0.002394	0.258131	4197	0	0.000000	1.671536
2	fill	empty	warm	setup	0.260555	0.000058	7	0	0.000000	0.000071
2	fill	empty	warm	classify	0.260617	0.000142	31	0	0.000000	0.000398
2	fill	empty	warm	close	0.260815	0.000020	0	0	0.000000	0.000001
2	fill	empty	warm	unmap	0.260954	0.012341	30	0	0.000000	0.012496
2	fill	empty	warm	total	0.000002	0.273304	6909	0	0.002952	1.684899
2	scan	empty	cold	taxo	0.000674	0.003658	2542	1	0.003065	0.000000
2	scan	empty	cold	hash	0.004352	7.438555	4195	0	0.000000	1.190568
2	scan	empty	cold	setup	7.442944	0.000743	0	0	0.000000	0.000103
2	scan	empty	cold	classify	7.443692	0.000151	59	0	0.000000	0.000428
2	scan	empty	cold	close	7.443885	0.000003	0	0	0.000000	0.000001
2	scan	empty	cold	unmap	7.444006	0.012266	39	0	0.000000	0.012408
2	scan	empty	cold	total	0.000002	7.456281	6911	1	0.003211	1.203895
2	scan	empty	warm	taxo	0.000077	0.002462	2556	0	0.000000	0.003059
2	scan	empty	warm	hash	0.002561	0.229699	4205	0	0.000000	1.781440
2	scan	empty	warm	setup	0.232280	0.000065	9	0	0.000000	0.000068
2	scan	empty	warm	classify	0.232350	0.000135	25	0	0.000000	0.000419
2	scan	empty	warm	close	0.232635	0.000003	1	0	0.000000	0.000006
2	scan	empty	warm	unmap	0.232649	0.012280	34	0	0.000000	0.012445
2	scan	empty	warm	total	0.000002	0.244937	6914	0	0.000000	1.797859
2	recycle	empty	cold	taxo	0.000671	0.003630	2544	0	0.000000	0.003036
2	recycle	empty	cold	hash	0.004320	7.439184	4195	1	0.000000	1.194215
2	recycle	empty	cold	setup	7.443532	0.000920	10	0	0.000000	0.000119
2	recycle	empty	cold	classify	7.444457	0.000161	16	0	0.000000	0.000395
2	recycle	empty	cold	close	7.444677	0.000003	0	0	0.000000	0.000001
2	recycle	empty	cold	unmap	7.444769	0.012390	46	0	0.000000	0.012528
2	recycle	empty	cold	total	0.000002	7.457169	6891	1	0.000120	1.210681
2	recycle	empty	warm	taxo	0.000083	0.002458	2514	0	0.000000	0.002917
2	recycle	empty	warm	hash	0.002560	0.237159	4203	0	0.000000	1.769411
2	recycle	empty	warm	setup	0.239740	0.000060	9	0	0.000000	0.000064
2	recycle	empty	warm	classify	0.239805	0.000170	50	0	0.000000	0.000407
2	recycle	empty	warm	close	0.239990	0.000001	0	0	0.000000	0.000078
2	recycle	empty	warm	unmap	0.240147	0.012394	16	0	0.000000	0.012536
2	recycle	empty	warm	total	0.000003	0.252551	6883	0	0.000088	1.785700
2	final	empty	cold	taxo	0.000663	0.003604	2568	0	0.003096	0.000000
2	final	empty	cold	hash	0.004287	7.438522	4190	1	0.000000	1.204157
2	final	empty	cold	setup	7.442829	0.000685	7	0	0.000000	0.000139
2	final	empty	cold	classify	7.443519	0.000168	43	0	0.000000	0.000407
2	final	empty	cold	close	7.443726	0.000003	0	0	0.000000	0.000001
2	final	empty	cold	unmap	7.443739	0.012335	98	0	0.000000	0.012552
2	final	empty	cold	total	0.000002	7.456092	6931	1	0.003249	1.217525
2	final	empty	warm	taxo	0.000074	0.002383	2571	0	0.000000	0.002951
2	final	empty	warm	hash	0.002475	0.237874	4196	0	0.000000	1.802180
2	final	empty	warm	setup	0.240366	0.000054	7	0	0.000000	0.000056
2	final	empty	warm	classify	0.240424	0.000155	23	0	0.000000	0.000390
2	final	empty	warm	close	0.240602	0.000019	2	0	0.000000	0.000049
2	final	empty	warm	unmap	0.240737	0.011831	32	0	0.000000	0.011976
2	final	empty	warm	total	0.000002	0.252577	6933	0	0.000000	1.818064
3	thp	empty	cold	taxo	0.000344	0.004022	2551	1	0.003712	0.000000
3	thp	empty	cold	hash	0.004387	7.438409	4205	0	0.000000	1.195706
3	thp	empty	cold	setup	7.442816	0.000688	3	0	0.000000	0.000110
3	thp	empty	cold	classify	7.443509	0.000173	77	0	0.000000	0.000524
3	thp	empty	cold	close	7.443723	0.000004	0	0	0.000000	0.000001
3	thp	empty	cold	unmap	7.443736	0.012354	26	0	0.000000	0.012682
3	thp	empty	cold	total	0.000002	7.456101	6890	1	0.003850	1.209215
3	thp	empty	warm	taxo	0.000081	0.002411	2535	0	0.000000	0.002952
3	thp	empty	warm	hash	0.002512	0.236518	4200	0	0.000000	1.754687
3	thp	empty	warm	setup	0.239063	0.000066	10	0	0.000000	0.000067
3	thp	empty	warm	classify	0.239134	0.000149	30	0	0.000000	0.000410
3	thp	empty	warm	close	0.239412	0.000002	1	0	0.000000	0.000001
3	thp	empty	warm	unmap	0.239423	0.012454	28	0	0.000000	0.012602
3	thp	empty	warm	total	0.000002	0.251884	6887	0	0.000080	1.771042
3	fill	empty	cold	taxo	0.000362	0.003418	2534	1	0.000000	0.002964
3	fill	empty	cold	hash	0.003799	7.438981	4199	0	0.000000	1.224501
3	fill	empty	cold	setup	7.442821	0.000687	13	0	0.000000	0.000107
3	fill	empty	cold	classify	7.443513	0.000153	61	0	0.000000	0.000480
3	fill	empty	cold	close	7.443716	0.000003	0	0	0.000000	0.000001
3	fill	empty	cold	unmap	7.443845	0.012622	34	0	0.000000	0.012788
3	fill	empty	cold	total	0.000002	7.456476	6935	1	0.000000	1.241413
3	fill	empty	warm	taxo	0.000081	0.002376	2559	0	0.002916	0.000000
3	fill	empty	warm	hash	0.002478	0.242326	4199	0	0.000000	1.884438
3	fill	empty	warm	setup	0.244833	0.000062	7	0	0.000000	0.000065
3	fill	empty	warm	classify	0.244900	0.000125	40	0	0.000000	0.000289
3	fill	empty	warm	close	0.245191	0.000003	1	0	0.000000	0.000001
3	fill	empty	warm	unmap	0.245204	0.012302	25	0	0.000000	0.012451
3	fill	empty	warm	total	0.000002	0.257514	6928	0	0.003016	1.897725
3	scan	empty	cold	taxo	0.000339	0.003569	2545	0	0.003035	0.000000
3	scan	empty	cold	hash	0.003928	7.439017	4190	1	0.000000	1.227318
3	scan	empty	cold	setup	7.442976	0.000818	14	0	0.000000	0.000110
3	scan	empty	cold	classify	7.443800	0.000142	31	0	0.000000	0.000412
3	scan	empty	cold	close	7.444081	0.000003	0	0	0.000000	0.000005
3	scan	empty	cold	unmap	7.444094	0.012668	37	0	0.000000	0.012835
3	scan	empty	cold	total	0.000002	7.456772	6904	1	0.003171	1.241058
3	scan	empty	warm	taxo	0.000080	0.002388	2543	0	0.000000	0.002922
3	scan	empty	warm	hash	0.002490	0.241382	4195	0	0.000000	1.821804
3	scan	empty	warm	setup	0.243902	0.000065	10	0	0.000000	0.000065
3	scan	empty	warm	classify	0.243971	0.000169	60	0	0.000000	0.000260
3	scan	empty	warm	close	0.244153	0.000001	0	0	0.000000	0.000001
3	scan	empty	warm	unmap	0.244162	0.012581	82	0	0.000000	0.012935
3	scan	empty	warm	total	0.000002	0.256759	6918	0	0.000000	1.838324
3	recycle	empty	cold	taxo	0.000675	0.003652	2559	1	0.003055	0.000000
3	recycle	empty	cold	hash	0.004348	7.438394	4193	1	0.000000	1.209730
3	recycle	empty	cold	setup	7.442768	0.000700	13	0	0.000000	0.000110
3	recycle	empty	cold	classify	7.443473	0.000165	48	0	0.000000	0.000410
3	recycle	empty	cold	close	7.443654	0.000016	0	0	0.000000	0.000094
3	recycle	empty	cold	unmap	7.443680	0.012609	42	0	0.000000	0.012723
3	recycle	empty	cold	total	0.000002	7.456300	6877	2	0.003201	1.223217
3	recycle	empty	warm	taxo	0.000074	0.002365	2561	0	0.002893	0.000000
3	recycle	empty	warm	hash	0.002461	0.234196	4201	0	0.000000	1.761362
3	recycle	empty	warm	setup	0.236694	0.000064	12	0	0.000000	0.000065
3	recycle	empty	warm	classify	0.236763	0.000164	63	0	0.000000	0.000455
3	recycle	empty	warm	close	0.236960	0.000002	0	0	0.000000	0.000001
3	recycle	empty	warm	unmap	0.236972	0.012451	104	0	0.000000	0.012671
3	recycle	empty	warm	total	0.000002	0.249438	6961	0	0.002988	1.774749
3	final	empty	cold	taxo	0.000672	0.004254	2565	1	0.000000	0.003695
3	final	empty	cold	hash	0.004945	7.437830	4199	0	0.000000	1.208105
3	final	empty	cold	setup	7.442802	0.000707	13	0	0.000000	0.000114
3	final	empty	cold	classify	7.443514	0.000167	42	0	0.000000	0.000405
3	final	empty	cold	close	7.443729	0.000003	0	0	0.000000	0.000001
3	final	empty	cold	unmap	7.443865	0.012298	37	0	0.007628	0.004837
3	final	empty	cold	total	0.000002	7.456172	6947	1	0.007956	1.217367
3	final	empty	warm	taxo	0.000077	0.002413	2557	0	0.000000	0.003011
3	final	empty	warm	hash	0.002508	0.236578	4195	0	0.000000	1.850020
3	final	empty	warm	setup	0.239118	0.000066	14	0	0.000000	0.000068
3	final	empty	warm	classify	0.239188	0.000175	36	0	0.000000	0.000441
3	final	empty	warm	close	0.239400	0.000003	0	0	0.000000	0.000007
3	final	empty	warm	unmap	0.239522	0.012319	38	0	0.000000	0.012492
3	final	empty	warm	total	0.000002	0.251849	6928	0	0.000078	1.866423
3	base	empty	cold	taxo	0.000339	0.003379	2565	0	0.000000	0.002983
3	base	empty	cold	hash	0.003738	7.439012	1953141	1	0.000000	2.397059
3	base	empty	cold	setup	7.442769	0.000706	9	0	0.000000	0.000114
3	base	empty	cold	classify	7.443480	0.000131	25	0	0.000000	0.000378
3	base	empty	cold	close	7.443647	0.000002	0	0	0.000000	0.000001
3	base	empty	cold	unmap	7.443661	0.348225	97	0	0.000000	0.348474
3	base	empty	cold	total	0.000002	7.791929	1955853	1	0.000113	2.749294
3	base	empty	warm	taxo	0.000080	0.002705	2558	0	0.003268	0.000000
3	base	empty	warm	hash	0.002806	0.483401	1953151	0	0.000000	3.767639
3	base	empty	warm	setup	0.486236	0.000057	14	0	0.000000	0.000057
3	base	empty	warm	classify	0.486297	0.000168	63	0	0.000000	0.000473
3	base	empty	warm	close	0.486626	0.000002	1	0	0.000004	0.000000
3	base	empty	warm	unmap	0.486637	0.369332	22	0	0.004996	0.364707
3	base	empty	warm	total	0.000002	0.855978	1955896	0	0.008688	4.132918
1	base	pe	cold	taxo	0.000705	0.003910	2536	1	0.000000	0.002985
1	base	pe	cold	hash	0.004635	7.438145	1953151	0	0.000000	2.378222
1	base	pe	cold	setup	7.442805	0.000580	9	0	0.000000	0.000163
1	base	pe	cold	classify	7.443390	0.287213	58379	0	1.157102	0.049486
1	base	pe	cold	close	7.730627	0.000036	0	0	0.000016	0.000032
1	base	pe	cold	unmap	7.730671	0.357668	0	0	0.000000	0.357698
1	base	pe	cold	total	0.000002	8.088372	2014089	1	1.157283	2.788717
1	base	pe	warm	taxo	0.000076	0.002291	2533	0	0.002826	0.000000
1	base	pe	warm	hash	0.002387	0.464527	1953159	0	0.000000	3.558565
1	base	pe	warm	setup	0.466947	0.000060	12	0	0.000000	0.000061
1	base	pe	warm	classify	0.467012	0.231785	62111	0	1.181409	0.048446
1	base	pe	warm	close	0.698821	0.000016	0	0	0.000003	0.000011
1	base	pe	warm	unmap	0.698845	0.374345	0	0	0.000564	0.373660
1	base	pe	warm	total	0.000002	1.073224	2017831	0	1.184922	3.980857
1	thp	pe	cold	taxo	0.000666	0.003912	2534	1	0.003345	0.000000
1	thp	pe	cold	hash	0.004595	7.438463	4197	0	0.000000	1.213419
1	thp	pe	cold	setup	7.443079	0.000587	0	0	0.000000	0.000131
1	thp	pe	cold	classify	7.443671	0.296313	58474	0	1.154111	0.064690
1	thp	pe	cold	close	7.740006	0.000015	0	0	0.000013	0.000014
1	thp	pe	cold	unmap	7.740029	0.012123	0	0	0.001052	0.011078
1	thp	pe	cold	total	0.000002	7.752164	65217	1	1.158673	1.289378
1	thp	pe	warm	taxo	0.000073	0.002308	2560	0	0.002904	0.000000
1	thp	pe	warm	hash	0.002402	0.232958	4205	0	0.000000	1.776699
1	thp	pe	warm	setup	0.235396	0.000061	9	0	0.000000	0.000061
1	thp	pe	warm	classify	0.235462	0.251875	57345	0	1.140165	0.064184
1	thp	pe	warm	close	0.487361	0.000036	0	0	0.000022	0.000034
1	thp	pe	warm	unmap	0.487405	0.012460	0	0	0.000960	0.011505
1	thp	pe	warm	total	0.000002	0.499875	64135	0	1.144156	1.852550
1	fill	pe	cold	taxo	0.000667	0.003532	2531	1	0.002965	0.000000
1	fill	pe	cold	hash	0.004220	7.437916	4200	1	0.000000	1.194041
1	fill	pe	cold	setup	7.442171	0.000573	12	0	0.000000	0.000117
1	fill	pe	cold	classify	7.442750	0.278526	59079	0	1.159451	0.058977
1	fill	pe	cold	close	7.721300	0.000034	0	0	0.000021	0.000024
1	fill	pe	cold	unmap	7.721342	0.012132	0	0	0.001090	0.011050
1	fill	pe	cold	total	0.000002	7.733486	65838	2	1.163685	1.264272
1	fill	pe	warm	taxo	0.000073	0.002378	2565	0	0.002896	0.000000
1	fill	pe	warm	hash	0.002470	0.235930	4192	0	0.000000	1.736774
1	fill	pe	warm	setup	0.238433	0.000060	8	0	0.000000	0.000061
1	fill	pe	warm	classify	0.238497	0.256137	59195	0	1.196874	0.054935
1	fill	pe	warm	close	0.494659	0.000015	0	0	0.000011	0.000018
1	fill	pe	warm	unmap	0.494682	0.011804	0	0	0.000786	0.011025
1	fill	pe	warm	total	0.000002	0.506497	65972	0	1.200680	1.802875
1	scan	pe	cold	taxo	0.000656	0.003840	2582	0	0.003180	0.000000
1	scan	pe	cold	hash	0.004515	7.438965	4192	1	0.000000	1.206051
1	scan	pe	cold	setup	7.443513	0.000265	15	0	0.000000	0.000130
1	scan	pe	cold	classify	7.443782	0.237432	58755	0	0.855494	0.042620
1	scan	pe	cold	close	7.681239	0.000035	0	0	0.000018	0.000027
1	scan	pe	cold	unmap	7.681282	0.012308	0	0	0.000000	0.012312
1	scan	pe	cold	total	0.000002	7.693602	65560	1	0.858831	1.261210
1	scan	pe	warm	taxo	0.000079	0.002259	2534	0	0.002798	0.000000
1	scan	pe	warm	hash	0.002355	0.235342	4193	0	0.000000	1.759309
1	scan	pe	warm	setup	0.237727	0.000062	14	0	0.000000	0.000062
1	scan	pe	warm	classify	0.237793	0.189526	58951	0	0.818485	0.074280
1	scan	pe	warm	close	0.427345	0.000014	0	0	0.000005	0.000011
1	scan	pe	warm	unmap	0.427367	0.011758	0	0	0.000572	0.011193
1	scan	pe	warm	total	0.000002	0.439136	65708	0	0.821980	1.844931
1	recycle	pe	cold	taxo	0.000659	0.003649	2535	1	0.000000	0.002932
1	recycle	pe	cold	hash	0.004324	7.439337	4199	0	0.000000	1.194873
1	recycle	pe	cold	setup	7.443681	0.000566	0	0	0.000000	0.000108
1	recycle	pe	cold	classify	7.444252	0.239725	59791	0	0.821018	0.076544
1	recycle	pe	cold	close	7.684003	0.000033	0	0	0.000019	0.000029
1	recycle	pe	cold	unmap	7.684045	0.012089	0	0	0.000817	0.011311
1	recycle	pe	cold	total	0.000002	7.696174	66541	1	0.821989	1.285877
1	recycle	pe	warm	taxo	0.000098	0.002239	2537	0	0.002786	0.000000
1	recycle	pe	warm	hash	0.002354	0.229884	4197	0	0.000000	1.721652
1	recycle	pe	warm	setup	0.232269	0.000054	2	0	0.000000	0.000055
1	recycle	pe	warm	classify	0.232328	0.190250	63710	0	0.900279	0.008498
1	recycle	pe	warm	close	0.422606	0.000034	0	0	0.000015	0.000030
1	recycle	pe	warm	unmap	0.422647	0.012179	0	0	0.000804	0.011380
1	recycle	pe	warm	total	0.000002	0.434837	70481	0	0.904022	1.741679
1	final	pe	cold	taxo	0.000663	0.003534	2535	1	0.002945	0.000000
1	final	pe	cold	hash	0.004215	7.438910	4199	0	0.000000	1.199168
1	final	pe	cold	setup	7.443152	0.000575	13	0	0.000000	0.000111
1	final	pe	cold	classify	7.443731	0.237935	59753	0	0.871741	0.023776
1	final	pe	cold	close	7.681693	0.000015	0	0	0.000011	0.000015
1	final	pe	cold	unmap	7.681716	0.012426	0	0	0.000000	0.007708
1	final	pe	cold	total	0.000002	7.694161	66516	1	0.875281	1.233907
1	final	pe	warm	taxo	0.000075	0.002346	2535	0	0.002907	0.000000
1	final	pe	warm	hash	0.002439	0.237809	4198	0	0.000000	1.802229
1	final	pe	warm	setup	0.240277	0.000072	5	0	0.000000	0.000074
1	final	pe	warm	classify	0.240353	0.199679	62166	0	0.856091	0.058435
1	final	pe	warm	close	0.440058	0.000033	0	0	0.000015	0.000030
1	final	pe	warm	unmap	0.440099	0.011885	0	0	0.000597	0.011302
1	final	pe	warm	total	0.000002	0.452012	68917	0	0.859723	1.872151
2	base	pe	cold	taxo	0.000678	0.003923	2547	0	0.000000	0.003352
2	base	pe	cold	hash	0.004624	7.438113	1953144	1	0.000000	2.390192
2	base	pe	cold	setup	7.442768	0.000586	12	0	0.000000	0.000123
2	base	pe	cold	classify	7.443359	0.288991	58820	0	1.220760	0.010264
2	base	pe	cold	close	7.732377	0.000016	0	0	0.000005	0.000010
2	base	pe	cold	unmap	7.732402	0.356343	0	0	0.000000	0.356374
2	base	pe	cold	total	0.000002	8.088777	2014539	1	1.220907	2.760453
2	base	pe	warm	taxo	0.000076	0.002356	2570	0	0.002919	0.000000
2	base	pe	warm	hash	0.002453	0.553279	1953160	0	0.000000	3.493437
2	base	pe	warm	setup	0.555767	0.000069	8	0	0.000000	0.000090
2	base	pe	warm	classify	0.555841	0.237489	57794	0	1.162650	0.077564
2	base	pe	warm	close	0.793357	0.000015	0	0	0.000003	0.000010
2	base	pe	warm	unmap	0.793380	0.378927	0	0	0.000000	0.378934
2	base	pe	warm	total	0.000002	1.172318	2013552	0	1.165678	3.950138
2	thp	pe	cold	taxo	0.000665	0.003598	2555	1	0.002985	0.000000
2	thp	pe	cold	hash	0.004279	7.438426	4197	0	0.000000	1.208795
2	thp	pe	cold	setup	7.442730	0.000569	11	0	0.000000	0.000107
2	thp	pe	cold	classify	7.443304	0.285019	59072	0	1.213858	0.000000
2	thp	pe	cold	close	7.728347	0.000036	0	0	0.000058	0.000000
2	thp	pe	cold	unmap	7.728391	0.012385	0	0	0.007331	0.000000
2	thp	pe	cold	total	0.000002	7.740800	65849	1	1.229500	1.208937
2	thp	pe	warm	taxo	0.000079	0.002437	2532	0	0.000000	0.002983
2	thp	pe	warm	hash	0.002535	0.234516	4195	0	0.000000	1.817777
2	thp	pe	warm	setup	0.237082	0.000058	8	0	0.000000	0.000059
2	thp	pe	warm	classify	0.237145	0.225310	59749	0	1.114500	0.076133
2	thp	pe	warm	close	0.462477	0.000012	0	0	0.000008	0.000013
2	thp	pe	warm	unmap	0.462497	0.012446	0	0	0.000852	0.011601
2	thp	pe	warm	total	0.000002	0.474954	66496	0	1.115460	1.908647
2	fill	pe	cold	taxo	0.000676	0.004085	2559	1	0.000862	0.002889
2	fill	pe	cold	hash	0.004783	7.437929	4188	1	0.006939	1.163214
2	fill	pe	cold	setup	7.442747	0.000562	12	0	0.000000	0.000102
2	fill	pe	cold	classify	7.443314	0.285535	58419	0	1.074629	0.123381
2	fill	pe	cold	close	7.728872	0.000036	0	0	0.000022	0.000026
2	fill	pe	cold	unmap	7.728917	0.012393	0	0	0.001196	0.011204
2	fill	pe	cold	total	0.000002	7.741322	65194	2	1.083803	1.300892
2	fill	pe	warm	taxo	0.000070	0.002327	2537	0	0.002901	0.000000
2	fill	pe	warm	hash	0.002416	0.229253	4216	0	0.000000	1.697201
2	fill	pe	warm	setup	0.231707	0.000059	9	0	0.000000	0.000074
2	fill	pe	warm	classify	0.231771	0.245293	62921	0	1.200357	0.038052
2	fill	pe	warm	close	0.477086	0.000033	0	0	0.000021	0.000030
2	fill	pe	warm	unmap	0.477127	0.012091	0	0	0.000000	0.012096
2	fill	pe	warm	total	0.000002	0.489229	69702	0	1.203378	1.747529
2	scan	pe	cold	taxo	0.000675	0.004047	2536	1	0.000000	0.003693
2	scan	pe	cold	hash	0.004741	7.438217	4197	0	0.000000	1.206274
2	scan	pe	cold	setup	7.442983	0.000586	14	0	0.000000	0.000156
2	scan	pe	cold	classify	7.443574	0.236501	58792	0	0.903414	0.000000
2	scan	pe	cold	close	7.680101	0.000036	0	0	0.000047	0.000000
2	scan	pe	cold	unmap	7.680146	0.012356	0	0	0.010094	0.002278
2	scan	pe	cold	total	0.000002	7.692523	65553	1	0.913601	1.212600
2	scan	pe	warm	taxo	0.000079	0.002442	2555	0	0.003000	0.000000
2	scan	pe	warm	hash	0.002541	0.236955	4203	0	0.000000	1.810410
2	scan	pe	warm	setup	0.239527	0.000067	15	0	0.000000	0.000068
2	scan	pe	warm	classify	0.239598	0.199861	60389	0	0.842413	0.074797
2	scan	pe	warm	close	0.439485	0.000035	0	0	0.000017	0.000038
2	scan	pe	warm	unmap	0.439528	0.012389	0	0	0.000714	0.011681
2	scan	pe	warm	total	0.000002	0.451930	67178	0	0.846257	1.897060
2	recycle	pe	cold	taxo	0.000687	0.004063	2531	1	0.003701	0.000000
2	recycle	pe	cold	hash	0.004772	7.437959	4185	1	0.000000	1.218878
2	recycle	pe	cold	setup	7.442751	0.000568	2	0	0.000000	0.000108
2	recycle	pe	cold	classify	7.443323	0.239086	59894	0	0.902078	0.000000
2	recycle	pe	cold	close	7.682437	0.000035	0	0	0.000057	0.000000
2	recycle	pe	cold	unmap	7.682480	0.012354	0	0	0.003421	0.003523
2	recycle	pe	cold	total	0.000002	7.694869	66624	2	0.911783	1.225672
2	recycle	pe	warm	taxo	0.000078	0.002306	2574	0	0.000000	0.002882
2	recycle	pe	warm	hash	0.002403	0.237709	4195	0	0.000000	1.808738
2	recycle	pe	warm	setup	0.240135	0.000063	7	0	0.000000	0.000065
2	recycle	pe	warm	classify	0.240203	0.198676	62721	0	0.845456	0.081571
2	recycle	pe	warm	close	0.438907	0.000035	0	0	0.000014	0.000032
2	recycle	pe	warm	unmap	0.438951	0.012246	0	0	0.000000	0.012255
2	recycle	pe	warm	total	0.000002	0.451209	69511	0	0.845481	1.905701
2	final	pe	cold	taxo	0.000724	0.004073	2552	1	0.000000	0.003721
2	final	pe	cold	hash	0.004817	7.438524	4206	0	0.000000	1.210441
2	final	pe	cold	setup	7.443361	0.000566	3	0	0.000000	0.000108
2	final	pe	cold	classify	7.443932	0.240080	59625	0	0.894255	0.001176
2	final	pe	cold	close	7.684045	0.000035	0	0	0.000020	0.000026
2	final	pe	cold	unmap	7.684088	0.012428	0	0	0.000000	0.012445
2	final	pe	cold	total	0.000002	7.696537	66402	1	0.894291	1.228178
2	final	pe	warm	taxo	0.000075	0.002426	2554	0	0.002954	0.000000
2	final	pe	warm	hash	0.002520	0.239627	4202	0	0.000000	1.831172
2	final	pe	warm	setup	0.242177	0.000059	10	0	0.000000	0.000065
2	final	pe	warm	classify	0.242241	0.196473	62536	0	0.847432	0.052575
2	final	pe	warm	close	0.438742	0.000015	0	0	0.000008	0.000018
2	final	pe	warm	unmap	0.438765	0.011806	0	0	0.000555	0.011256
2	final	pe	warm	total	0.000002	0.450585	69316	0	0.851059	1.895151
3	thp	pe	cold	taxo	0.000686	0.003628	2536	1	0.003066	0.000000
3	thp	pe	cold	hash	0.004335	7.438394	4201	0	0.005100	1.218135
3	thp	pe	cold	setup	7.442756	0.000574	12	0	0.000000	0.000108
3	thp	pe	cold	classify	7.443335	0.299755	59816	0	1.163674	0.056879
3	thp	pe	cold	close	7.743116	0.000039	0	0	0.000030	0.000031
3	thp	pe	cold	unmap	7.743164	0.012372	0	0	0.000000	0.007613
3	thp	pe	cold	total	0.000002	7.755561	66579	1	1.173149	1.286541
3	thp	pe	warm	taxo	0.000079	0.002489	2539	0	0.000000	0.003115
3	thp	pe	warm	hash	0.002589	0.251273	4190	0	0.000000	1.716184
3	thp	pe	warm	setup	0.253897	0.000055	12	0	0.000000	0.000057
3	thp	pe	warm	classify	0.253957	0.250485	60421	0	1.176004	0.056928
3	thp	pe	warm	close	0.504468	0.000016	0	0	0.000010	0.000015
3	thp	pe	warm	unmap	0.504491	0.012107	0	0	0.000780	0.011333
3	thp	pe	warm	total	0.000002	0.516610	67178	0	1.176902	1.787721
3	fill	pe	cold	taxo	0.000676	0.003600	2533	1	0.003094	0.000000
3	fill	pe	cold	hash	0.004300	7.438494	4185	1	0.000000	1.200637
3	fill	pe	cold	setup	7.442816	0.000560	2	0	0.000000	0.000103
3	fill	pe	cold	classify	7.443381	0.287916	58896	0	1.100183	0.105428
3	fill	pe	cold	close	7.731326	0.000037	0	0	0.000022	0.000026
3	fill	pe	cold	unmap	7.731372	0.012385	0	0	0.000000	0.007736
3	fill	pe	cold	total	0.000002	7.743782	65628	2	1.104560	1.317591
3	fill	pe	warm	taxo	0.000076	0.002270	2537	0	0.000000	0.002772
3	fill	pe	warm	hash	0.002365	0.234186	4195	0	0.000000	1.738117
3	fill	pe	warm	setup	0.236579	0.000057	5	0	0.000000	0.000057
3	fill	pe	warm	classify	0.236641	0.239505	60650	0	1.218423	0.027673
3	fill	pe	warm	close	0.476170	0.000033	0	0	0.000019	0.000029
3	fill	pe	warm	unmap	0.476212	0.011985	0	0	0.000743	0.011248
3	fill	pe	warm	total	0.000002	0.488208	67400	0	1.219285	1.779973
3	scan	pe	cold	taxo	0.000674	0.003617	2547	0	0.003166	0.000000
3	scan	pe	cold	hash	0.004313	7.438456	4190	1	0.004721	1.197294
3	scan	pe	cold	setup	7.442788	0.000560	7	0	0.000000	0.000102
3	scan	pe	cold	classify	7.443353	0.238219	58711	0	0.833440	0.067462
3	scan	pe	cold	close	7.681598	0.000034	0	0	0.000019	0.000028
3	scan	pe	cold	unmap	7.681641	0.012428	0	0	0.000953	0.011480
3	scan	pe	cold	total	0.000002	7.694081	65467	1	0.842465	1.276418
3	scan	pe	warm	taxo	0.000093	0.002380	2575	0	0.002942	0.000000
3	scan	pe	warm	hash	0.002493	0.237571	4200	0	0.000000	1.763827
3	scan	pe	warm	setup	0.240092	0.000051	12	0	0.000000	0.000051
3	scan	pe	warm	classify	0.240147	0.192300	60063	0	0.838676	0.060912
3	scan	pe	warm	close	0.432469	0.000017	0	0	0.000009	0.000018
3	scan	pe	warm	unmap	0.432495	0.012165	0	0	0.000717	0.011479
3	scan	pe	warm	total	0.000002	0.444676	66880	0	0.842483	1.836359
3	recycle	pe	cold	taxo	0.000666	0.003795	2564	1	0.002946	0.000000
3	recycle	pe	cold	hash	0.004478	7.439199	4194	0	0.000000	1.186099
3	recycle	pe	cold	setup	7.443704	0.000582	11	0	0.000000	0.000138
3	recycle	pe	cold	classify	7.444291	0.238190	60410	0	0.897531	0.000000
3	recycle	pe	cold	close	7.682506	0.000035	0	0	0.000048	0.000000
3	recycle	pe	cold	unmap	7.682550	0.012416	0	0	0.008609	0.000000
3	recycle	pe	cold	total	0.000002	7.694999	67193	1	0.913171	1.186272
3	recycle	pe	warm	taxo	0.000080	0.002393	2563	0	0.002911	0.000000
3	recycle	pe	warm	hash	0.002493	0.236347	4196	0	0.000000	1.741733
3	recycle	pe	warm	setup	0.238873	0.000062	10	0	0.000000	0.000062
3	recycle	pe	warm	classify	0.238939	0.196701	62847	0	0.834939	0.081783
3	recycle	pe	warm	close	0.435663	0.000034	0	0	0.000015	0.000034
3	recycle	pe	warm	unmap	0.435705	0.012332	0	0	0.000572	0.011612
3	recycle	pe	warm	total	0.000002	0.448049	69632	0	0.838554	1.835290
3	final	pe	cold	taxo	0.000670	0.003587	2536	1	0.002983	0.000000
3	final	pe	cold	hash	0.004276	7.439360	4191	1	0.000000	1.184616
3	final	pe	cold	setup	7.443670	0.000563	14	0	0.000000	0.000102
3	final	pe	cold	classify	7.444238	0.237165	60413	0	0.792931	0.103453
3	final	pe	cold	close	7.681431	0.000034	0	0	0.000018	0.000029
3	final	pe	cold	unmap	7.681473	0.012269	0	0	0.001027	0.011284
3	final	pe	cold	total	0.000002	7.693775	67170	2	0.797123	1.299562
3	final	pe	warm	taxo	0.000076	0.002336	2546	0	0.002932	0.000000
3	final	pe	warm	hash	0.002430	0.228238	4191	0	0.000000	1.678903
3	final	pe	warm	setup	0.230690	0.000060	5	0	0.000000	0.000064
3	final	pe	warm	classify	0.230755	0.194698	63109	0	0.854659	0.058624
3	final	pe	warm	close	0.425480	0.000034	0	0	0.000019	0.000038
3	final	pe	warm	unmap	0.425523	0.011982	0	0	0.000705	0.011308
3	final	pe	warm	total	0.000002	0.437522	69863	0	0.858425	1.748994
3	base	pe	cold	taxo	0.000667	0.003644	2531	1	0.000000	0.003008
3	base	pe	cold	hash	0.004332	7.438470	1953144	1	0.000000	2.379918
3	base	pe	cold	setup	7.442821	0.000553	2	0	0.000000	0.000110
3	base	pe	cold	classify	7.443379	0.305418	58578	0	1.196732	0.078778
3	base	pe	cold	close	7.748819	0.000034	0	0	0.000015	0.000030
3	base	pe	cold	unmap	7.748861	0.354968	0	0	0.000897	0.354097
3	base	pe	cold	total	0.000002	8.103864	2014267	2	1.197670	2.816159
3	base	pe	warm	taxo	0.000100	0.002294	2549	0	0.000000	0.002896
3	base	pe	warm	hash	0.002412	0.459688	1953148	0	0.000000	3.543522
3	base	pe	warm	setup	0.462129	0.000058	4	0	0.000000	0.000063
3	base	pe	warm	classify	0.462192	0.254569	60318	0	1.274667	0.022485
3	base	pe	warm	close	0.716786	0.000037	0	0	0.000013	0.000034
3	base	pe	warm	unmap	0.716831	0.379881	0	0	0.000214	0.379503
3	base	pe	warm	total	0.000002	1.096740	2016052	0	1.275020	3.948614
