aws-kraken2/g3/20261008-062751-c217150-8332-n8/out/c100/0-SRR5935740/output	m_CF7KlP1s4QVTsQr23BmUiBooBpnrls	946738756	"4e2ab1d7a88e35afe6d099cbc240bb51-113"
aws-kraken2/g3/20261008-062751-c217150-8332-n8/out/c100/0-SRR5935740/report	a68syXdsDb.kRZ6TblDpIywhK.d2wTf1	2248752	"9e77a18e2022d006fc9024d8ae2c97c8"
aws-kraken2/g3/20261008-062751-c217150-8332-n8/out/c100/0-SRR5935741/output	lv4n3roatZeo1j2n2qKlQ0ZPlHsONTlF	1381654754	"8f29e14b459aa1b7cc3bf29b28b68165-165"
aws-kraken2/g3/20261008-062751-c217150-8332-n8/out/c100/0-SRR5935741/report	dFRBNNcYcTWfC5FMzDwE8ML.M4W5nAY3	1368896	"8c2722cfe7574eb5219ab6d849514f9b"
aws-kraken2/g3/20261008-062751-c217150-8332-n8/out/c100/0-SRR5935742/output	C9EInurjOEwVVGNOOmbAiyaWlXR98TrD	1092444185	"f2b90253aa5c4a188a22d643fb66eebc-131"
aws-kraken2/g3/20261008-062751-c217150-8332-n8/out/c100/0-SRR5935742/report	PNmec8WOCcsNR9izSd6wQcE3vrMUi62n	1622655	"d7c9bad251ee369653e8e3823602dfd0"
aws-kraken2/g3/20261008-062751-c217150-8332-n8/out/c100/0-SRR5935743/output	yxF0jEeZWH4uGf0gqehPLRj0SpaW.F3b	27295524	"3f24957a9b308e26172eb7a808e01346-4"
aws-kraken2/g3/20261008-062751-c217150-8332-n8/out/c100/0-SRR5935743/report	YN9FpTuKsB6MDogyG8PakOK5r3cDdGqY	341952	"ae3289f5c0880fc94d9f62da416a086f"
aws-kraken2/g3/20261008-062751-c217150-8332-n8/out/c100/0-SRR5935744/output	Wvqt7yxU1UWgLXe_7vk9DEMyb2rXMZZP	1406926238	"3c3fb69ad8b689e1efd3d8adb880f58e-168"
aws-kraken2/g3/20261008-062751-c217150-8332-n8/out/c100/0-SRR5935744/report	gULAnM57JbBUgfcoB4zH1C5IHN_fLy8R	1181695	"c5e5623615e146884c46f09111cfa0ca"
aws-kraken2/g3/20261008-062751-c217150-8332-n8/out/c100/0-SRR5935745/output	G0aOPExWfcia920sV.ghlvKJshRfYHPN	897820263	"441d325e355b09f876f8876b7306713a-108"
aws-kraken2/g3/20261008-062751-c217150-8332-n8/out/c100/0-SRR5935745/report	k5chRnGWZDRhJY8rONwveQNUX4vc4zi.	1724465	"c57f515bef466ea1b4be9363ca968ff2"
aws-kraken2/g3/20261008-062751-c217150-8332-n8/out/c100/0-SRR5935746/output	MBWlQ7gSyVPs.0gvodWdItd7P8CXKN7A	903223803	"35e0c45bb00f779a17aefd93b655cef9-108"
aws-kraken2/g3/20261008-062751-c217150-8332-n8/out/c100/0-SRR5935746/report	PdjTp2SBlh_8j.2EiO6J9gm61BmzD1Rs	1320734	"c2d0907cdc798c74cd9b7432ae253c8d"
aws-kraken2/g3/20261008-062751-c217150-8332-n8/out/c100/0-SRR5935747/output	h3QRN0u8.vqCIFg7KXEzGi7leMDCDmyW	296796390	"86f01180a9c2b9845e4dd4f17b67859d-36"
aws-kraken2/g3/20261008-062751-c217150-8332-n8/out/c100/0-SRR5935747/report	sxYibris4hEW05EmHZwH3BpNa_p6xvJ_	1163769	"6ac37cd5495698de8647f6e67ebdf560"
aws-kraken2/g3/20261008-062751-c217150-8332-n8/out/c100/0-SRR5935748/output	NBkj2W03QwecuEk9X8_ie3LbHQ099cSK	1141831527	"863bd56588b3cade48972eae5ed2a721-137"
aws-kraken2/g3/20261008-062751-c217150-8332-n8/out/c100/0-SRR5935748/report	4csFdukjm7dY4MefZW4j.AupPv9s0wfv	1938463	"0e69c65c26dcff28c5e8e7c1c5465571"
aws-kraken2/g3/20261008-062751-c217150-8332-n8/out/c100/0-SRR5935749/output	6TY6jS4RXgA185qcH1XuAW7yZCPR4pbA	1565294252	"33bab253dafe240c14572741c58c41f2-187"
aws-kraken2/g3/20261008-062751-c217150-8332-n8/out/c100/0-SRR5935749/report	utlkf32LgmPvDyuaE_tW9PJNmKTNO7QA	1256645	"f819b582c7d0d9de1f6b13dcfe48ce28"
aws-kraken2/g3/20261008-062751-c217150-8332-n8/out/c100/0-SRR5935750/output	TkpdAxhKOu.wPxx5PL0lKy7uFiD8pl.m	643030825	"d96f1380d23a6f9c4fa95ca95786a7c4-77"
aws-kraken2/g3/20261008-062751-c217150-8332-n8/out/c100/0-SRR5935750/report	O80ut5RKgeT5eHWqlZWgqcE0nhvybrqt	1002553	"385819165f4aac144c53d67576205aca"
aws-kraken2/g3/20261008-062751-c217150-8332-n8/out/c100/0-SRR5935751/output	1QKUdiSWLxH5LjTteqeScpTuQH0JyP_s	1465416301	"455285249c6fd431d18ea5e325c2c063-175"
aws-kraken2/g3/20261008-062751-c217150-8332-n8/out/c100/0-SRR5935751/report	cfx1FsX7TmNC.ufdSONF.O7qZ87JtI_w	1396811	"1aa18848401149c337687df94a097505"
aws-kraken2/g3/20261008-062751-c217150-8332-n8/out/c100/0-SRR5935752/output	DEgvqIun6UITfZVah.pOLFUUTIx8m0vh	1117536035	"c900c6089a10b3d05527cd9f4daba664-134"
aws-kraken2/g3/20261008-062751-c217150-8332-n8/out/c100/0-SRR5935752/report	AM70KvQKVKQDxFuVCA2BLQwtgbovQd6I	806542	"4698d588c54166d9aaada2fad1cf1689"
aws-kraken2/g3/20261008-062751-c217150-8332-n8/out/c100/0-SRR5935753/output	kcZI6qyXDVb0IJEqUT4.rCUxCNYvdWe3	1208291702	"c96ba7b6ed8b7f0a4f47bd06541c7396-145"
aws-kraken2/g3/20261008-062751-c217150-8332-n8/out/c100/0-SRR5935753/report	n8O.dQ4T4mPZ1fSkNQv9Otoh6EXo82lA	1606917	"7ca79f400e631fe9c8e4ee48ac7c908c"
aws-kraken2/g3/20261008-062751-c217150-8332-n8/out/c100/0-SRR5935754/output	z1N1bGFlnSwKxZQ6yeY81jIoU2bmk9EV	910753380	"cba36ff22fe47595711ebfea36ce5c9b-109"
aws-kraken2/g3/20261008-062751-c217150-8332-n8/out/c100/0-SRR5935754/report	fDZO6bvzUOhxrmd90GIWhxWlCBNFb8vv	2028520	"1f1509568034e3e226de9e5bb8f57aeb"
aws-kraken2/g3/20261008-062751-c217150-8332-n8/out/c100/0-SRR5935755/output	sXbuUazBRuNzaKhTvjvPYm0tNFE.S4YF	493002568	"40025331346bffb4a90333a21fdfb23f-59"
aws-kraken2/g3/20261008-062751-c217150-8332-n8/out/c100/0-SRR5935755/report	c6WyNXRXS6123HTOcEbJxrYsSuj3G84f	1925503	"64830f134c5706ba71ba95f0bcdbc355"
aws-kraken2/g3/20261008-062751-c217150-8332-n8/out/c100/0-SRR5935756/output	kMrow5gRUeVIuGLcZ8Xe7a9frJlVsXdH	1348489750	"e725bd16e114bec0a8b147f47e3c8e43-161"
aws-kraken2/g3/20261008-062751-c217150-8332-n8/out/c100/0-SRR5935756/report	tyJ4QZ3M6f4Y_pEHwQjBSTQZL4vvWfkO	1810112	"0fd72970d1029a408f8a69d8b5b8b577"
aws-kraken2/g3/20261008-062751-c217150-8332-n8/out/c100/0-SRR5935757/output	0le0z71z8iHXAATCx7s5La9WA2cjnuIE	1579904848	"e26c66232d3b9350509fa7a6709fc397-189"
aws-kraken2/g3/20261008-062751-c217150-8332-n8/out/c100/0-SRR5935757/report	ZfkxaRIH6ub8TqneMAO0YI4sTvME86H8	1886320	"4daa4588faaccbc4bda5e5c07bd3ae6a"
aws-kraken2/g3/20261008-062751-c217150-8332-n8/out/c100/0-SRR5935758/output	V9b5dEQ1O4h4QlwWJW.W3yyMS3B9_Hjb	655178849	"11eedf0388d03028a264687a5b7d16f5-79"
aws-kraken2/g3/20261008-062751-c217150-8332-n8/out/c100/0-SRR5935758/report	j7gnyRt6XPSVUPpEovToJOK9evni5_2N	1047994	"28e1d014f9b494550e804bfb9ab73f6b"
aws-kraken2/g3/20261008-062751-c217150-8332-n8/out/c100/0-SRR5935759/output	pwaQUQWZ2fZbVl7Wqy.gzoM.urtU11od	1485622720	"3ade6217d0729fcbf432c71852add2c3-178"
aws-kraken2/g3/20261008-062751-c217150-8332-n8/out/c100/0-SRR5935759/report	WFdK8LQsvKLpCPYRZZ4IXJhXIuDS3iKP	1800868	"4678bae6f78fc8f6184cad45f05345fd"
aws-kraken2/g3/20261008-062751-c217150-8332-n8/out/c100/0-SRR5935760/output	hRRz8PWdNldATD9iDYgyuVxmP25XPxBR	894778457	"85db7e58525c5eed8349c611e58c43fb-107"
aws-kraken2/g3/20261008-062751-c217150-8332-n8/out/c100/0-SRR5935760/report	.ca5VzwhSPBscAbbsNt.jITTtimdRDSF	1068522	"46fde65478c0d0a936b47aa331abf441"
aws-kraken2/g3/20261008-062751-c217150-8332-n8/out/c100/0-SRR5935761/output	qmAGUZCEJUWB7lHgdUg_xxIdsdi_coC6	1123139015	"5cbcdf96b113b5f000417bf4c81808e8-134"
aws-kraken2/g3/20261008-062751-c217150-8332-n8/out/c100/0-SRR5935761/report	QoQDbvAZMEmhQTxJWI8PPdeYxueVq2IT	1213198	"40c3edf00c38c0bb966979875c57cbf0"
aws-kraken2/g3/20261008-062751-c217150-8332-n8/out/c100/0-SRR5935762/output	gFT2.T60uyzmvqyGu6cO6CJwBRhb5AGX	1548601024	"aa22dc7fcd663c17cf4190ce5f0b2951-185"
aws-kraken2/g3/20261008-062751-c217150-8332-n8/out/c100/0-SRR5935762/report	4myYaZcG5fAAu0t2vBxunahRww_vuJ0e	1328169	"3a99c71d3fec811b0d863cbdc203cfc6"
aws-kraken2/g3/20261008-062751-c217150-8332-n8/out/c100/0-SRR5935763/output	3zheAhLhUkruTbxTzp2DWjL7qErqVjNa	470465597	"a1cc17c374ab92ab30d8d7402fefb834-57"
aws-kraken2/g3/20261008-062751-c217150-8332-n8/out/c100/0-SRR5935763/report	ubsA7JywrBA.LobwZ5UZ3bGnf.d_ihJe	799739	"e5bdcba7997615738598ddfc7767ad33"
aws-kraken2/g3/20261008-062751-c217150-8332-n8/out/c100/0-SRR5935764/output	1ufiNTcY9TuZZE9NQkPTaVejkrwEW7xr	1056480454	"39bc5c03c6d4385aa225c1fbf9c64cbe-126"
aws-kraken2/g3/20261008-062751-c217150-8332-n8/out/c100/0-SRR5935764/report	eXNdLnSaGHTgaJQz.Z4KjCmtXrfAjRLb	1456220	"82f7f4f45e36c5733005debd2d0deccd"
aws-kraken2/g3/20261008-062751-c217150-8332-n8/out/c100/0-SRR5935765/output	qngZCZNF1UsH7FLTdc2PagbqXC8JzRmG	868996488	"1feb2744116cf71a6d30e12bf84ea163-104"
aws-kraken2/g3/20261008-062751-c217150-8332-n8/out/c100/0-SRR5935765/report	G_.5.Qf2lRYV8cpAooj.ulAOBT3oBT4T	1093035	"fc475b68432aae6b4ff15253f9a4cf5e"
aws-kraken2/g3/20261008-062751-c217150-8332-n8/out/c100/0-SRR5935766/output	cveihi_U_3ZQNZ9R6LtUtoflb9B6cApk	1196000935	"46ec004fa7fad326fb2823f14779ad5e-143"
aws-kraken2/g3/20261008-062751-c217150-8332-n8/out/c100/0-SRR5935766/report	hqopl5gWPBqx4SZ1Ny0sjVM63cXwukdb	1389765	"be1271dfeebff8efdb070a33aa1c5d42"
aws-kraken2/g3/20261008-062751-c217150-8332-n8/out/c100/0-SRR5935767/output	XrA2UBEeRI3B7ZJVHZiFhb_IhoAkFgMz	493196104	"60d081cbf30c4eeeb5cc60a85b1166ce-59"
aws-kraken2/g3/20261008-062751-c217150-8332-n8/out/c100/0-SRR5935767/report	N8_4tQuq_cU.DUp6ViAXwL73oVB.Hrn.	1215682	"bf4e5698de26332ff1ef259b182f428c"
aws-kraken2/g3/20261008-062751-c217150-8332-n8/out/c100/0-SRR5935768/output	k185zGJIz0VYbVNarg_zs18TmA2TKef_	1412003175	"182fadb45a81c09e452b17e56c8e412b-169"
aws-kraken2/g3/20261008-062751-c217150-8332-n8/out/c100/0-SRR5935768/report	CIaCGTffET2kUYHCcYYiYxaYbwclQ.li	1882093	"464f2bcaf9559652181296ac0d110531"
aws-kraken2/g3/20261008-062751-c217150-8332-n8/out/c100/0-SRR5935769/output	e0JP_VF5m9imd1KD.3wrVjqtXr83A8dp	994989473	"86cc2f2ad088e288925fcd16fc7d1840-119"
aws-kraken2/g3/20261008-062751-c217150-8332-n8/out/c100/0-SRR5935769/report	nxjsBNCPfiv57rYU9pCCZhd_lJ8.Twpu	1796504	"4b577b3001ba3308bd204d42bd61df59"
aws-kraken2/g3/20261008-062751-c217150-8332-n8/out/c100/0-SRR5935770/output	OkVNRSCeW7caZnul3gTfzBKFHcwEQ33D	1485977558	"482bedbbf51074e0829640969f980674-178"
aws-kraken2/g3/20261008-062751-c217150-8332-n8/out/c100/0-SRR5935770/report	NEZ4.Xtv_lnw_zyggcNIzPjIAZltF91I	1509097	"717071ca941e140874e74d9dd6e1e9c8"
aws-kraken2/g3/20261008-062751-c217150-8332-n8/out/c100/0-SRR5935771/output	PlVIqzOi29YARHRgUPdl748lFwf5FLvy	825926292	"5bd4624f0baa5c525a3299706f14fee8-99"
aws-kraken2/g3/20261008-062751-c217150-8332-n8/out/c100/0-SRR5935771/report	foV_E2rXSB2gL1sWWZ289M46b5FJCh8U	1771191	"8701fedfacfa23eb2943f67f81310fc3"
aws-kraken2/g3/20261008-062751-c217150-8332-n8/out/c100/0-SRR5935772/output	puU7wiqFAfhS174Qn8h6VgiabawBBcx9	1299349298	"a7f618852a94bc35334fe5b997e0fc26-155"
aws-kraken2/g3/20261008-062751-c217150-8332-n8/out/c100/0-SRR5935772/report	erf4nmLEkj00AvKqLLXuJzn6t6C.31zC	1893229	"df7fc5953ce1e817770866998c55765b"
aws-kraken2/g3/20261008-062751-c217150-8332-n8/out/c100/0-SRR5935773/output	jRsONF.WbAo.jclvPC62Cw2gEHww8kzh	1777027561	"e69b85a78eb4f006ca865e89843ee8ab-212"
aws-kraken2/g3/20261008-062751-c217150-8332-n8/out/c100/0-SRR5935773/report	.nNjzbP3SPkbxfsSbGn3IfKMkWxaeXIM	1407784	"4bafbf04310f0e65af54098e7be4c9e5"
aws-kraken2/g3/20261008-062751-c217150-8332-n8/out/c100/0-SRR5935774/output	pSbpnz1KAbn8HPL0nI6AUM3goi3Tx2Cx	1118595795	"876b635c8e2c16fe4616613bd27a4e9e-134"
aws-kraken2/g3/20261008-062751-c217150-8332-n8/out/c100/0-SRR5935774/report	2OkJ80lZGpoLCNJZhxEtMFf10PeJ900C	2260847	"374fbd66817070d92c160cbdf8d548f2"
aws-kraken2/g3/20261008-062751-c217150-8332-n8/out/c100/0-SRR5935775/output	88WWU0OzjkBJC7csDJcWZ6_QTrzu8Z3g	1048439000	"2fec32271832f34f7265bc3a7185cada-125"
aws-kraken2/g3/20261008-062751-c217150-8332-n8/out/c100/0-SRR5935775/report	fpf2C_b1OwE8tMLhtwfWNPlEBGqFTt86	923682	"e9462c8ee8a540cee05c1f908bde50b8"
aws-kraken2/g3/20261008-062751-c217150-8332-n8/out/c100/0-SRR5935776/output	W47WYyLv5ppv7PQxFZzzsa3Q8y7cJ7II	286390951	"c2adbcbf037ff45a0cc06dc5cf5d50a4-35"
aws-kraken2/g3/20261008-062751-c217150-8332-n8/out/c100/0-SRR5935776/report	mkyoHy3zlcunHI.RWjewsGUT2PLD8e_P	712980	"cfd4cdea3f050ea603703fd0f76cc58f"
aws-kraken2/g3/20261008-062751-c217150-8332-n8/out/c100/0-SRR5935777/output	yWi3w5FV3mMBN7KrvRAwE8KPCOoWIwQw	791547814	"b28d495546ec4bae727a213df16c1678-95"
aws-kraken2/g3/20261008-062751-c217150-8332-n8/out/c100/0-SRR5935777/report	wmBXCkvpPJVwmEf.qj_b32xtIcUgkPRg	996979	"b5a778de88aba08b024be88d3c973d5c"
aws-kraken2/g3/20261008-062751-c217150-8332-n8/out/c100/0-SRR5935778/output	QDOEY78s5DbJKYH_ADnvBPWMXAS2un27	882898467	"aa0f50fdd8619eb0bbddb58c0bae3a7e-106"
aws-kraken2/g3/20261008-062751-c217150-8332-n8/out/c100/0-SRR5935778/report	enyXfOpWS0ZKYr4Vl1dn_So3xFhUQEZz	1826402	"2fb5abc9300dc603cc30ff035b9ffc79"
aws-kraken2/g3/20261008-062751-c217150-8332-n8/out/c100/0-SRR5935779/output	f8egwGDEWgluouJkhckHzhoFQeD94Elo	494156809	"2ab5161579914f233c4c611d32bb6b96-59"
aws-kraken2/g3/20261008-062751-c217150-8332-n8/out/c100/0-SRR5935779/report	Wl3HTi2xWqM6cnsvnov_MWod_V1cwKvg	1053419	"ede35e08dc0e38c145ef798388434d4f"
aws-kraken2/g3/20261008-062751-c217150-8332-n8/out/c100/0-SRR5935780/output	f27fNmr0z9aP0v8s.Uk.osxegAtJ9sko	864919629	"58f2f1c5a4968d917ad3af4242f36a02-104"
aws-kraken2/g3/20261008-062751-c217150-8332-n8/out/c100/0-SRR5935780/report	icIDTTzuecFSVbHQFiZRUSTnDMbGyBVt	1301060	"39a72b723039d717ab18ef19b247cf61"
aws-kraken2/g3/20261008-062751-c217150-8332-n8/out/c100/0-SRR5935781/output	QNFiQ7d4.XsUvr.NE1R56w2XNjbceiP5	778867383	"d5edb2fd25fac242283c067da5c38666-93"
aws-kraken2/g3/20261008-062751-c217150-8332-n8/out/c100/0-SRR5935781/report	coNa8rUEYaXJ.Yf1k.jiaJ1JBYjQAEmq	1056727	"c9e94a497b254a0d1a6823fa56de9c67"
aws-kraken2/g3/20261008-062751-c217150-8332-n8/out/c100/0-SRR5935782/output	7KVIexV6oBZgSpJsSfxDCZMJ5.pPdjTL	827402500	"9958de62d2851c034e9017780773663f-99"
aws-kraken2/g3/20261008-062751-c217150-8332-n8/out/c100/0-SRR5935782/report	RVwhkgiMRBfLJyt4QhdfTMYU6dycatK1	1056592	"ee7946483bce1ef20e6a90306392bdb1"
aws-kraken2/g3/20261008-062751-c217150-8332-n8/out/c100/0-SRR5935783/output	KcXJ9K7YOrzB._hF.4hJLGbPI7.mnTKl	250474215	"bc4289ae0e04a011798e1e302dceca2f-30"
aws-kraken2/g3/20261008-062751-c217150-8332-n8/out/c100/0-SRR5935783/report	Gew9Ob48VUSJPRbm4ASwKQe8X87bquG.	687469	"51cde5f7e388d53785d016617ee59aed"
aws-kraken2/g3/20261008-062751-c217150-8332-n8/out/c100/0-SRR5935784/output	p9ek07C8jgShnEe1zZaz1W8ITaIvUDAy	1294739086	"86500e810c118f02283cfa2c703e80db-155"
aws-kraken2/g3/20261008-062751-c217150-8332-n8/out/c100/0-SRR5935784/report	ZIrYFPX9WJjIm_dRS6ZqYXGPF_nooZk5	1381839	"fadcb36576b6193e03889c85ea7c380a"
aws-kraken2/g3/20261008-062751-c217150-8332-n8/out/c100/0-SRR5935785/output	FEjBnTwI3o8XqWVDrQhIzH7Qnws6bujL	1327890644	"97f14e7aa6e025f60aa75b1184c7f76a-159"
aws-kraken2/g3/20261008-062751-c217150-8332-n8/out/c100/0-SRR5935785/report	Vsi.6Ga0t80tQNyFsupPFWi98lkP8_tS	1821031	"dde4ebe25c01e0c237e180ed92bbec1d"
aws-kraken2/g3/20261008-062751-c217150-8332-n8/out/c100/0-SRR5935786/output	m19xdDkxvrasX.0dbHa6RTFykaPTpv.W	866581495	"6aea7df630a4f9669e642a0bc1d332ab-104"
aws-kraken2/g3/20261008-062751-c217150-8332-n8/out/c100/0-SRR5935786/report	QxB6SBDd03XzfQdLEUSjfjsgis5.btff	1615388	"32d4735cb3094eeb0d6752c3647ac268"
aws-kraken2/g3/20261008-062751-c217150-8332-n8/out/c100/0-SRR5935787/output	wQT24iye28pegA2swROajIGG7z5SKNhJ	1318938581	"0d615a2ece74be38286f7b2967f0f867-158"
aws-kraken2/g3/20261008-062751-c217150-8332-n8/out/c100/0-SRR5935787/report	8OTin_e5BVYi7h3CYYFZHWaY.SCkc1oX	1117113	"4cbb04f99ffb94c62e906f3b27bb89a8"
aws-kraken2/g3/20261008-062751-c217150-8332-n8/out/c100/0-SRR5935788/output	UbnCXKHF6vlyJauXw.57cq1k2dzNyoGt	1005667156	"b9d94a731a51ee68f14469b0f0abb674-120"
aws-kraken2/g3/20261008-062751-c217150-8332-n8/out/c100/0-SRR5935788/report	TaN8NWVTUk5ELjp99fl_O_b4kb6ehUqc	1157451	"393a1e3f8ea419ff25504dfd5e98de9b"
aws-kraken2/g3/20261008-062751-c217150-8332-n8/out/c100/0-SRR5935789/output	WBGgItsDDtlZ0Ot6hvRkkEP74SmiaJU1	128783639	"3db6aeb189b6d823539f71c1cf82894f-16"
aws-kraken2/g3/20261008-062751-c217150-8332-n8/out/c100/0-SRR5935789/report	Hft8FQDPzDU9fl0IVROQPF0.3FFJioHl	579130	"d4f3217421711465fdeb80f8afa6dcbd"
aws-kraken2/g3/20261008-062751-c217150-8332-n8/out/c100/0-SRR5935790/output	xahhAbtnbNOc3LrjHeId4dYwftlL2Jaa	793488802	"7b9aac5a82ff3d901c2083c149ee6d82-95"
aws-kraken2/g3/20261008-062751-c217150-8332-n8/out/c100/0-SRR5935790/report	SfwunAfda6BFN4hkS1S6XgWrGdV_HA1j	1494506	"55e00bd1f2a23d180056db854f54051b"
aws-kraken2/g3/20261008-062751-c217150-8332-n8/out/c100/0-SRR5935791/output	IrjTptKxoXiUpos0MImWM7boDNB60Tj_	779693908	"5276b3abbaa6665d5f3eb155ed4c24b4-93"
aws-kraken2/g3/20261008-062751-c217150-8332-n8/out/c100/0-SRR5935791/report	VFIDWgRAlPU3D_Bc2YJR3FPzrDqkRRJf	751941	"91d3a3f7bb769147e5c8419089f3e5c5"
aws-kraken2/g3/20261008-062751-c217150-8332-n8/out/c100/0-SRR5935792/output	B_gmzvRGRg8pvwo0vUGuVu6tjK3oNQFa	922381736	"684de63d556f2d26f5d7db58948ac4bd-110"
aws-kraken2/g3/20261008-062751-c217150-8332-n8/out/c100/0-SRR5935792/report	PvMkQLhAtLRScCPY.CvCqTbTsSRlzCpB	1503696	"0b64bbdecb16c98ba558fd070d4920bc"
aws-kraken2/g3/20261008-062751-c217150-8332-n8/out/c100/0-SRR5935793/output	.mZ4wANoe5_.Ube5nVA89jgyQGLvoe5I	152974172	"c034cf6d4c04895266741b09da9ec66f-19"
aws-kraken2/g3/20261008-062751-c217150-8332-n8/out/c100/0-SRR5935793/report	QjXnyI3KlhvPOoUGZgIkIEsR50J8.DTh	1574315	"a99382ba4f949c390c974e93c719cbcb"
aws-kraken2/g3/20261008-062751-c217150-8332-n8/out/c100/0-SRR5935794/output	6AYmLJvVcXA26SoqcMxEgoOjzhatnDml	1287477440	"76e8c414b5221183fe8abbd2e4dae9a4-154"
aws-kraken2/g3/20261008-062751-c217150-8332-n8/out/c100/0-SRR5935794/report	2ZVaLQUAh5h2UDqUPI6N5ytqKyPFX8vR	948428	"5b9366d916e66d3c8f92d46d61d3778f"
aws-kraken2/g3/20261008-062751-c217150-8332-n8/out/c100/0-SRR5935795/output	W0j_M_yRInTT8FW4sooDBcZDfwXXEBq4	967838535	"20f574737b44018702e88783b0f2580a-116"
aws-kraken2/g3/20261008-062751-c217150-8332-n8/out/c100/0-SRR5935795/report	CjyDqbfQSNxU9ejXXlUkRKL8ceCXHEK4	1182812	"4aec6e24eb607f97aad2887e40c5415e"
aws-kraken2/g3/20261008-062751-c217150-8332-n8/out/c100/0-SRR5935796/output	yqP16FepCplyinKvdcn0a1Do0.U.GJMA	1439597663	"a0fd1aeedeebee2912046d2434209a3f-172"
aws-kraken2/g3/20261008-062751-c217150-8332-n8/out/c100/0-SRR5935796/report	TuAG48PaGoW3d225K5klgGx8M1oevFKt	1898887	"5ac17446f8780e0aa084a35be78a52d5"
aws-kraken2/g3/20261008-062751-c217150-8332-n8/out/c100/0-SRR5935797/output	NZ_3R957u.rGRridieKbmXbSYTzMrv4f	733153484	"b33a30911bcdb17e3e17c3a255745715-88"
aws-kraken2/g3/20261008-062751-c217150-8332-n8/out/c100/0-SRR5935797/report	Nr6AbIWgJT0mDmVDmeZFd.56f3yOGxe0	1518141	"96e5d615eaded085404f8fa1bb3ec800"
aws-kraken2/g3/20261008-062751-c217150-8332-n8/out/c100/0-SRR5935798/output	Ha52Rth82xe_2GzdfhhxGA8k_KaZwk29	1796159145	"dfbbfb6c1733ee7d0957a41916fc4e96-215"
aws-kraken2/g3/20261008-062751-c217150-8332-n8/out/c100/0-SRR5935798/report	S__WeeMIIhx307ccEDVekH4FkZy.faQk	1733186	"13a72dbc2f31fc8f80e94d8623b5c0a1"
aws-kraken2/g3/20261008-062751-c217150-8332-n8/out/c100/0-SRR5935799/output	q.._B.LA29oG7GxFmj_JbTFZfY1SRANG	804185919	"81273ab52501494863858c3743a487cf-96"
aws-kraken2/g3/20261008-062751-c217150-8332-n8/out/c100/0-SRR5935799/report	T8KeXPf8IUM3b80EtrKDOVz9NArRqsKS	2452731	"e3b4e6e76758168dd447208b126ca365"
aws-kraken2/g3/20261008-062751-c217150-8332-n8/out/c100/0-SRR5935800/output	9F8L5CzY72eHPvr1Blc_ggiCFun0k5se	1458658836	"da80b17f48121a57b382f328bea20735-174"
aws-kraken2/g3/20261008-062751-c217150-8332-n8/out/c100/0-SRR5935800/report	4zgFRQmOoYdpJiTQMYf99naPQcb2zm4W	1221915	"ef78abfdf39f50567becd1dd751880e7"
aws-kraken2/g3/20261008-062751-c217150-8332-n8/out/c100/0-SRR5935801/output	IsQ2co7e8k68GsipIYOycbaREHjveEyg	1286139706	"a747982526b701fc90908bf536eba110-154"
aws-kraken2/g3/20261008-062751-c217150-8332-n8/out/c100/0-SRR5935801/report	fe5_76KU78vcfXj_IyfXn6d309xPRoUJ	1774484	"03a6f5dda116491f94e2a2475540ed76"
aws-kraken2/g3/20261008-062751-c217150-8332-n8/out/c100/0-SRR5935802/output	H_VHBRiQXR.5Yb9M.KRE0WLwfnzlTT1H	1382186401	"a418679cc9ed47334885ed2231de53b6-165"
aws-kraken2/g3/20261008-062751-c217150-8332-n8/out/c100/0-SRR5935802/report	Kui2xIfuPp4Mf1Ec5LArDAGImfgsmS3R	1365791	"7ad8b4b888ee0e2dc2672a7f593a78b4"
aws-kraken2/g3/20261008-062751-c217150-8332-n8/out/c100/0-SRR5935803/output	VA2S3A7F6i8autdd7PxhLvgQNsfzg.bt	1571180854	"c54bbcc90824952242bc626b6abca923-188"
aws-kraken2/g3/20261008-062751-c217150-8332-n8/out/c100/0-SRR5935803/report	oDvgURnlaT6JvD7VdJBEKH_sHjhHG4zY	1229520	"53156d5a11a00c85c64e259eb0df128d"
aws-kraken2/g3/20261008-062751-c217150-8332-n8/out/c100/0-SRR5935804/output	1txxRbzHEkLSdtGef_NBHsvk.Vlkt8lt	1162676376	"23695502da74903e9a8b838b39338fa6-139"
aws-kraken2/g3/20261008-062751-c217150-8332-n8/out/c100/0-SRR5935804/report	N.n.2gGZnLBWwT8f5YX_J7oDVpJZV9p5	1691506	"58fcb528809be80f2f1ddfb71d850a33"
aws-kraken2/g3/20261008-062751-c217150-8332-n8/out/c100/0-SRR5935805/output	5SSRUMwv_D_kzOP_JSRbUJMV7x.G7BJR	227009157	"009d606c572950271aab2a79a1e09aa6-28"
aws-kraken2/g3/20261008-062751-c217150-8332-n8/out/c100/0-SRR5935805/report	dSmue6.wR5CCSkAr32CD.vdJUQafxeuy	768876	"062e2384cc61372e4acecdd0046fe6aa"
aws-kraken2/g3/20261008-062751-c217150-8332-n8/out/c100/0-SRR5935806/output	lb2emOUfdbtuDkffp8gcSPZNdxwFoeK4	1300078926	"77d70b11798631c7e6806b29e4ecbe27-155"
aws-kraken2/g3/20261008-062751-c217150-8332-n8/out/c100/0-SRR5935806/report	N9M6oeDKhBnsauW6_xzyuov6jaoZmvUL	1442867	"c900ede3aeb90c3ba242cb0ea0fdb0c4"
aws-kraken2/g3/20261008-062751-c217150-8332-n8/out/c100/0-SRR5935807/output	XDZcBzLGwiUi2YdhwnbOwLjIwGbXxTqO	1398044104	"5254ddabf1f8cffda1f986d427dce699-167"
aws-kraken2/g3/20261008-062751-c217150-8332-n8/out/c100/0-SRR5935807/report	IAZRAxoB_2zUIRtV.oeG898FYbRveNy2	2235742	"a25aee2b237425e0760d096831fe7c3d"
aws-kraken2/g3/20261008-062751-c217150-8332-n8/out/c100/0-SRR5935808/output	TjTwf.L10A8IQy3td71EJxsZwIk8PA5D	1245254954	"bf646bfd64837e501121f436932983ee-149"
aws-kraken2/g3/20261008-062751-c217150-8332-n8/out/c100/0-SRR5935808/report	6pZa15eA11nWBIlrXfddm1DzICT.NKqI	1615509	"606b89a17229ee93b37fd0c330527980"
aws-kraken2/g3/20261008-062751-c217150-8332-n8/out/c100/0-SRR5935809/output	nFawd512g7Dzjp5AoI.53C6XvO9Oa0xP	133732200	"739df34281337ce5f6c03b96c9c1d1a9-16"
aws-kraken2/g3/20261008-062751-c217150-8332-n8/out/c100/0-SRR5935809/report	Gc0hp_bZjsg70usJJCz0PXgT8Ki9lsB3	733326	"7268edfcb09bf453d8073351cf2f13fd"
aws-kraken2/g3/20261008-062751-c217150-8332-n8/out/c100/0-SRR5935810/output	7b1XW8RpPVnmT_EMFuyQ0y2B33bkSttl	1367441604	"c09b90c34727be72a3f9668cc2ef6328-164"
aws-kraken2/g3/20261008-062751-c217150-8332-n8/out/c100/0-SRR5935810/report	Q0DcyJLRZX7kx2RS16m5vUoFBdbcPmxO	2356584	"b7f1961258966a6cbcc92417bd45d501"
aws-kraken2/g3/20261008-062751-c217150-8332-n8/out/c100/0-SRR5935811/output	UaKObALOd0FKIwhxsgcmQZJfmf.yt4me	791085404	"6a47dc023feb4952e546b38d72f1bfde-95"
aws-kraken2/g3/20261008-062751-c217150-8332-n8/out/c100/0-SRR5935811/report	9qgJ8kY.fmz8FGG.eaB_dJ3V0YnEnx9E	1087987	"d44b6db0321e21436719bc4b1daa4949"
aws-kraken2/g3/20261008-062751-c217150-8332-n8/out/c100/0-SRR5935812/output	s5SeW5WPMVSu_.q1VwyKIEAY7b2_Yrci	780122098	"76c6596f3fdc2f5416e7b745018adb03-93"
aws-kraken2/g3/20261008-062751-c217150-8332-n8/out/c100/0-SRR5935812/report	VdMMk6izKIZEuqYNr.pcgMNVtnK07jns	1223495	"c2287bbc0ccde481dbb853a8b9da9a2c"
aws-kraken2/g3/20261008-062751-c217150-8332-n8/out/c100/0-SRR5935813/output	dCvf3tNBfCQTfvjnEMzH6W4Wg7id.iYn	1478837804	"bbdb9690bda9aeac070d2e70cbc221d7-177"
aws-kraken2/g3/20261008-062751-c217150-8332-n8/out/c100/0-SRR5935813/report	2Lma3TnlFQzRh7lfJFbP5dg6YXpIBbru	1860452	"8217230b3893abfea3cb8dfbef933266"
aws-kraken2/g3/20261008-062751-c217150-8332-n8/out/c100/0-SRR5935814/output	HHXU16UBFxggHCH1qLKXU8WMw8QgA4RX	441925904	"2c8ad4581d0489d648937d04e1459784-53"
aws-kraken2/g3/20261008-062751-c217150-8332-n8/out/c100/0-SRR5935814/report	7IUX98ljWZcdVoy99DDzCGL7FmiCBTGz	890508	"20347bda3784cb4a40ac7148ca3c6c41"
aws-kraken2/g3/20261008-062751-c217150-8332-n8/out/c100/0-SRR5935815/output	ModFyJutwwqS.BtwxcKz7sCEzWr5zDFv	637407969	"b4baabb4558da0d53d8085e35eca0d0f-76"
aws-kraken2/g3/20261008-062751-c217150-8332-n8/out/c100/0-SRR5935815/report	nEfyLPdkk9c771M_KRhAlhqj4nxlLcwK	1246274	"f4deb3ca518891196dea205aeeb62a11"
aws-kraken2/g3/20261008-062751-c217150-8332-n8/out/c100/0-SRR5935816/output	hQ3LnMjHkLUkwEezCMT3cxh9HsDbFtcO	1040531865	"69860e2c0cdef9bb846ae2e77e99ad84-125"
aws-kraken2/g3/20261008-062751-c217150-8332-n8/out/c100/0-SRR5935816/report	OOVExbdHS6tzNJEVJemZvj5wCvaep6Lq	1055534	"ea93e46c6099cc42bd55c3837a25304a"
aws-kraken2/g3/20261008-062751-c217150-8332-n8/out/c100/0-SRR5935817/output	mMF.gu1GpQrGzP.ci0m0h8xc5a2HW08f	1216386454	"fd82fdd6a407972b4e7695b1aa826a43-146"
aws-kraken2/g3/20261008-062751-c217150-8332-n8/out/c100/0-SRR5935817/report	0Dh9pMSyI2zmGQqLofXF3PuZ_2bbVDZO	1444206	"423851cd60b12a8aa018804fd25a9fcf"
aws-kraken2/g3/20261008-062751-c217150-8332-n8/out/c100/0-SRR5935818/output	Iz39Y72VoqCZ1qGfLdH2qtROzlrLS_Vz	876178012	"3519418fd677d3bf384a82dcb6930236-105"
aws-kraken2/g3/20261008-062751-c217150-8332-n8/out/c100/0-SRR5935818/report	zcE19HnaW9f9RA.N8akUTtWRAU1AhEf0	1531997	"ab339c03588d82b249ea8d91f7ce2b4c"
aws-kraken2/g3/20261008-062751-c217150-8332-n8/out/c100/0-SRR5935819/output	Z_kb0hRkAg.9USlHSNUC9mBXqvACbE2O	874532687	"94a2f9b519bab5c5af50811c92539c41-105"
aws-kraken2/g3/20261008-062751-c217150-8332-n8/out/c100/0-SRR5935819/report	wXaGw2rZXYVDe3WiusJTjg9K_Of881.e	989760	"b99ad2cc96deb25a6304005bf32847ce"
aws-kraken2/g3/20261008-062751-c217150-8332-n8/out/c100/0-SRR5935820/output	.pIFXrFTmyTXupw1QMGc8ZJBJhnbVWaJ	999598293	"44bcc526c175a5c26ec18e73d068944f-120"
aws-kraken2/g3/20261008-062751-c217150-8332-n8/out/c100/0-SRR5935820/report	dyyeyLY6nX8P2hurJYWQTRVTBvDguQIM	2142192	"51ad85926cd050a1371ec579a85159ec"
aws-kraken2/g3/20261008-062751-c217150-8332-n8/out/c100/0-SRR5935821/output	63B3kLT_Gm.SjVeAYV6q1RtCpuR3U.mG	35151420	"a7e7ce8623e7f481f9ad4d589ecdfc1d-5"
aws-kraken2/g3/20261008-062751-c217150-8332-n8/out/c100/0-SRR5935821/report	9x570nBB1Hxp8e7CahAvOk1OIC5hztLD	412761	"a740c7e12b5011b5d37eaabebe8c61d9"
aws-kraken2/g3/20261008-062751-c217150-8332-n8/out/c100/0-SRR5935822/output	3D_tL9RSZkmNyAMHRWMG6kLP_IxEjfe6	1098570440	"04561c6c13415d6809e9eea55babca81-131"
aws-kraken2/g3/20261008-062751-c217150-8332-n8/out/c100/0-SRR5935822/report	0h__DDN1FAHH4VxadJ5GQnFJzQQCVtHD	1111760	"859d2f5908d2a2707b104404b8fdae1f"
aws-kraken2/g3/20261008-062751-c217150-8332-n8/out/c100/0-SRR5935823/output	E_FE2W3SRFSjnQXBuU_K_6U_F71Xs9XS	1781762791	"71870dee4614ad5fec1b2ff159afe31c-213"
aws-kraken2/g3/20261008-062751-c217150-8332-n8/out/c100/0-SRR5935823/report	fYh4I5Q528L7RKIHMLolWhJGt_yBfwRD	875682	"848fce06d14305c62ea8d89362e9c8db"
aws-kraken2/g3/20261008-062751-c217150-8332-n8/out/c100/0-SRR5935824/output	Tp4KTWJNmYHHOVZrvgwQqJYVPEIuhQJn	738026562	"efb2bc93b037c527aaacfc22a87b88ec-88"
aws-kraken2/g3/20261008-062751-c217150-8332-n8/out/c100/0-SRR5935824/report	9RhhCysIhPup994r0c0YwI8VT40Z7Qv6	1260917	"8b134a589c8702fed69a9edfdcb55203"
aws-kraken2/g3/20261008-062751-c217150-8332-n8/out/c100/0-SRR5935825/output	xbe5LnhorpZTt7noGboo.U2jpkzYuaUy	1039375148	"f3a3b9e4b1881167cdfe40454f127b56-124"
aws-kraken2/g3/20261008-062751-c217150-8332-n8/out/c100/0-SRR5935825/report	eq8S_3o8hLj1zP1GyV.olevxOoabGQ80	2331568	"90e3d7112c2926d4002181bc1e9886ef"
aws-kraken2/g3/20261008-062751-c217150-8332-n8/out/c100/0-SRR5935826/output	mbtojBhgTeFpDB34z.Xk0XYD_IEqLlXv	691366801	"ac6d02c9e85661dd484c1d8d11f4b837-83"
aws-kraken2/g3/20261008-062751-c217150-8332-n8/out/c100/0-SRR5935826/report	yDWA2g5oS5BJA9VeUf59ZCM_AHgWYsVU	1075997	"577cf71c6703445ac041f36a255e2c13"
aws-kraken2/g3/20261008-062751-c217150-8332-n8/out/c100/0-SRR5935827/output	nVsSzz1iaWX5NY6fdsi5Lrvxd.O0q0OF	1326212938	"246cdc6467208acc081a0afafa84d91c-159"
aws-kraken2/g3/20261008-062751-c217150-8332-n8/out/c100/0-SRR5935827/report	ZI8tHyFf7c6zdqNXys7MqmQhW7FQNXHZ	1384928	"d6b9783aecfcc41b6e3289808b95091d"
aws-kraken2/g3/20261008-062751-c217150-8332-n8/out/c100/0-SRR5935828/output	3VP9GS10DF9__JSYAUXAFSvMuYUcB9Wx	781850356	"87282d9b53f7b658c10141eb0ae33fb2-94"
aws-kraken2/g3/20261008-062751-c217150-8332-n8/out/c100/0-SRR5935828/report	dikbtairU5MbO7NEmhRFe9NgxdFwH_bu	1295813	"4838944dd971db3fdce7085707880dca"
aws-kraken2/g3/20261008-062751-c217150-8332-n8/out/c100/0-SRR5935829/output	35XIG3ueps44_QnPuivLXYSKXZVOrEtq	988935028	"baacdebdc2ddf04e03fe1e92a3eb05e4-118"
aws-kraken2/g3/20261008-062751-c217150-8332-n8/out/c100/0-SRR5935829/report	.zXeDSxFUe_TsTxxyQAx0ZNfD_EptrzQ	1800570	"a61b1baaaf04f11e0dab86711231bd45"
aws-kraken2/g3/20261008-062751-c217150-8332-n8/out/c100/0-SRR5935830/output	9z32OHVo7bi_jImLlV.7tcY3XwMaPqVT	1168791447	"35ee6e46b308d9de799d7da9bdc99988-140"
aws-kraken2/g3/20261008-062751-c217150-8332-n8/out/c100/0-SRR5935830/report	YW_0fOQCsgjnZgulzraOz7WC_73Majr5	1350508	"967869370444b4839ed057a32ad26279"
aws-kraken2/g3/20261008-062751-c217150-8332-n8/out/c100/0-SRR5935831/output	XhT_p5HE9hzq0lc596KU6L6ssyyfCpCM	1253578429	"301e8e23f71855f6097769d267b9eba5-150"
aws-kraken2/g3/20261008-062751-c217150-8332-n8/out/c100/0-SRR5935831/report	.wu8yUo3xQIkiaDOgzpCpdXy.PTadL6O	986875	"29460227920af2a4e73b054bcd93976f"
aws-kraken2/g3/20261008-062751-c217150-8332-n8/out/c100/0-SRR5935832/output	80T2S_xIbaLabww1pa8PoWCeP0cA8OJB	667899969	"7e50715ff3d03fd0e72a9834dd2c5c6f-80"
aws-kraken2/g3/20261008-062751-c217150-8332-n8/out/c100/0-SRR5935832/report	GW5AJ2XhZVq9mJC0ujwUQs6Irj8OLhwZ	1229913	"1c0f42ae966ee177c6465c54e097036a"
aws-kraken2/g3/20261008-062751-c217150-8332-n8/out/c100/0-SRR5935833/output	B4js26vrY1FMt59lKiqEOodclfnzUBVZ	1130055748	"d49aa0e22070c75b8e6d330b2b2a86fe-135"
aws-kraken2/g3/20261008-062751-c217150-8332-n8/out/c100/0-SRR5935833/report	3TgAVE9u8cpySYGetgVjsPlDmiEVnJh2	2277885	"403c37180239a0a00eb2f58849dce278"
aws-kraken2/g3/20261008-062751-c217150-8332-n8/out/c100/0-SRR5935834/output	cRGX.EWsfOwMHfwV.wx4FUkfCCLswzSF	1189115963	"939d0fee7a0487a914b1722d79c515c2-142"
aws-kraken2/g3/20261008-062751-c217150-8332-n8/out/c100/0-SRR5935834/report	pVYb3GU3N5M_Xme5V8YyNq00TI1vO2OM	1455202	"61bda3976eeab6220904dd0f1ca61ddb"
aws-kraken2/g3/20261008-062751-c217150-8332-n8/out/c100/0-SRR5935835/output	raJT87U5_Cz77dBDaoDfxs8RkqGr.EvC	123314642	"30131896f42887e36cce9af0cf88a780-15"
aws-kraken2/g3/20261008-062751-c217150-8332-n8/out/c100/0-SRR5935835/report	4Zuk0AzgSgv7OhemlNzeUK2pVvLBWwJ_	591275	"5a3dfda045b92d9fac5946add91c382a"
aws-kraken2/g3/20261008-062751-c217150-8332-n8/out/c100/0-SRR5935836/output	6X7iV5z3wJpXWwCFwIbMPwvorgOIR8WL	743666934	"1e133da6f9f3a20253bf2e8de465b348-89"
aws-kraken2/g3/20261008-062751-c217150-8332-n8/out/c100/0-SRR5935836/report	JGwbDyNKBrf0hciuKd1vc02Hp8DBXkfM	1122871	"272097962c8c042ccb81b56046430dd7"
aws-kraken2/g3/20261008-062751-c217150-8332-n8/out/c100/0-SRR5935837/output	w6JhOgd3J59GRd1fKZd31gcU.ffoiFSY	798446874	"c975c76db53daa25f611c1d5f367b1b1-96"
aws-kraken2/g3/20261008-062751-c217150-8332-n8/out/c100/0-SRR5935837/report	UBl5.DJWYUpyKqrXCunJazLeoPCvfChn	1650671	"7687da93f3ac5ada1b22aabb9391f193"
aws-kraken2/g3/20261008-062751-c217150-8332-n8/out/c100/0-SRR5935838/output	.Hp5Hw8RpjuVsA9b6mVmKlCtHjNs6ux2	1236685264	"82cd6ecdffba58b726395de89facd256-148"
aws-kraken2/g3/20261008-062751-c217150-8332-n8/out/c100/0-SRR5935838/report	M9lYnuIADgVuSRBx0ZOrmzV8clx5GPzX	1089354	"3358c0c2d7f695d3b3196362cd0f8462"
aws-kraken2/g3/20261008-062751-c217150-8332-n8/out/c100/0-SRR5935839/output	z.akQoJ7Ov02cWVLGaw3ygkqxCgiI_1R	108810330	"ddf7b069b57861a6f9884faf3d4d9529-13"
aws-kraken2/g3/20261008-062751-c217150-8332-n8/out/c100/0-SRR5935839/report	FdmInn10iMGHW62IECS6PChcEUhKCPMq	565350	"90aeebe0ce8d8feeb140b7df354fa50a"
aws-kraken2/g3/20261008-062751-c217150-8332-n8/out/c100/1-SRR5935740/output	2gQo415ZHOycnSOBU4XnxW6Lrko_g_u1	946738756	"4e2ab1d7a88e35afe6d099cbc240bb51-113"
aws-kraken2/g3/20261008-062751-c217150-8332-n8/out/c100/1-SRR5935740/report	4h15KPt5H.2FiG.qkS8pXqqavcmakZ4Q	2248752	"9e77a18e2022d006fc9024d8ae2c97c8"
aws-kraken2/g3/20261008-062751-c217150-8332-n8/out/c100/1-SRR5935741/output	wew2loaAXBaSaJNISbCOD1HEG6FxbjvS	1381654754	"8f29e14b459aa1b7cc3bf29b28b68165-165"
aws-kraken2/g3/20261008-062751-c217150-8332-n8/out/c100/1-SRR5935741/report	Ha9T7VYu6EBt0OiAW0BVG3jxxdJ.SLKl	1368896	"8c2722cfe7574eb5219ab6d849514f9b"
aws-kraken2/g3/20261008-062751-c217150-8332-n8/out/c100/1-SRR5935742/output	WpwLWwnn.M8wrIuoayNjL8e7pSfg4q_w	1092444185	"f2b90253aa5c4a188a22d643fb66eebc-131"
aws-kraken2/g3/20261008-062751-c217150-8332-n8/out/c100/1-SRR5935742/report	L7miATOvdMcdlEGgJrt_K.4mOfPI4hli	1622655	"d7c9bad251ee369653e8e3823602dfd0"
aws-kraken2/g3/20261008-062751-c217150-8332-n8/out/c100/1-SRR5935743/output	qNp0XQ_pzZm5McrD5GDMQutHs8oczuIZ	27295524	"3f24957a9b308e26172eb7a808e01346-4"
aws-kraken2/g3/20261008-062751-c217150-8332-n8/out/c100/1-SRR5935743/report	GnbDwOFSeleC8Xlm8EH5ZCQAMIT9GDKX	341952	"ae3289f5c0880fc94d9f62da416a086f"
aws-kraken2/g3/20261008-062751-c217150-8332-n8/out/c100/1-SRR5935744/output	9TBE0QxGwi2mDA50qPEMbCHHn8PVqP0A	1406926238	"3c3fb69ad8b689e1efd3d8adb880f58e-168"
aws-kraken2/g3/20261008-062751-c217150-8332-n8/out/c100/1-SRR5935744/report	kjkN3OLGiEO.LCjP1PMWOhYEIx2o_jFg	1181695	"c5e5623615e146884c46f09111cfa0ca"
aws-kraken2/g3/20261008-062751-c217150-8332-n8/out/c100/1-SRR5935745/output	z7C3oDSPtDbYe3UbGcY.EyiN9kfq1Bwf	897820263	"441d325e355b09f876f8876b7306713a-108"
aws-kraken2/g3/20261008-062751-c217150-8332-n8/out/c100/1-SRR5935745/report	XlKCLXhzU4pgOo5aGmd3B.LFDKZdYO5E	1724465	"c57f515bef466ea1b4be9363ca968ff2"
aws-kraken2/g3/20261008-062751-c217150-8332-n8/out/c100/1-SRR5935746/output	TlfXvYbLyp5SCtLbWK7Y.nO6kXZSn669	903223803	"35e0c45bb00f779a17aefd93b655cef9-108"
aws-kraken2/g3/20261008-062751-c217150-8332-n8/out/c100/1-SRR5935746/report	6zTQeliIB9GKQWZ1YQJgFBiKjogej8Lf	1320734	"c2d0907cdc798c74cd9b7432ae253c8d"
aws-kraken2/g3/20261008-062751-c217150-8332-n8/out/c100/1-SRR5935747/output	FQNGy.aZWDnA5ZBKp4VkdMa09eu8TLCu	296796390	"86f01180a9c2b9845e4dd4f17b67859d-36"
aws-kraken2/g3/20261008-062751-c217150-8332-n8/out/c100/1-SRR5935747/report	nsGfIIyyd_goq3dBJySXbyORm5cNLMBc	1163769	"6ac37cd5495698de8647f6e67ebdf560"
aws-kraken2/g3/20261008-062751-c217150-8332-n8/out/c100/1-SRR5935748/output	KXyHAK3S0zeC.ofVTpRiW4vUDtmrY.Ew	1141831527	"863bd56588b3cade48972eae5ed2a721-137"
aws-kraken2/g3/20261008-062751-c217150-8332-n8/out/c100/1-SRR5935748/report	.td2DiONz3UUX_IAm.m3Mg.a88JC64RH	1938463	"0e69c65c26dcff28c5e8e7c1c5465571"
aws-kraken2/g3/20261008-062751-c217150-8332-n8/out/c100/1-SRR5935749/output	zZkN8wD7MCaN2ZNKY35.Knf0EvMMuDcT	1565294252	"33bab253dafe240c14572741c58c41f2-187"
aws-kraken2/g3/20261008-062751-c217150-8332-n8/out/c100/1-SRR5935749/report	yWpDGFxNc0fvLCW2Xm0qzcm_fArwvPOH	1256645	"f819b582c7d0d9de1f6b13dcfe48ce28"
aws-kraken2/g3/20261008-062751-c217150-8332-n8/out/c100/1-SRR5935750/output	zWoUwYFQfdIVE1lReo8Qm8_7AfVZvAvw	643030825	"d96f1380d23a6f9c4fa95ca95786a7c4-77"
aws-kraken2/g3/20261008-062751-c217150-8332-n8/out/c100/1-SRR5935750/report	tBDDgogNMOwQkWmcALcI_KCgZJVEUL1r	1002553	"385819165f4aac144c53d67576205aca"
aws-kraken2/g3/20261008-062751-c217150-8332-n8/out/c100/1-SRR5935751/output	GFtjj4cbtScAfuIr9RGsARxBX0W63_TO	1465416301	"455285249c6fd431d18ea5e325c2c063-175"
aws-kraken2/g3/20261008-062751-c217150-8332-n8/out/c100/1-SRR5935751/report	tK5.LSnFeQk1vOqLI6fwuf_PUcOhoXgv	1396811	"1aa18848401149c337687df94a097505"
aws-kraken2/g3/20261008-062751-c217150-8332-n8/out/c100/1-SRR5935752/output	_dJ9urRShIEYuTfMaIY6Aad.sf9KF9_K	1117536035	"c900c6089a10b3d05527cd9f4daba664-134"
aws-kraken2/g3/20261008-062751-c217150-8332-n8/out/c100/1-SRR5935752/report	HVM55E_dlB8mRLl0AxFxxSgzYF_aqVJt	806542	"4698d588c54166d9aaada2fad1cf1689"
aws-kraken2/g3/20261008-062751-c217150-8332-n8/out/c100/1-SRR5935753/output	aBn5g9WFxF8yyNBzii_DWxWjxY57dfdD	1208291702	"c96ba7b6ed8b7f0a4f47bd06541c7396-145"
aws-kraken2/g3/20261008-062751-c217150-8332-n8/out/c100/1-SRR5935753/report	Ho1UZJkMUqw_esNN8Ngagh6CrxMGyiwI	1606917	"7ca79f400e631fe9c8e4ee48ac7c908c"
aws-kraken2/g3/20261008-062751-c217150-8332-n8/out/c100/1-SRR5935754/output	8t7EDaiylkdzoTzkYKg8iJCQVu5sf4tk	910753380	"cba36ff22fe47595711ebfea36ce5c9b-109"
aws-kraken2/g3/20261008-062751-c217150-8332-n8/out/c100/1-SRR5935754/report	CsC5dk4iWtzRNPLIrFjogQqFQ0aJJMJD	2028520	"1f1509568034e3e226de9e5bb8f57aeb"
aws-kraken2/g3/20261008-062751-c217150-8332-n8/out/c100/1-SRR5935755/output	3W6PgQpgyZCgDHQwlT4Xjd5AdTB4fTpi	493002568	"40025331346bffb4a90333a21fdfb23f-59"
aws-kraken2/g3/20261008-062751-c217150-8332-n8/out/c100/1-SRR5935755/report	_cv3iuBLU52NnTa3vAynrpRYYgPYaLxH	1925503	"64830f134c5706ba71ba95f0bcdbc355"
aws-kraken2/g3/20261008-062751-c217150-8332-n8/out/c100/1-SRR5935756/output	f0fv9DmL.QxMZSbjkJnDe1zgq09Wjn7l	1348489750	"e725bd16e114bec0a8b147f47e3c8e43-161"
aws-kraken2/g3/20261008-062751-c217150-8332-n8/out/c100/1-SRR5935756/report	YrWnNYLdamfDs0nTJ_JFf8juGgh3IuOE	1810112	"0fd72970d1029a408f8a69d8b5b8b577"
aws-kraken2/g3/20261008-062751-c217150-8332-n8/out/c100/1-SRR5935757/output	M5.8yjt1DXMimFxLfyV77PPpRruWaX5M	1579904848	"e26c66232d3b9350509fa7a6709fc397-189"
aws-kraken2/g3/20261008-062751-c217150-8332-n8/out/c100/1-SRR5935757/report	CtzFl2jIqhmMNfJB7Takzx_C0GGatNMp	1886320	"4daa4588faaccbc4bda5e5c07bd3ae6a"
aws-kraken2/g3/20261008-062751-c217150-8332-n8/out/c100/1-SRR5935758/output	38WE5FC5AHbEeA4EjJnRnUt13DDcSEvl	655178849	"11eedf0388d03028a264687a5b7d16f5-79"
aws-kraken2/g3/20261008-062751-c217150-8332-n8/out/c100/1-SRR5935758/report	gAGtBoL3b4e6geuT.A7FjDv2qxr6JTyP	1047994	"28e1d014f9b494550e804bfb9ab73f6b"
aws-kraken2/g3/20261008-062751-c217150-8332-n8/out/c100/1-SRR5935759/output	DJsCMP_FMR1IYlgfSmtfa2aZYXOUrc00	1485622720	"3ade6217d0729fcbf432c71852add2c3-178"
aws-kraken2/g3/20261008-062751-c217150-8332-n8/out/c100/1-SRR5935759/report	_dIfbpW44boibq6JiIk6XFjBGdbGWJjW	1800868	"4678bae6f78fc8f6184cad45f05345fd"
aws-kraken2/g3/20261008-062751-c217150-8332-n8/out/c100/1-SRR5935760/output	wPb2QNABZjVxSU10Aj30QqGo4bZAfGj2	894778457	"85db7e58525c5eed8349c611e58c43fb-107"
aws-kraken2/g3/20261008-062751-c217150-8332-n8/out/c100/1-SRR5935760/report	zddJ9wml9dBkOyBLoqW14VkktpQew3QZ	1068522	"46fde65478c0d0a936b47aa331abf441"
aws-kraken2/g3/20261008-062751-c217150-8332-n8/out/c100/1-SRR5935761/output	aKE.ioL4Zv1lqe3cGx2u.qHh5d1pbbkY	1123139015	"5cbcdf96b113b5f000417bf4c81808e8-134"
aws-kraken2/g3/20261008-062751-c217150-8332-n8/out/c100/1-SRR5935761/report	LCaEsisHMMCZUwsCbvQbXE1mm9TVYVaP	1213198	"40c3edf00c38c0bb966979875c57cbf0"
aws-kraken2/g3/20261008-062751-c217150-8332-n8/out/c100/1-SRR5935762/output	1VrdibJ9JCJbAodiY1dee.K40t3fzzwS	1548601024	"aa22dc7fcd663c17cf4190ce5f0b2951-185"
aws-kraken2/g3/20261008-062751-c217150-8332-n8/out/c100/1-SRR5935762/report	bT3zs9nd21HaXpcEVZwgpo5pCh2.COju	1328169	"3a99c71d3fec811b0d863cbdc203cfc6"
aws-kraken2/g3/20261008-062751-c217150-8332-n8/out/c100/1-SRR5935763/output	pLFOrgCy2hgktpmuf7HN69OkwjesTcBy	470465597	"a1cc17c374ab92ab30d8d7402fefb834-57"
aws-kraken2/g3/20261008-062751-c217150-8332-n8/out/c100/1-SRR5935763/report	JkqecmTC4UBWBK1BrpVSaTqshzcEe3RN	799739	"e5bdcba7997615738598ddfc7767ad33"
aws-kraken2/g3/20261008-062751-c217150-8332-n8/out/c100/1-SRR5935764/output	D0xALeEYLmm44YRBLgWNmfTEjk3qt029	1056480454	"39bc5c03c6d4385aa225c1fbf9c64cbe-126"
aws-kraken2/g3/20261008-062751-c217150-8332-n8/out/c100/1-SRR5935764/report	y5V27nux.y9OhKBOA82sQNnIqfvacz_.	1456220	"82f7f4f45e36c5733005debd2d0deccd"
aws-kraken2/g3/20261008-062751-c217150-8332-n8/out/c100/1-SRR5935765/output	5kQss7f1k6JXiEyk.q.xAonKxwNqo66e	868996488	"1feb2744116cf71a6d30e12bf84ea163-104"
aws-kraken2/g3/20261008-062751-c217150-8332-n8/out/c100/1-SRR5935765/report	7fcPrjmwOsiISO0c8K.BqO6CZELsqXCu	1093035	"fc475b68432aae6b4ff15253f9a4cf5e"
aws-kraken2/g3/20261008-062751-c217150-8332-n8/out/c100/1-SRR5935766/output	ZI8ZpXlApPs4LnJfeFDxjLlYay1xBf_P	1196000935	"46ec004fa7fad326fb2823f14779ad5e-143"
aws-kraken2/g3/20261008-062751-c217150-8332-n8/out/c100/1-SRR5935766/report	IGISDLNm6lRRZFPhfciqqPbpS_VNv4_C	1389765	"be1271dfeebff8efdb070a33aa1c5d42"
aws-kraken2/g3/20261008-062751-c217150-8332-n8/out/c100/1-SRR5935767/output	5WKV5R1Y5.4eOus5Lt_OiUgqzzwybxfw	493196104	"60d081cbf30c4eeeb5cc60a85b1166ce-59"
aws-kraken2/g3/20261008-062751-c217150-8332-n8/out/c100/1-SRR5935767/report	XIlPBHvvyEhCtDCn1znktfJC.oSWjCHJ	1215682	"bf4e5698de26332ff1ef259b182f428c"
aws-kraken2/g3/20261008-062751-c217150-8332-n8/out/c100/1-SRR5935768/output	57.BY6Mzmo8Yws_dNAsHaWIopbbrQ5gs	1412003175	"182fadb45a81c09e452b17e56c8e412b-169"
aws-kraken2/g3/20261008-062751-c217150-8332-n8/out/c100/1-SRR5935768/report	RiDxC1FR3vD27CcexSL2cJCa94LbuvIc	1882093	"464f2bcaf9559652181296ac0d110531"
aws-kraken2/g3/20261008-062751-c217150-8332-n8/out/c100/1-SRR5935769/output	Jl7C0OArI4VoFkMm4D1mVUTVoZG5L1Fq	994989473	"86cc2f2ad088e288925fcd16fc7d1840-119"
aws-kraken2/g3/20261008-062751-c217150-8332-n8/out/c100/1-SRR5935769/report	n8exVKBs0DqPGVuYUj.YxuqU5gl4STIn	1796504	"4b577b3001ba3308bd204d42bd61df59"
aws-kraken2/g3/20261008-062751-c217150-8332-n8/out/c100/1-SRR5935770/output	5CZ9C7jgjL87ROEpR3SjhTzfaSKdlQkE	1485977558	"482bedbbf51074e0829640969f980674-178"
aws-kraken2/g3/20261008-062751-c217150-8332-n8/out/c100/1-SRR5935770/report	QrF5_HLr7hRPMJdJ9yvn4NLPiEo7w8oU	1509097	"717071ca941e140874e74d9dd6e1e9c8"
aws-kraken2/g3/20261008-062751-c217150-8332-n8/out/c100/1-SRR5935771/output	Q8HFgnr0_odHZp2F5lqGw5u8zoVi9fyI	825926292	"5bd4624f0baa5c525a3299706f14fee8-99"
aws-kraken2/g3/20261008-062751-c217150-8332-n8/out/c100/1-SRR5935771/report	udvGGjIlkG3sNB94.GG8mN.sUvXVFN73	1771191	"8701fedfacfa23eb2943f67f81310fc3"
aws-kraken2/g3/20261008-062751-c217150-8332-n8/out/c100/1-SRR5935772/output	YYzzUwehcWs9pa.CFanRHZz1vNbECBQ3	1299349298	"a7f618852a94bc35334fe5b997e0fc26-155"
aws-kraken2/g3/20261008-062751-c217150-8332-n8/out/c100/1-SRR5935772/report	8A7XBAHciV_7zN9N5mUov9oyp3CRL6t3	1893229	"df7fc5953ce1e817770866998c55765b"
aws-kraken2/g3/20261008-062751-c217150-8332-n8/out/c100/1-SRR5935773/output	K6UCexlgU1SCivF3zMOR_wCAKAEXRoyS	1777027561	"e69b85a78eb4f006ca865e89843ee8ab-212"
aws-kraken2/g3/20261008-062751-c217150-8332-n8/out/c100/1-SRR5935773/report	_8jGYHI_jpaHMu26O.yJxB8O_IukYZPw	1407784	"4bafbf04310f0e65af54098e7be4c9e5"
aws-kraken2/g3/20261008-062751-c217150-8332-n8/out/c100/1-SRR5935774/output	iyWozFYgCTMryO1bWom4D2K7vcebLmCd	1118595795	"876b635c8e2c16fe4616613bd27a4e9e-134"
aws-kraken2/g3/20261008-062751-c217150-8332-n8/out/c100/1-SRR5935774/report	aj8gOYOmCH.9BacgUsX8Q8glvZZrH6ZS	2260847	"374fbd66817070d92c160cbdf8d548f2"
aws-kraken2/g3/20261008-062751-c217150-8332-n8/out/c100/1-SRR5935775/output	aIpVDxq5eOR814.qTmNrnGllr0jlsOaz	1048439000	"2fec32271832f34f7265bc3a7185cada-125"
aws-kraken2/g3/20261008-062751-c217150-8332-n8/out/c100/1-SRR5935775/report	1ohBqNEryjts8YjS_Zm7z4_OT2qw5OsV	923682	"e9462c8ee8a540cee05c1f908bde50b8"
aws-kraken2/g3/20261008-062751-c217150-8332-n8/out/c100/1-SRR5935776/output	9Fdn5ozpq.hIuv09KtIsDBc6fCr5YbZH	286390951	"c2adbcbf037ff45a0cc06dc5cf5d50a4-35"
aws-kraken2/g3/20261008-062751-c217150-8332-n8/out/c100/1-SRR5935776/report	q3LAdxorgNPqf98v_XAE6xIAQDMXqJSs	712980	"cfd4cdea3f050ea603703fd0f76cc58f"
aws-kraken2/g3/20261008-062751-c217150-8332-n8/out/c100/1-SRR5935777/output	1qoPWbV.EIszQ4lQAGH77WxNog1nebqE	791547814	"b28d495546ec4bae727a213df16c1678-95"
aws-kraken2/g3/20261008-062751-c217150-8332-n8/out/c100/1-SRR5935777/report	Ar2WXkIKMf3QJAglgUA72BnL974qx56l	996979	"b5a778de88aba08b024be88d3c973d5c"
aws-kraken2/g3/20261008-062751-c217150-8332-n8/out/c100/1-SRR5935778/output	veqBujioCMwukjTr.gdqSWub7dzb1Yfm	882898467	"aa0f50fdd8619eb0bbddb58c0bae3a7e-106"
aws-kraken2/g3/20261008-062751-c217150-8332-n8/out/c100/1-SRR5935778/report	SQdEtOYjuTW0QNaOU_x4YUqOifTiwWKf	1826402	"2fb5abc9300dc603cc30ff035b9ffc79"
aws-kraken2/g3/20261008-062751-c217150-8332-n8/out/c100/1-SRR5935779/output	6GGfTvtE.vWkky6zTlCYHsXoRucqUx91	494156809	"2ab5161579914f233c4c611d32bb6b96-59"
aws-kraken2/g3/20261008-062751-c217150-8332-n8/out/c100/1-SRR5935779/report	IRBwed3Gu1xI.NzVotGvbYOu8lXc1AUG	1053419	"ede35e08dc0e38c145ef798388434d4f"
aws-kraken2/g3/20261008-062751-c217150-8332-n8/out/c100/1-SRR5935780/output	vPODTZAUUr5mHoq7ZSKQ_7cxn1BjiWGZ	864919629	"58f2f1c5a4968d917ad3af4242f36a02-104"
aws-kraken2/g3/20261008-062751-c217150-8332-n8/out/c100/1-SRR5935780/report	T6w9upYPcQqOdIc4TLLFXQ_SMII_thpi	1301060	"39a72b723039d717ab18ef19b247cf61"
aws-kraken2/g3/20261008-062751-c217150-8332-n8/out/c100/1-SRR5935781/output	FwNAWNREineZ9uoZttVqYt48HyObcGun	778867383	"d5edb2fd25fac242283c067da5c38666-93"
aws-kraken2/g3/20261008-062751-c217150-8332-n8/out/c100/1-SRR5935781/report	8RPpMcA154Or5gN0UUY9Zv9FNwlSHD7j	1056727	"c9e94a497b254a0d1a6823fa56de9c67"
aws-kraken2/g3/20261008-062751-c217150-8332-n8/out/c100/1-SRR5935782/output	kom9dwAH4MEnSA3DuiOA78siecdTSvDn	827402500	"9958de62d2851c034e9017780773663f-99"
aws-kraken2/g3/20261008-062751-c217150-8332-n8/out/c100/1-SRR5935782/report	mP4dLdOJrhDJWB20ruyXkQTYz3Hf0D0a	1056592	"ee7946483bce1ef20e6a90306392bdb1"
aws-kraken2/g3/20261008-062751-c217150-8332-n8/out/c100/1-SRR5935783/output	71_LGtLgTUByw.ZQLk3j.U8afM7cU1pI	250474215	"bc4289ae0e04a011798e1e302dceca2f-30"
aws-kraken2/g3/20261008-062751-c217150-8332-n8/out/c100/1-SRR5935783/report	vx7vH..vLWRDRLQ0OKaugXgPp9mBKOX0	687469	"51cde5f7e388d53785d016617ee59aed"
aws-kraken2/g3/20261008-062751-c217150-8332-n8/out/c100/1-SRR5935784/output	G5UWo1ivhGFDQ2VkbGQmbEKOYyeyPClV	1294739086	"86500e810c118f02283cfa2c703e80db-155"
aws-kraken2/g3/20261008-062751-c217150-8332-n8/out/c100/1-SRR5935784/report	pFO4kDOxVVcwD4pIh.d14i94P8WVGoof	1381839	"fadcb36576b6193e03889c85ea7c380a"
aws-kraken2/g3/20261008-062751-c217150-8332-n8/out/c100/1-SRR5935785/output	MmAvthMLIX0lm8E7fmvLS501XlwzYgRV	1327890644	"97f14e7aa6e025f60aa75b1184c7f76a-159"
aws-kraken2/g3/20261008-062751-c217150-8332-n8/out/c100/1-SRR5935785/report	SNn2oUQvxyLsSEmUQjoyJjovFgmxHnEz	1821031	"dde4ebe25c01e0c237e180ed92bbec1d"
aws-kraken2/g3/20261008-062751-c217150-8332-n8/out/c100/1-SRR5935786/output	OQBL554lxWQEq5IriVMFKtVxjlCVhIA3	866581495	"6aea7df630a4f9669e642a0bc1d332ab-104"
aws-kraken2/g3/20261008-062751-c217150-8332-n8/out/c100/1-SRR5935786/report	AnvfNCbcPyn9vhaqkdX3kfhguGCg_nIn	1615388	"32d4735cb3094eeb0d6752c3647ac268"
aws-kraken2/g3/20261008-062751-c217150-8332-n8/out/c100/1-SRR5935787/output	E8YErmFtiaofReAbHcaWA.wASTEg9EjP	1318938581	"0d615a2ece74be38286f7b2967f0f867-158"
aws-kraken2/g3/20261008-062751-c217150-8332-n8/out/c100/1-SRR5935787/report	m97p96UIdjzJjKQho9yzZqXd.GJ5WR8V	1117113	"4cbb04f99ffb94c62e906f3b27bb89a8"
aws-kraken2/g3/20261008-062751-c217150-8332-n8/out/c100/1-SRR5935788/output	08mWKFri6l1Us.T_J7EZeEDim7rDW4cF	1005667156	"b9d94a731a51ee68f14469b0f0abb674-120"
aws-kraken2/g3/20261008-062751-c217150-8332-n8/out/c100/1-SRR5935788/report	ChD8kMHq0V1qH22xb45y0G1QqMiSv2if	1157451	"393a1e3f8ea419ff25504dfd5e98de9b"
aws-kraken2/g3/20261008-062751-c217150-8332-n8/out/c100/1-SRR5935789/output	G7iAVfc9I26L4mNmFQpkrNKQASHgd7kf	128783639	"3db6aeb189b6d823539f71c1cf82894f-16"
aws-kraken2/g3/20261008-062751-c217150-8332-n8/out/c100/1-SRR5935789/report	rX_OPOIHQdCdzxDjyAcrw_NwrsYD0Dra	579130	"d4f3217421711465fdeb80f8afa6dcbd"
aws-kraken2/g3/20261008-062751-c217150-8332-n8/out/c100/1-SRR5935790/output	wGrVNj_7cVB_0ZoNAlJWRfaKnVAOBWs7	793488802	"7b9aac5a82ff3d901c2083c149ee6d82-95"
aws-kraken2/g3/20261008-062751-c217150-8332-n8/out/c100/1-SRR5935790/report	kaX8ZbttKLoAtmpaI4VlFIFYrYGPsVN4	1494506	"55e00bd1f2a23d180056db854f54051b"
aws-kraken2/g3/20261008-062751-c217150-8332-n8/out/c100/1-SRR5935791/output	pQpXcWDvvH4Gkb.9kj9kvtkveHd1ssSF	779693908	"5276b3abbaa6665d5f3eb155ed4c24b4-93"
aws-kraken2/g3/20261008-062751-c217150-8332-n8/out/c100/1-SRR5935791/report	qpjvsmC93EdX6kQ_mHEcMWDCgLw6_K0o	751941	"91d3a3f7bb769147e5c8419089f3e5c5"
aws-kraken2/g3/20261008-062751-c217150-8332-n8/out/c100/1-SRR5935792/output	RsVhbr5jm5rqTcYrVU3oeI2oEAwWhHvq	922381736	"684de63d556f2d26f5d7db58948ac4bd-110"
aws-kraken2/g3/20261008-062751-c217150-8332-n8/out/c100/1-SRR5935792/report	qdchxTWlB7ZDqES.bmlnMl7vtBHghaNe	1503696	"0b64bbdecb16c98ba558fd070d4920bc"
aws-kraken2/g3/20261008-062751-c217150-8332-n8/out/c100/1-SRR5935793/output	fSn3beRAJ8uN4lhcHM4RogCxjXCtl3GG	152974172	"c034cf6d4c04895266741b09da9ec66f-19"
aws-kraken2/g3/20261008-062751-c217150-8332-n8/out/c100/1-SRR5935793/report	bGYZfsBR.z5oQ8r7Ky8lGqNXu0c8atEL	1574315	"a99382ba4f949c390c974e93c719cbcb"
aws-kraken2/g3/20261008-062751-c217150-8332-n8/out/c100/1-SRR5935794/output	Og79ukFkjXNrZqRjHqhjR7bltwt7jdgZ	1287477440	"76e8c414b5221183fe8abbd2e4dae9a4-154"
aws-kraken2/g3/20261008-062751-c217150-8332-n8/out/c100/1-SRR5935794/report	R6rLzpC5h3LYPWYB5OD6vY8QGKpNEAnW	948428	"5b9366d916e66d3c8f92d46d61d3778f"
aws-kraken2/g3/20261008-062751-c217150-8332-n8/out/c100/1-SRR5935795/output	KRsxVMfU.dqa2hIDRhbKcsLbk0aYhMHN	967838535	"20f574737b44018702e88783b0f2580a-116"
aws-kraken2/g3/20261008-062751-c217150-8332-n8/out/c100/1-SRR5935795/report	vug5z1WHWe0gXQISHdxKo06Unp6Sg5..	1182812	"4aec6e24eb607f97aad2887e40c5415e"
aws-kraken2/g3/20261008-062751-c217150-8332-n8/out/c100/1-SRR5935796/output	LV9tr2dP5gb7J1n1.grG8ULsiH51cR1v	1439597663	"a0fd1aeedeebee2912046d2434209a3f-172"
aws-kraken2/g3/20261008-062751-c217150-8332-n8/out/c100/1-SRR5935796/report	eQ66Y1S.agC5NMctN64MQ3M2LcRWgAuw	1898887	"5ac17446f8780e0aa084a35be78a52d5"
aws-kraken2/g3/20261008-062751-c217150-8332-n8/out/c100/1-SRR5935797/output	iUbqIEjjs5C2EhW5E.vPfSI5eU6LAE3D	733153484	"b33a30911bcdb17e3e17c3a255745715-88"
aws-kraken2/g3/20261008-062751-c217150-8332-n8/out/c100/1-SRR5935797/report	Cfim9YINbyUeZnbMdBE4eUsnq4WgFa5X	1518141	"96e5d615eaded085404f8fa1bb3ec800"
aws-kraken2/g3/20261008-062751-c217150-8332-n8/out/c100/1-SRR5935798/output	PrtN0.qeIVgWSpcydvCOAffSZ7t7kf76	1796159145	"dfbbfb6c1733ee7d0957a41916fc4e96-215"
aws-kraken2/g3/20261008-062751-c217150-8332-n8/out/c100/1-SRR5935798/report	4RW.0mqmATjIK_vi7qnqEif30Gw3CkFA	1733186	"13a72dbc2f31fc8f80e94d8623b5c0a1"
aws-kraken2/g3/20261008-062751-c217150-8332-n8/out/c100/1-SRR5935799/output	9L0FxYvDYGRgXOf9ZIvRDiT2B8sR0cGq	804185919	"81273ab52501494863858c3743a487cf-96"
aws-kraken2/g3/20261008-062751-c217150-8332-n8/out/c100/1-SRR5935799/report	laAIBlcV3sDnhF.s90EUfIOiZ2oZOd0v	2452731	"e3b4e6e76758168dd447208b126ca365"
aws-kraken2/g3/20261008-062751-c217150-8332-n8/out/c100/1-SRR5935800/output	2571MKfpKXFhhBUR5M4M0bUEzIpUyci0	1458658836	"da80b17f48121a57b382f328bea20735-174"
aws-kraken2/g3/20261008-062751-c217150-8332-n8/out/c100/1-SRR5935800/report	nSMpF2wXb6ItFlqHQ2EKi31YESQulIbB	1221915	"ef78abfdf39f50567becd1dd751880e7"
aws-kraken2/g3/20261008-062751-c217150-8332-n8/out/c100/1-SRR5935801/output	ay5ls7I3Qv.GuaIGdM015XZy0SUVGPuR	1286139706	"a747982526b701fc90908bf536eba110-154"
aws-kraken2/g3/20261008-062751-c217150-8332-n8/out/c100/1-SRR5935801/report	aS4rHBm8lfHPjCq73FHTzxowtFlfLl65	1774484	"03a6f5dda116491f94e2a2475540ed76"
aws-kraken2/g3/20261008-062751-c217150-8332-n8/out/c100/1-SRR5935802/output	8YAFAsRj21l1Yev2ULrHZfFNWjXZLa7R	1382186401	"a418679cc9ed47334885ed2231de53b6-165"
aws-kraken2/g3/20261008-062751-c217150-8332-n8/out/c100/1-SRR5935802/report	sWG9U9Vam4fduibbtXT_5F2riVdCMXiS	1365791	"7ad8b4b888ee0e2dc2672a7f593a78b4"
aws-kraken2/g3/20261008-062751-c217150-8332-n8/out/c100/1-SRR5935803/output	y3D.AEykN0aS3O3h5lmKpb27hLkOUrLc	1571180854	"c54bbcc90824952242bc626b6abca923-188"
aws-kraken2/g3/20261008-062751-c217150-8332-n8/out/c100/1-SRR5935803/report	LXy5gA2QY5.eXDLv23ccDk1WpRJtQiae	1229520	"53156d5a11a00c85c64e259eb0df128d"
aws-kraken2/g3/20261008-062751-c217150-8332-n8/out/c100/1-SRR5935804/output	PPNug5MZO3SpEZU2T88d1dC0OEKHAX8.	1162676376	"23695502da74903e9a8b838b39338fa6-139"
aws-kraken2/g3/20261008-062751-c217150-8332-n8/out/c100/1-SRR5935804/report	VFu79VvQVWoxBAYQcVvRWxV9q5RY9EAX	1691506	"58fcb528809be80f2f1ddfb71d850a33"
aws-kraken2/g3/20261008-062751-c217150-8332-n8/out/c100/1-SRR5935805/output	mz4Ynmpqu730bv3cf6t7zaXWSoycWCQR	227009157	"009d606c572950271aab2a79a1e09aa6-28"
aws-kraken2/g3/20261008-062751-c217150-8332-n8/out/c100/1-SRR5935805/report	BB7LRmG83X89fzd7.BLb0YRrFHMR2Cp5	768876	"062e2384cc61372e4acecdd0046fe6aa"
aws-kraken2/g3/20261008-062751-c217150-8332-n8/out/c100/1-SRR5935806/output	wqn9E2uvq9.y2lhPIBHgHpu07mq3JGeA	1300078926	"77d70b11798631c7e6806b29e4ecbe27-155"
aws-kraken2/g3/20261008-062751-c217150-8332-n8/out/c100/1-SRR5935806/report	6qq02rvTNzSfeiVmIgv7_8S0iPjeXEZc	1442867	"c900ede3aeb90c3ba242cb0ea0fdb0c4"
aws-kraken2/g3/20261008-062751-c217150-8332-n8/out/c100/1-SRR5935807/output	uYeb0Bju2ZyuVvZYWy12WKukl486a7x5	1398044104	"5254ddabf1f8cffda1f986d427dce699-167"
aws-kraken2/g3/20261008-062751-c217150-8332-n8/out/c100/1-SRR5935807/report	5Vv54e3PbiVFWbtt_bNrbcnPYZNlNcHl	2235742	"a25aee2b237425e0760d096831fe7c3d"
aws-kraken2/g3/20261008-062751-c217150-8332-n8/out/c100/1-SRR5935808/output	YTn_irej5qEEWpg81GZ.JKf3MRoN05G9	1245254954	"bf646bfd64837e501121f436932983ee-149"
aws-kraken2/g3/20261008-062751-c217150-8332-n8/out/c100/1-SRR5935808/report	fRBEtcHHowEhTM1aNWFdUr5iLIoKIqvt	1615509	"606b89a17229ee93b37fd0c330527980"
aws-kraken2/g3/20261008-062751-c217150-8332-n8/out/c100/1-SRR5935809/output	WvKVUkU4aE_mCvrfE6Tv84fpVf.g.Rs4	133732200	"739df34281337ce5f6c03b96c9c1d1a9-16"
aws-kraken2/g3/20261008-062751-c217150-8332-n8/out/c100/1-SRR5935809/report	1iVRAlMbQFsTvZVdWfuij5bEOwG8RWFM	733326	"7268edfcb09bf453d8073351cf2f13fd"
aws-kraken2/g3/20261008-062751-c217150-8332-n8/out/c100/1-SRR5935810/output	F0FSuCwUMAwkQ9jv_HU4nTW67XhyBoVP	1367441604	"c09b90c34727be72a3f9668cc2ef6328-164"
aws-kraken2/g3/20261008-062751-c217150-8332-n8/out/c100/1-SRR5935810/report	5nO3c1am1HSDf2WK1pY5tn_nUlebdJtr	2356584	"b7f1961258966a6cbcc92417bd45d501"
aws-kraken2/g3/20261008-062751-c217150-8332-n8/out/c100/1-SRR5935811/output	5PjcHSEjPJSn6Qgg1TEaY6IvlH_pGqsZ	791085404	"6a47dc023feb4952e546b38d72f1bfde-95"
aws-kraken2/g3/20261008-062751-c217150-8332-n8/out/c100/1-SRR5935811/report	moemkPtIAqG22w9UXIfBFiKnky3M8cDz	1087987	"d44b6db0321e21436719bc4b1daa4949"
aws-kraken2/g3/20261008-062751-c217150-8332-n8/out/c100/1-SRR5935812/output	YcMZe0eIuzR01Q0DoPxdsFE0YMmwuPqf	780122098	"76c6596f3fdc2f5416e7b745018adb03-93"
aws-kraken2/g3/20261008-062751-c217150-8332-n8/out/c100/1-SRR5935812/report	eFO8rV6U.MjJY9nHF8l41SP8ACjroQiz	1223495	"c2287bbc0ccde481dbb853a8b9da9a2c"
aws-kraken2/g3/20261008-062751-c217150-8332-n8/out/c100/1-SRR5935813/output	GZeD2mpn_sxGlLoCcxkY5dYAWOY9sTfu	1478837804	"bbdb9690bda9aeac070d2e70cbc221d7-177"
aws-kraken2/g3/20261008-062751-c217150-8332-n8/out/c100/1-SRR5935813/report	PYUMIbrVQ4qKvrIOJPlNHH9wxehBiH0b	1860452	"8217230b3893abfea3cb8dfbef933266"
aws-kraken2/g3/20261008-062751-c217150-8332-n8/out/c100/1-SRR5935814/output	HdStT3ekRg5DiFb9SUUmbc9CMbVCxpem	441925904	"2c8ad4581d0489d648937d04e1459784-53"
aws-kraken2/g3/20261008-062751-c217150-8332-n8/out/c100/1-SRR5935814/report	0.8FAL3aPAndISnKPgtKnhC3N36Y4759	890508	"20347bda3784cb4a40ac7148ca3c6c41"
aws-kraken2/g3/20261008-062751-c217150-8332-n8/out/c100/1-SRR5935815/output	gxkgGrnMCk9Ar4hD8Bqcl.Jld6IsU3Ay	637407969	"b4baabb4558da0d53d8085e35eca0d0f-76"
aws-kraken2/g3/20261008-062751-c217150-8332-n8/out/c100/1-SRR5935815/report	P0bSQ6q3toUEOnrZysed7cqhXeutkIrH	1246274	"f4deb3ca518891196dea205aeeb62a11"
aws-kraken2/g3/20261008-062751-c217150-8332-n8/out/c100/1-SRR5935816/output	UVzdVw2sjK2IuvsH1Vjku58ba_Np2K1G	1040531865	"69860e2c0cdef9bb846ae2e77e99ad84-125"
aws-kraken2/g3/20261008-062751-c217150-8332-n8/out/c100/1-SRR5935816/report	7OHMkBjRXNUmNd5WISMZpjHHb_FqZezY	1055534	"ea93e46c6099cc42bd55c3837a25304a"
aws-kraken2/g3/20261008-062751-c217150-8332-n8/out/c100/1-SRR5935817/output	TKEs2xeIeef9kePw.z666a9WF3APk6Vq	1216386454	"fd82fdd6a407972b4e7695b1aa826a43-146"
aws-kraken2/g3/20261008-062751-c217150-8332-n8/out/c100/1-SRR5935817/report	2qr93Eet57uLZbau3kazkExmGImD1Cdl	1444206	"423851cd60b12a8aa018804fd25a9fcf"
aws-kraken2/g3/20261008-062751-c217150-8332-n8/out/c100/1-SRR5935818/output	5n0km9TebrK6D7AF1paobEqh9osZR8ga	876178012	"3519418fd677d3bf384a82dcb6930236-105"
aws-kraken2/g3/20261008-062751-c217150-8332-n8/out/c100/1-SRR5935818/report	Glpd0gb_kDZ3zHS_gHJsobbORbXWCRVF	1531997	"ab339c03588d82b249ea8d91f7ce2b4c"
aws-kraken2/g3/20261008-062751-c217150-8332-n8/out/c100/1-SRR5935819/output	5lvhlRogjEh.76GTHb0OW0CDm_OLccmT	874532687	"94a2f9b519bab5c5af50811c92539c41-105"
aws-kraken2/g3/20261008-062751-c217150-8332-n8/out/c100/1-SRR5935819/report	uaTV5MGRYGbn6bGPkQvDLnzJkkxVd4Xk	989760	"b99ad2cc96deb25a6304005bf32847ce"
aws-kraken2/g3/20261008-062751-c217150-8332-n8/out/c100/1-SRR5935820/output	wO6j0RT7T8MfOOEe.766ue6JAo1jrva4	999598293	"44bcc526c175a5c26ec18e73d068944f-120"
aws-kraken2/g3/20261008-062751-c217150-8332-n8/out/c100/1-SRR5935820/report	PxM6hE2wqWmjN65JiiNjq.ZX_j9BOsnP	2142192	"51ad85926cd050a1371ec579a85159ec"
aws-kraken2/g3/20261008-062751-c217150-8332-n8/out/c100/1-SRR5935821/output	KD1Oi6SKx2X_ztKsjZ1CW5UVXT04haUk	35151420	"a7e7ce8623e7f481f9ad4d589ecdfc1d-5"
aws-kraken2/g3/20261008-062751-c217150-8332-n8/out/c100/1-SRR5935821/report	HM.3RgMrdFMaJXo5z0wSky0k0SbAktGu	412761	"a740c7e12b5011b5d37eaabebe8c61d9"
aws-kraken2/g3/20261008-062751-c217150-8332-n8/out/c100/1-SRR5935822/output	6r8CeUcIVg4cma6vgpsRJPVLN2_EcmOJ	1098570440	"04561c6c13415d6809e9eea55babca81-131"
aws-kraken2/g3/20261008-062751-c217150-8332-n8/out/c100/1-SRR5935822/report	JcGDzg5ISNEq3WSwGMhrAQXW7f4sSjJP	1111760	"859d2f5908d2a2707b104404b8fdae1f"
aws-kraken2/g3/20261008-062751-c217150-8332-n8/out/c100/1-SRR5935823/output	Cg0Qh28B6V7XILujuhp0tgV89x4bLcvH	1781762791	"71870dee4614ad5fec1b2ff159afe31c-213"
aws-kraken2/g3/20261008-062751-c217150-8332-n8/out/c100/1-SRR5935823/report	9fqkjDMGjFpI3o1ygxGuKEWlyDfTCj5f	875682	"848fce06d14305c62ea8d89362e9c8db"
aws-kraken2/g3/20261008-062751-c217150-8332-n8/out/c100/1-SRR5935824/output	.deKQNKH_mqNiP6F7xL9IoyRLCPdqYOL	738026562	"efb2bc93b037c527aaacfc22a87b88ec-88"
aws-kraken2/g3/20261008-062751-c217150-8332-n8/out/c100/1-SRR5935824/report	amBSaDTJnyb2bHz_waVlsnAjUon0I.M1	1260917	"8b134a589c8702fed69a9edfdcb55203"
aws-kraken2/g3/20261008-062751-c217150-8332-n8/out/c100/1-SRR5935825/output	CpBeYgUXhfWKGbIpl6JmR21UN9qnro2h	1039375148	"f3a3b9e4b1881167cdfe40454f127b56-124"
aws-kraken2/g3/20261008-062751-c217150-8332-n8/out/c100/1-SRR5935825/report	TF2Folq0cR5Ltu4zaf9y3jr2u5m_CN5k	2331568	"90e3d7112c2926d4002181bc1e9886ef"
aws-kraken2/g3/20261008-062751-c217150-8332-n8/out/c100/1-SRR5935826/output	rwAsOPboxR56DUkizVjg_Um.3_BiNB7x	691366801	"ac6d02c9e85661dd484c1d8d11f4b837-83"
aws-kraken2/g3/20261008-062751-c217150-8332-n8/out/c100/1-SRR5935826/report	Gvju.MtjX8dXa9QRUFsM0aH2t2GY6cD6	1075997	"577cf71c6703445ac041f36a255e2c13"
aws-kraken2/g3/20261008-062751-c217150-8332-n8/out/c100/1-SRR5935827/output	tCkwgXXB267MRK7qlNG.uScaY9QP1NAu	1326212938	"246cdc6467208acc081a0afafa84d91c-159"
aws-kraken2/g3/20261008-062751-c217150-8332-n8/out/c100/1-SRR5935827/report	Ec6x2bV2llRU2KFTmqwh5CePUmlReXIp	1384928	"d6b9783aecfcc41b6e3289808b95091d"
aws-kraken2/g3/20261008-062751-c217150-8332-n8/out/c100/1-SRR5935828/output	UQY5BE4f7a2DIO4IY.KbxlDTgy8HTi6c	781850356	"87282d9b53f7b658c10141eb0ae33fb2-94"
aws-kraken2/g3/20261008-062751-c217150-8332-n8/out/c100/1-SRR5935828/report	JGiATa1bZ_TcJopjMOSijduODAhEy.MB	1295813	"4838944dd971db3fdce7085707880dca"
aws-kraken2/g3/20261008-062751-c217150-8332-n8/out/c100/1-SRR5935829/output	W09Q5My98GRXiN4AosZb7tXtEEbOuqW0	988935028	"baacdebdc2ddf04e03fe1e92a3eb05e4-118"
aws-kraken2/g3/20261008-062751-c217150-8332-n8/out/c100/1-SRR5935829/report	3wWBrzBGmek0ZQeTgDH0CduIKo0ntG4j	1800570	"a61b1baaaf04f11e0dab86711231bd45"
aws-kraken2/g3/20261008-062751-c217150-8332-n8/out/c100/1-SRR5935830/output	le2o1bQKFs3fzpkGtLgjXXBSuvtLGELI	1168791447	"35ee6e46b308d9de799d7da9bdc99988-140"
aws-kraken2/g3/20261008-062751-c217150-8332-n8/out/c100/1-SRR5935830/report	hqxy.OWesy9t2itcuZVRRBkNu9sf8c7d	1350508	"967869370444b4839ed057a32ad26279"
aws-kraken2/g3/20261008-062751-c217150-8332-n8/out/c100/1-SRR5935831/output	dyl.IjHGuxa5hgTt0wfUWPoxMly9rZAx	1253578429	"301e8e23f71855f6097769d267b9eba5-150"
aws-kraken2/g3/20261008-062751-c217150-8332-n8/out/c100/1-SRR5935831/report	DZjSPYodhWtV3iObfGV6xwyjipXRDLrE	986875	"29460227920af2a4e73b054bcd93976f"
aws-kraken2/g3/20261008-062751-c217150-8332-n8/out/c100/1-SRR5935832/output	dtHIjn.LHetvMzdvoR7dHd8.1Z6z_de0	667899969	"7e50715ff3d03fd0e72a9834dd2c5c6f-80"
aws-kraken2/g3/20261008-062751-c217150-8332-n8/out/c100/1-SRR5935832/report	OujHm5wYdrGU2B9XBEoLPb5GWcjnuWXS	1229913	"1c0f42ae966ee177c6465c54e097036a"
aws-kraken2/g3/20261008-062751-c217150-8332-n8/out/c100/1-SRR5935833/output	KPnQbN4NgTdBDEI3HMqXdwUYlbFbZccU	1130055748	"d49aa0e22070c75b8e6d330b2b2a86fe-135"
aws-kraken2/g3/20261008-062751-c217150-8332-n8/out/c100/1-SRR5935833/report	7EF74Hlkq4vqu2QtA8oFW_HYZkdvKWm.	2277885	"403c37180239a0a00eb2f58849dce278"
aws-kraken2/g3/20261008-062751-c217150-8332-n8/out/c100/1-SRR5935834/output	Dc56jndn4kMmlQ_ToDi3VYkNwmRX9S7B	1189115963	"939d0fee7a0487a914b1722d79c515c2-142"
aws-kraken2/g3/20261008-062751-c217150-8332-n8/out/c100/1-SRR5935834/report	lNbbEkLdJUVz9mOX4jo7hIxAd8EHEmcC	1455202	"61bda3976eeab6220904dd0f1ca61ddb"
aws-kraken2/g3/20261008-062751-c217150-8332-n8/out/c100/1-SRR5935835/output	NTyuzIKpKcRT6iYEi3i1gsY6g0TicDE0	123314642	"30131896f42887e36cce9af0cf88a780-15"
aws-kraken2/g3/20261008-062751-c217150-8332-n8/out/c100/1-SRR5935835/report	oX31eblNZE._xk5bvZ0brmuaEmmQggtM	591275	"5a3dfda045b92d9fac5946add91c382a"
aws-kraken2/g3/20261008-062751-c217150-8332-n8/out/c100/1-SRR5935836/output	PrbQi45QHX6x9QEYTHxGre2dtmjglZMh	743666934	"1e133da6f9f3a20253bf2e8de465b348-89"
aws-kraken2/g3/20261008-062751-c217150-8332-n8/out/c100/1-SRR5935836/report	olN7o_kjPQUFXvEGQV68iOt4MbklN1_A	1122871	"272097962c8c042ccb81b56046430dd7"
aws-kraken2/g3/20261008-062751-c217150-8332-n8/out/c100/1-SRR5935837/output	36uUC6Ij0TProkcUxg177p_k4d8uXdnJ	798446874	"c975c76db53daa25f611c1d5f367b1b1-96"
aws-kraken2/g3/20261008-062751-c217150-8332-n8/out/c100/1-SRR5935837/report	RL9Lz_xop.6fnnKlKG3angsIpi0we2Sw	1650671	"7687da93f3ac5ada1b22aabb9391f193"
aws-kraken2/g3/20261008-062751-c217150-8332-n8/out/c100/1-SRR5935838/output	mMcRbd..yJlx9t_EMjf8BzvTC93cdugj	1236685264	"82cd6ecdffba58b726395de89facd256-148"
aws-kraken2/g3/20261008-062751-c217150-8332-n8/out/c100/1-SRR5935838/report	UCbRWqmBP.3FJvvHTAOjrwakpfjaS5A0	1089354	"3358c0c2d7f695d3b3196362cd0f8462"
aws-kraken2/g3/20261008-062751-c217150-8332-n8/out/c100/1-SRR5935839/output	JCw8PKrrc4QoqiYpniYmAMXZdWUcwl.n	108810330	"ddf7b069b57861a6f9884faf3d4d9529-13"
aws-kraken2/g3/20261008-062751-c217150-8332-n8/out/c100/1-SRR5935839/report	mFiFykH.Zf0zQQ7BMfbkFJpu6M2HTykp	565350	"90aeebe0ce8d8feeb140b7df354fa50a"
aws-kraken2/g3/20261008-062751-c217150-8332-n8/out/c100/2-SRR5935740/output	0Q9g_l9jwYsavc11ua3k3y5_nDlcauuB	946738756	"4e2ab1d7a88e35afe6d099cbc240bb51-113"
aws-kraken2/g3/20261008-062751-c217150-8332-n8/out/c100/2-SRR5935740/report	_0j0.4k3xTTuG4dGhMAJ0SB6vCcFS7x0	2248752	"9e77a18e2022d006fc9024d8ae2c97c8"
aws-kraken2/g3/20261008-062751-c217150-8332-n8/out/c100/2-SRR5935741/output	VZXC3809oa6UIlq1kUw31mxAQKstV6p5	1381654754	"8f29e14b459aa1b7cc3bf29b28b68165-165"
aws-kraken2/g3/20261008-062751-c217150-8332-n8/out/c100/2-SRR5935741/report	htpRdTju8yT_Yb.r.gkElgmm4cVXTAya	1368896	"8c2722cfe7574eb5219ab6d849514f9b"
aws-kraken2/g3/20261008-062751-c217150-8332-n8/out/c100/2-SRR5935742/output	AO6LnW3XpiNNLSnbmqq_LwmzJ1z_XDLd	1092444185	"f2b90253aa5c4a188a22d643fb66eebc-131"
aws-kraken2/g3/20261008-062751-c217150-8332-n8/out/c100/2-SRR5935742/report	.qBGdu2gfUyAi2J2TW0SRJYcvFEw9zpT	1622655	"d7c9bad251ee369653e8e3823602dfd0"
aws-kraken2/g3/20261008-062751-c217150-8332-n8/out/c100/2-SRR5935743/output	.nkNWbzDs3eveoZKn.jMQLKCheOVezKc	27295524	"3f24957a9b308e26172eb7a808e01346-4"
aws-kraken2/g3/20261008-062751-c217150-8332-n8/out/c100/2-SRR5935743/report	Snumt6gIjgcDRzBPKPrM4fib2sQh3Nju	341952	"ae3289f5c0880fc94d9f62da416a086f"
aws-kraken2/g3/20261008-062751-c217150-8332-n8/out/c100/2-SRR5935744/output	yNCLGbFijLGGMtwLMWVyag_bEqLtI5sF	1406926238	"3c3fb69ad8b689e1efd3d8adb880f58e-168"
aws-kraken2/g3/20261008-062751-c217150-8332-n8/out/c100/2-SRR5935744/report	mag.pkV04CjzeRTvXGjJDNJFMrQG5vys	1181695	"c5e5623615e146884c46f09111cfa0ca"
aws-kraken2/g3/20261008-062751-c217150-8332-n8/out/c100/2-SRR5935745/output	OhKLYsT76j.cOATqekb2ooYdrLxU0PGm	897820263	"441d325e355b09f876f8876b7306713a-108"
aws-kraken2/g3/20261008-062751-c217150-8332-n8/out/c100/2-SRR5935745/report	SwET1ZgRTfPXAKjixoqWIX1Y6mPptrFL	1724465	"c57f515bef466ea1b4be9363ca968ff2"
aws-kraken2/g3/20261008-062751-c217150-8332-n8/out/c100/2-SRR5935746/output	5yBSsTNBeagFgU5b0F1W5BQkrKLzE_vn	903223803	"35e0c45bb00f779a17aefd93b655cef9-108"
aws-kraken2/g3/20261008-062751-c217150-8332-n8/out/c100/2-SRR5935746/report	DwmpcKIrG8aBSF5biSELEaBMM97kn3BY	1320734	"c2d0907cdc798c74cd9b7432ae253c8d"
aws-kraken2/g3/20261008-062751-c217150-8332-n8/out/c100/2-SRR5935747/output	YrAAdhS8Y_VLMnGoJ4zab3aw1LxIbQvC	296796390	"86f01180a9c2b9845e4dd4f17b67859d-36"
aws-kraken2/g3/20261008-062751-c217150-8332-n8/out/c100/2-SRR5935747/report	M47gFw25BnTquHZvuAqtH5CorDxQXRwV	1163769	"6ac37cd5495698de8647f6e67ebdf560"
aws-kraken2/g3/20261008-062751-c217150-8332-n8/out/c100/2-SRR5935748/output	McCJhh_ZLeL1vxegLt81YBxcS1XuILmn	1141831527	"863bd56588b3cade48972eae5ed2a721-137"
aws-kraken2/g3/20261008-062751-c217150-8332-n8/out/c100/2-SRR5935748/report	tA6SUMPhb54yecQ2aiZtNi3G6Fous_IR	1938463	"0e69c65c26dcff28c5e8e7c1c5465571"
aws-kraken2/g3/20261008-062751-c217150-8332-n8/out/c100/2-SRR5935749/output	.gRXqHNn_1yL8hJ7768.zQqbRZKwa.FV	1565294252	"33bab253dafe240c14572741c58c41f2-187"
aws-kraken2/g3/20261008-062751-c217150-8332-n8/out/c100/2-SRR5935749/report	srYZleGRPbUdFws4tH1Q0JCgdZvF6O6H	1256645	"f819b582c7d0d9de1f6b13dcfe48ce28"
aws-kraken2/g3/20261008-062751-c217150-8332-n8/out/c100/2-SRR5935750/output	2k58sVremh5oCj2DVntvxyZY4fJuQeHK	643030825	"d96f1380d23a6f9c4fa95ca95786a7c4-77"
aws-kraken2/g3/20261008-062751-c217150-8332-n8/out/c100/2-SRR5935750/report	oVAiVvAYFA.mmfWnrH83a0VpobsBjsTq	1002553	"385819165f4aac144c53d67576205aca"
aws-kraken2/g3/20261008-062751-c217150-8332-n8/out/c100/2-SRR5935751/output	ntdBP0eH__bi6_KCHvnGr.LkKchoDvty	1465416301	"455285249c6fd431d18ea5e325c2c063-175"
aws-kraken2/g3/20261008-062751-c217150-8332-n8/out/c100/2-SRR5935751/report	N.Ajap8QF0aqcrBpEK0hXVkYSDlLrbv9	1396811	"1aa18848401149c337687df94a097505"
aws-kraken2/g3/20261008-062751-c217150-8332-n8/out/c100/2-SRR5935752/output	J81q.pYnuDdnl5qd1cUJUAWFzJlnRqkg	1117536035	"c900c6089a10b3d05527cd9f4daba664-134"
aws-kraken2/g3/20261008-062751-c217150-8332-n8/out/c100/2-SRR5935752/report	EUQVyDWCqsGsx7tE0HEPE0Q9f8LFGxlI	806542	"4698d588c54166d9aaada2fad1cf1689"
aws-kraken2/g3/20261008-062751-c217150-8332-n8/out/c100/2-SRR5935753/output	SLZw.xjL_.iqhwE2nErmVkm7hMo5Cuh.	1208291702	"c96ba7b6ed8b7f0a4f47bd06541c7396-145"
aws-kraken2/g3/20261008-062751-c217150-8332-n8/out/c100/2-SRR5935753/report	zCd.CyfVh9KNJ1uufDZ1r7OB4QGr15s8	1606917	"7ca79f400e631fe9c8e4ee48ac7c908c"
aws-kraken2/g3/20261008-062751-c217150-8332-n8/out/c100/2-SRR5935754/output	8N9_fEooc8jfXyMMWrN3Q6OUDjzaHC9D	910753380	"cba36ff22fe47595711ebfea36ce5c9b-109"
aws-kraken2/g3/20261008-062751-c217150-8332-n8/out/c100/2-SRR5935754/report	TmRyAWAQf3MeATmkat_NRhWmpDzKwZCS	2028520	"1f1509568034e3e226de9e5bb8f57aeb"
aws-kraken2/g3/20261008-062751-c217150-8332-n8/out/c100/2-SRR5935755/output	lAQ4wcjSNvAj.o1Fi4VNy9j9zQ46y0xK	493002568	"40025331346bffb4a90333a21fdfb23f-59"
aws-kraken2/g3/20261008-062751-c217150-8332-n8/out/c100/2-SRR5935755/report	rUpSByH3taopKlM4_SjK.9jro57zJcNI	1925503	"64830f134c5706ba71ba95f0bcdbc355"
aws-kraken2/g3/20261008-062751-c217150-8332-n8/out/c100/2-SRR5935756/output	UskoxNoZYosS8d7xqWcE52tQIP4Yd4Pd	1348489750	"e725bd16e114bec0a8b147f47e3c8e43-161"
aws-kraken2/g3/20261008-062751-c217150-8332-n8/out/c100/2-SRR5935756/report	tUeIp8nGcbQ68pt8WcMn9x5s2S8.Ci6N	1810112	"0fd72970d1029a408f8a69d8b5b8b577"
aws-kraken2/g3/20261008-062751-c217150-8332-n8/out/c100/2-SRR5935757/output	Sb.Eg4o3TiZkABMRgHL.xMq5VX96RVLs	1579904848	"e26c66232d3b9350509fa7a6709fc397-189"
aws-kraken2/g3/20261008-062751-c217150-8332-n8/out/c100/2-SRR5935757/report	COpW_2g8DM6G2ptWNQiTcrG9bRjjNRzD	1886320	"4daa4588faaccbc4bda5e5c07bd3ae6a"
aws-kraken2/g3/20261008-062751-c217150-8332-n8/out/c100/2-SRR5935758/output	0l6UYbe2bBfwvX513AOzvQSmY_PI448k	655178849	"11eedf0388d03028a264687a5b7d16f5-79"
aws-kraken2/g3/20261008-062751-c217150-8332-n8/out/c100/2-SRR5935758/report	eWDsWbNezBruti.HstHFtaNCC2AngwFZ	1047994	"28e1d014f9b494550e804bfb9ab73f6b"
aws-kraken2/g3/20261008-062751-c217150-8332-n8/out/c100/2-SRR5935759/output	4jBxxcNss8Hnh6TU5vuiUWRaRxDfnxPW	1485622720	"3ade6217d0729fcbf432c71852add2c3-178"
aws-kraken2/g3/20261008-062751-c217150-8332-n8/out/c100/2-SRR5935759/report	.ubs9SfWIYQe5yQXgm.qPB36D0dfgSh8	1800868	"4678bae6f78fc8f6184cad45f05345fd"
aws-kraken2/g3/20261008-062751-c217150-8332-n8/out/c100/2-SRR5935760/output	SF_a7fOj39X.1Q4Dsx3ii4615uDp7AZN	894778457	"85db7e58525c5eed8349c611e58c43fb-107"
aws-kraken2/g3/20261008-062751-c217150-8332-n8/out/c100/2-SRR5935760/report	J8W5FD_XhUWHijWq8vb0RwcB_TBcWXC4	1068522	"46fde65478c0d0a936b47aa331abf441"
aws-kraken2/g3/20261008-062751-c217150-8332-n8/out/c100/2-SRR5935761/output	AXIo2DMao2jalQ1vStiwYCvPYXKlxh83	1123139015	"5cbcdf96b113b5f000417bf4c81808e8-134"
aws-kraken2/g3/20261008-062751-c217150-8332-n8/out/c100/2-SRR5935761/report	3bMlDssugUA8RdZ_q_W4hvE24T5aItKe	1213198	"40c3edf00c38c0bb966979875c57cbf0"
aws-kraken2/g3/20261008-062751-c217150-8332-n8/out/c100/2-SRR5935762/output	IAUm.OCgs81IyHnoxlHqlz7XAwch05D.	1548601024	"aa22dc7fcd663c17cf4190ce5f0b2951-185"
aws-kraken2/g3/20261008-062751-c217150-8332-n8/out/c100/2-SRR5935762/report	aJITfD9R4GHBenEe4uwHJHp757_edQdF	1328169	"3a99c71d3fec811b0d863cbdc203cfc6"
aws-kraken2/g3/20261008-062751-c217150-8332-n8/out/c100/2-SRR5935763/output	nVTruf3RlxvLwK3_6dUnXLK.2ypVBSLc	470465597	"a1cc17c374ab92ab30d8d7402fefb834-57"
aws-kraken2/g3/20261008-062751-c217150-8332-n8/out/c100/2-SRR5935763/report	xqEcOyiTnzBE3O6z959Jmr5dQwfZw9Nl	799739	"e5bdcba7997615738598ddfc7767ad33"
aws-kraken2/g3/20261008-062751-c217150-8332-n8/out/c100/2-SRR5935764/output	wv2icjY8TBksmLMV6FBebZnpSo37bOnq	1056480454	"39bc5c03c6d4385aa225c1fbf9c64cbe-126"
aws-kraken2/g3/20261008-062751-c217150-8332-n8/out/c100/2-SRR5935764/report	GgPHiQVnFGCqb2Gdre3nJOYU4USApvak	1456220	"82f7f4f45e36c5733005debd2d0deccd"
aws-kraken2/g3/20261008-062751-c217150-8332-n8/out/c100/2-SRR5935765/output	rihFrCGy9N_WEQaxvLGMeeD32Nq6yHKf	868996488	"1feb2744116cf71a6d30e12bf84ea163-104"
aws-kraken2/g3/20261008-062751-c217150-8332-n8/out/c100/2-SRR5935765/report	zA8.F4M6ZfrwWlkL9qOud9BunLf_1w3G	1093035	"fc475b68432aae6b4ff15253f9a4cf5e"
aws-kraken2/g3/20261008-062751-c217150-8332-n8/out/c100/2-SRR5935766/output	eFNeQz_XPfAGpm4xLr1YJXFdFhGWSRmx	1196000935	"46ec004fa7fad326fb2823f14779ad5e-143"
aws-kraken2/g3/20261008-062751-c217150-8332-n8/out/c100/2-SRR5935766/report	DTKJDfPc62vPzEeOUYK.hFxY_cB.whcN	1389765	"be1271dfeebff8efdb070a33aa1c5d42"
aws-kraken2/g3/20261008-062751-c217150-8332-n8/out/c100/2-SRR5935767/output	MmDANHNS9SXVGCH5BXUgaqpAg0e3tytF	493196104	"60d081cbf30c4eeeb5cc60a85b1166ce-59"
aws-kraken2/g3/20261008-062751-c217150-8332-n8/out/c100/2-SRR5935767/report	faWzEYsIVdR7t9_SAbnQCrlVsuPFpzsD	1215682	"bf4e5698de26332ff1ef259b182f428c"
aws-kraken2/g3/20261008-062751-c217150-8332-n8/out/c100/2-SRR5935768/output	mX0y4v1MEHf7yatsVSdkePUKUV1V.0QR	1412003175	"182fadb45a81c09e452b17e56c8e412b-169"
aws-kraken2/g3/20261008-062751-c217150-8332-n8/out/c100/2-SRR5935768/report	bQmf0opxzYrQbOifYW1EBvvXoNsiE8bB	1882093	"464f2bcaf9559652181296ac0d110531"
aws-kraken2/g3/20261008-062751-c217150-8332-n8/out/c100/2-SRR5935769/output	f5b0tXCWwTFjKxNqt.9m7N8nkG3TVUrR	994989473	"86cc2f2ad088e288925fcd16fc7d1840-119"
aws-kraken2/g3/20261008-062751-c217150-8332-n8/out/c100/2-SRR5935769/report	yOZ341yxI2V10EGnjAApDPa14QFrF1za	1796504	"4b577b3001ba3308bd204d42bd61df59"
aws-kraken2/g3/20261008-062751-c217150-8332-n8/out/c100/2-SRR5935770/output	hhEehalG3aXvUIpTjpgBtFD.ZdNGzB3O	1485977558	"482bedbbf51074e0829640969f980674-178"
aws-kraken2/g3/20261008-062751-c217150-8332-n8/out/c100/2-SRR5935770/report	lc_OUlSDGzBpwlzDGTKlcdzA9X0JhLJw	1509097	"717071ca941e140874e74d9dd6e1e9c8"
aws-kraken2/g3/20261008-062751-c217150-8332-n8/out/c100/2-SRR5935771/output	IfXv9V3H4.U7DKDjPhBo7k1DrkuS4GIu	825926292	"5bd4624f0baa5c525a3299706f14fee8-99"
aws-kraken2/g3/20261008-062751-c217150-8332-n8/out/c100/2-SRR5935771/report	Oj_CB6HKZ1vmauCtqS5x3pV5aKzfPlwI	1771191	"8701fedfacfa23eb2943f67f81310fc3"
aws-kraken2/g3/20261008-062751-c217150-8332-n8/out/c100/2-SRR5935772/output	iLUsezHXE4PRe.rsx4GTgCKIbgNmF3s1	1299349298	"a7f618852a94bc35334fe5b997e0fc26-155"
aws-kraken2/g3/20261008-062751-c217150-8332-n8/out/c100/2-SRR5935772/report	jffbcp5EK0m0OqL6e3O.EcCyyvOPRNo2	1893229	"df7fc5953ce1e817770866998c55765b"
aws-kraken2/g3/20261008-062751-c217150-8332-n8/out/c100/2-SRR5935773/output	W721mLKEVw9tHAJjLhuaWe5GvdDabEkj	1777027561	"e69b85a78eb4f006ca865e89843ee8ab-212"
aws-kraken2/g3/20261008-062751-c217150-8332-n8/out/c100/2-SRR5935773/report	MlUNjCZXX18MiAUzRx22AUZfoz6.xy.2	1407784	"4bafbf04310f0e65af54098e7be4c9e5"
aws-kraken2/g3/20261008-062751-c217150-8332-n8/out/c100/2-SRR5935774/output	dAZVtheGoenYzckwlnQdIPWPfMe4KrLn	1118595795	"876b635c8e2c16fe4616613bd27a4e9e-134"
aws-kraken2/g3/20261008-062751-c217150-8332-n8/out/c100/2-SRR5935774/report	b0nD.GZGXgL1jTucnfDW0RwVrpGGfh1F	2260847	"374fbd66817070d92c160cbdf8d548f2"
aws-kraken2/g3/20261008-062751-c217150-8332-n8/out/c100/2-SRR5935775/output	O07DTiP7Y2tS5fv25Q9U9Mjted0x3NUO	1048439000	"2fec32271832f34f7265bc3a7185cada-125"
aws-kraken2/g3/20261008-062751-c217150-8332-n8/out/c100/2-SRR5935775/report	Xi60bIV99is1cFv.RVixn0YKwtvEPslr	923682	"e9462c8ee8a540cee05c1f908bde50b8"
aws-kraken2/g3/20261008-062751-c217150-8332-n8/out/c100/2-SRR5935776/output	Rp5TByy6vhVOYi4PN2o1nT5.48tfEpHW	286390951	"c2adbcbf037ff45a0cc06dc5cf5d50a4-35"
aws-kraken2/g3/20261008-062751-c217150-8332-n8/out/c100/2-SRR5935776/report	zSVEDzHaPREaZAlAG96jWo7SwWiuH6tl	712980	"cfd4cdea3f050ea603703fd0f76cc58f"
aws-kraken2/g3/20261008-062751-c217150-8332-n8/out/c100/2-SRR5935777/output	7DOuM7YGKv_kUisImMnF_udgqmpLcW2P	791547814	"b28d495546ec4bae727a213df16c1678-95"
aws-kraken2/g3/20261008-062751-c217150-8332-n8/out/c100/2-SRR5935777/report	Ekv9jcFxfxF060aMHkH31sq8Hgsi8Yxb	996979	"b5a778de88aba08b024be88d3c973d5c"
aws-kraken2/g3/20261008-062751-c217150-8332-n8/out/c100/2-SRR5935778/output	WO80BjJtK13HUqii5U7Dbzd.Wykm9ogA	882898467	"aa0f50fdd8619eb0bbddb58c0bae3a7e-106"
aws-kraken2/g3/20261008-062751-c217150-8332-n8/out/c100/2-SRR5935778/report	Q26Dd.0PfnL6LmHAQHkL0GgxWqHALl.F	1826402	"2fb5abc9300dc603cc30ff035b9ffc79"
aws-kraken2/g3/20261008-062751-c217150-8332-n8/out/c100/2-SRR5935779/output	lEAgqi4owqgTnM6k4dbDiM78H41zGOdT	494156809	"2ab5161579914f233c4c611d32bb6b96-59"
aws-kraken2/g3/20261008-062751-c217150-8332-n8/out/c100/2-SRR5935779/report	MSjpnTF6ACu6J26P6mVBjWLFMOthYZ7g	1053419	"ede35e08dc0e38c145ef798388434d4f"
aws-kraken2/g3/20261008-062751-c217150-8332-n8/out/c100/2-SRR5935780/output	EQctluuykfHURRsgrRams5YYL3gqLX8U	864919629	"58f2f1c5a4968d917ad3af4242f36a02-104"
aws-kraken2/g3/20261008-062751-c217150-8332-n8/out/c100/2-SRR5935780/report	TZt2jRjHBoA_6AMoIOl5ePZ1ALIDjTNi	1301060	"39a72b723039d717ab18ef19b247cf61"
aws-kraken2/g3/20261008-062751-c217150-8332-n8/out/c100/2-SRR5935781/output	DUu3u4VvwoCCKzIKRMd0ELIMk4._QwNg	778867383	"d5edb2fd25fac242283c067da5c38666-93"
aws-kraken2/g3/20261008-062751-c217150-8332-n8/out/c100/2-SRR5935781/report	VgZEyXt9XY7Sa02lEQq6VOYzcJnX15Tr	1056727	"c9e94a497b254a0d1a6823fa56de9c67"
aws-kraken2/g3/20261008-062751-c217150-8332-n8/out/c100/2-SRR5935782/output	i7ZJnyYZF97IM4ZYV8.6614prYrD3bu3	827402500	"9958de62d2851c034e9017780773663f-99"
aws-kraken2/g3/20261008-062751-c217150-8332-n8/out/c100/2-SRR5935782/report	K1R5xE1D5QMyNjYaFsguJxilsnJ9Vs4h	1056592	"ee7946483bce1ef20e6a90306392bdb1"
aws-kraken2/g3/20261008-062751-c217150-8332-n8/out/c100/2-SRR5935783/output	QaonuKC0Zy8FdQCEIOnZPMTVTsAUO.ul	250474215	"bc4289ae0e04a011798e1e302dceca2f-30"
aws-kraken2/g3/20261008-062751-c217150-8332-n8/out/c100/2-SRR5935783/report	APTT7MEoCPyAMb.qfvyGqw8FAF7xKI39	687469	"51cde5f7e388d53785d016617ee59aed"
aws-kraken2/g3/20261008-062751-c217150-8332-n8/out/c100/2-SRR5935784/output	.5SfaVXIPkrVKr74fX.XyTEYKo4bYtMK	1294739086	"86500e810c118f02283cfa2c703e80db-155"
aws-kraken2/g3/20261008-062751-c217150-8332-n8/out/c100/2-SRR5935784/report	asU.FjKZ25dV13MNhXyI5_LzexllJemL	1381839	"fadcb36576b6193e03889c85ea7c380a"
aws-kraken2/g3/20261008-062751-c217150-8332-n8/out/c100/2-SRR5935785/output	36_Jxb177AFtMHH7ohDMu22LtU0sfFH.	1327890644	"97f14e7aa6e025f60aa75b1184c7f76a-159"
aws-kraken2/g3/20261008-062751-c217150-8332-n8/out/c100/2-SRR5935785/report	JACX786MtcnVuP.53LhZLbYEykPzv6Rf	1821031	"dde4ebe25c01e0c237e180ed92bbec1d"
aws-kraken2/g3/20261008-062751-c217150-8332-n8/out/c100/2-SRR5935786/output	dcYDOB40faA5xsmVKx4OCV4lq4n.ffeG	866581495	"6aea7df630a4f9669e642a0bc1d332ab-104"
aws-kraken2/g3/20261008-062751-c217150-8332-n8/out/c100/2-SRR5935786/report	gPK8yN78Di4rVIvMki3SPbhFH_p08jwp	1615388	"32d4735cb3094eeb0d6752c3647ac268"
aws-kraken2/g3/20261008-062751-c217150-8332-n8/out/c100/2-SRR5935787/output	BxJOq4klNZdFDGw0P6A6S0NCBwpvjNTl	1318938581	"0d615a2ece74be38286f7b2967f0f867-158"
aws-kraken2/g3/20261008-062751-c217150-8332-n8/out/c100/2-SRR5935787/report	4tz9l36WWdOw5cvveeDUY9EnIcFIaK8O	1117113	"4cbb04f99ffb94c62e906f3b27bb89a8"
aws-kraken2/g3/20261008-062751-c217150-8332-n8/out/c100/2-SRR5935788/output	2djfrWUle2EA0pW1rv9wia9eUffRJ1i8	1005667156	"b9d94a731a51ee68f14469b0f0abb674-120"
aws-kraken2/g3/20261008-062751-c217150-8332-n8/out/c100/2-SRR5935788/report	5cDax.g79WXPEVh4.5Gn2wtSfy2_WTR9	1157451	"393a1e3f8ea419ff25504dfd5e98de9b"
aws-kraken2/g3/20261008-062751-c217150-8332-n8/out/c100/2-SRR5935789/output	SYzWvFlSzEdSWtapeIQoNPVmDYdycfDC	128783639	"3db6aeb189b6d823539f71c1cf82894f-16"
aws-kraken2/g3/20261008-062751-c217150-8332-n8/out/c100/2-SRR5935789/report	nDiMnw2GiV_erJ0NF_TP8waXpb38MOLj	579130	"d4f3217421711465fdeb80f8afa6dcbd"
aws-kraken2/g3/20261008-062751-c217150-8332-n8/out/c100/2-SRR5935790/output	E1D5GwKWpRt4nx9yuvsDWMIqrZiyldge	793488802	"7b9aac5a82ff3d901c2083c149ee6d82-95"
aws-kraken2/g3/20261008-062751-c217150-8332-n8/out/c100/2-SRR5935790/report	5q4cMWDlTvpXfPbx3pDMjrFweLM_j15w	1494506	"55e00bd1f2a23d180056db854f54051b"
aws-kraken2/g3/20261008-062751-c217150-8332-n8/out/c100/2-SRR5935791/output	12jLp4maFq3gC0lsMdalfXRcOctgBq2U	779693908	"5276b3abbaa6665d5f3eb155ed4c24b4-93"
aws-kraken2/g3/20261008-062751-c217150-8332-n8/out/c100/2-SRR5935791/report	4_Z49Dha_n3ktx1zU6g5QqXidu76SQMm	751941	"91d3a3f7bb769147e5c8419089f3e5c5"
aws-kraken2/g3/20261008-062751-c217150-8332-n8/out/c100/2-SRR5935792/output	Nrnb9WWdR7rFlzqK1BMjSm4sS_Y54Xk_	922381736	"684de63d556f2d26f5d7db58948ac4bd-110"
aws-kraken2/g3/20261008-062751-c217150-8332-n8/out/c100/2-SRR5935792/report	3isGfLgc4DEmY2qeMrioL5iRHcApY6Y_	1503696	"0b64bbdecb16c98ba558fd070d4920bc"
aws-kraken2/g3/20261008-062751-c217150-8332-n8/out/c100/2-SRR5935793/output	qIwxuo8Km8il6kHiu3Wl.JP4M_MkajFn	152974172	"c034cf6d4c04895266741b09da9ec66f-19"
aws-kraken2/g3/20261008-062751-c217150-8332-n8/out/c100/2-SRR5935793/report	1i.qy79Cdaq7cFZUP5t_.7w6p2JuN_1k	1574315	"a99382ba4f949c390c974e93c719cbcb"
aws-kraken2/g3/20261008-062751-c217150-8332-n8/out/c100/2-SRR5935794/output	RSBrSox6R1lBVNlFBaoQyWnee31txdnF	1287477440	"76e8c414b5221183fe8abbd2e4dae9a4-154"
aws-kraken2/g3/20261008-062751-c217150-8332-n8/out/c100/2-SRR5935794/report	XErm370_8ffyfLs21XUY0e9fzn0cg3hI	948428	"5b9366d916e66d3c8f92d46d61d3778f"
aws-kraken2/g3/20261008-062751-c217150-8332-n8/out/c100/2-SRR5935795/output	b5p0hW9EcVq5L7UYnf7y6qaLlPi3FqJk	967838535	"20f574737b44018702e88783b0f2580a-116"
aws-kraken2/g3/20261008-062751-c217150-8332-n8/out/c100/2-SRR5935795/report	KIL3_OXPIMfGtdpOikw_8.t2LH18I69d	1182812	"4aec6e24eb607f97aad2887e40c5415e"
aws-kraken2/g3/20261008-062751-c217150-8332-n8/out/c100/2-SRR5935796/output	LeXAVLW7P9EO8RifS48fhTzCFmOtFucp	1439597663	"a0fd1aeedeebee2912046d2434209a3f-172"
aws-kraken2/g3/20261008-062751-c217150-8332-n8/out/c100/2-SRR5935796/report	HqFsF4CsVYFMuTfNM98eSJVKDud6AQHh	1898887	"5ac17446f8780e0aa084a35be78a52d5"
aws-kraken2/g3/20261008-062751-c217150-8332-n8/out/c100/2-SRR5935797/output	k6WJadmmmMM5eRLw07M1FAex_GE0Fjwj	733153484	"b33a30911bcdb17e3e17c3a255745715-88"
aws-kraken2/g3/20261008-062751-c217150-8332-n8/out/c100/2-SRR5935797/report	IsltgaGbKnbbBpcON5QoP8pF.FLP3v6P	1518141	"96e5d615eaded085404f8fa1bb3ec800"
aws-kraken2/g3/20261008-062751-c217150-8332-n8/out/c100/2-SRR5935798/output	J5pWf3wYHnDKHAK.KVDv7yHOX4NPjz6o	1796159145	"dfbbfb6c1733ee7d0957a41916fc4e96-215"
aws-kraken2/g3/20261008-062751-c217150-8332-n8/out/c100/2-SRR5935798/report	z5LBt5kp65xGo85TqQPCnAvGrXZGicYK	1733186	"13a72dbc2f31fc8f80e94d8623b5c0a1"
aws-kraken2/g3/20261008-062751-c217150-8332-n8/out/c100/2-SRR5935799/output	y0yHsjCfKtGpILU.Z6OPXSQFOI1q40UT	804185919	"81273ab52501494863858c3743a487cf-96"
aws-kraken2/g3/20261008-062751-c217150-8332-n8/out/c100/2-SRR5935799/report	Cof5I.OblxSIsxZJI6d51xLhl8MRSXyA	2452731	"e3b4e6e76758168dd447208b126ca365"
aws-kraken2/g3/20261008-062751-c217150-8332-n8/out/c100/2-SRR5935800/output	V4CaFArUMgyZdddADA3wGi_7hMmICEkz	1458658836	"da80b17f48121a57b382f328bea20735-174"
aws-kraken2/g3/20261008-062751-c217150-8332-n8/out/c100/2-SRR5935800/report	QJl4dRri6J94Hz9PeOUQ7g_bBkcFU6Qb	1221915	"ef78abfdf39f50567becd1dd751880e7"
aws-kraken2/g3/20261008-062751-c217150-8332-n8/out/c100/2-SRR5935801/output	cIPfq17bUtwl4m.I1nPiPPb.qc5_BwVR	1286139706	"a747982526b701fc90908bf536eba110-154"
aws-kraken2/g3/20261008-062751-c217150-8332-n8/out/c100/2-SRR5935801/report	5F9ZZCUvusG_HUXzK.BV77jXAgFdqBWW	1774484	"03a6f5dda116491f94e2a2475540ed76"
aws-kraken2/g3/20261008-062751-c217150-8332-n8/out/c100/2-SRR5935802/output	sWqhVG42Ls.r_4kz8HmlM80aSDA.ycVx	1382186401	"a418679cc9ed47334885ed2231de53b6-165"
aws-kraken2/g3/20261008-062751-c217150-8332-n8/out/c100/2-SRR5935802/report	Bh0PpnFxY5O6IfQqOCnT.xfx8mZ2JSY.	1365791	"7ad8b4b888ee0e2dc2672a7f593a78b4"
aws-kraken2/g3/20261008-062751-c217150-8332-n8/out/c100/2-SRR5935803/output	adzgqobZgiVGThnT.5Hr1lL7owGLb4eT	1571180854	"c54bbcc90824952242bc626b6abca923-188"
aws-kraken2/g3/20261008-062751-c217150-8332-n8/out/c100/2-SRR5935803/report	ePqyU4V73fMyk7yX3tpoBCtCfhBgNHBG	1229520	"53156d5a11a00c85c64e259eb0df128d"
aws-kraken2/g3/20261008-062751-c217150-8332-n8/out/c100/2-SRR5935804/output	fB_ynt3mGQ8Ai1mFHSHjYOPgJyypKdji	1162676376	"23695502da74903e9a8b838b39338fa6-139"
aws-kraken2/g3/20261008-062751-c217150-8332-n8/out/c100/2-SRR5935804/report	s4JuqzT6MbvKMIRu8W1nIbctsLOIDRNA	1691506	"58fcb528809be80f2f1ddfb71d850a33"
aws-kraken2/g3/20261008-062751-c217150-8332-n8/out/c100/2-SRR5935805/output	8TYY.6pZh4zNI4wBn_7bUxtJFJRUsm5g	227009157	"009d606c572950271aab2a79a1e09aa6-28"
aws-kraken2/g3/20261008-062751-c217150-8332-n8/out/c100/2-SRR5935805/report	cmIqlLii91wDs_rMtgrauNCNJlBM9zhm	768876	"062e2384cc61372e4acecdd0046fe6aa"
aws-kraken2/g3/20261008-062751-c217150-8332-n8/out/c100/2-SRR5935806/output	8.pMmzs8xlSsPhfEKA7WnNmHUYzz8kkU	1300078926	"77d70b11798631c7e6806b29e4ecbe27-155"
aws-kraken2/g3/20261008-062751-c217150-8332-n8/out/c100/2-SRR5935806/report	5GATVoU7bJNT6YJtrFaePHlhda1XWwDj	1442867	"c900ede3aeb90c3ba242cb0ea0fdb0c4"
aws-kraken2/g3/20261008-062751-c217150-8332-n8/out/c100/2-SRR5935807/output	E3QBZGmyVZGQM9Bvd3GTgJ9EMkmlbYbo	1398044104	"5254ddabf1f8cffda1f986d427dce699-167"
aws-kraken2/g3/20261008-062751-c217150-8332-n8/out/c100/2-SRR5935807/report	S8CfEtSRbYmBLUAc9uk0gO.AcOKyilkC	2235742	"a25aee2b237425e0760d096831fe7c3d"
aws-kraken2/g3/20261008-062751-c217150-8332-n8/out/c100/2-SRR5935808/output	azUHL8jUQJx4Hlu2zOMWE6mujMttNGXJ	1245254954	"bf646bfd64837e501121f436932983ee-149"
aws-kraken2/g3/20261008-062751-c217150-8332-n8/out/c100/2-SRR5935808/report	wYREMxvJ7u0yRuHUjnu36SQs1cBoNHwL	1615509	"606b89a17229ee93b37fd0c330527980"
aws-kraken2/g3/20261008-062751-c217150-8332-n8/out/c100/2-SRR5935809/output	fGbdH4EUZ0nHXUQu4lS5ye5mplyucJ3i	133732200	"739df34281337ce5f6c03b96c9c1d1a9-16"
aws-kraken2/g3/20261008-062751-c217150-8332-n8/out/c100/2-SRR5935809/report	Mv0bu.DkOYqH5d9yrO4rrxKEzxeiGazt	733326	"7268edfcb09bf453d8073351cf2f13fd"
aws-kraken2/g3/20261008-062751-c217150-8332-n8/out/c100/2-SRR5935810/output	4q01iLP2LED1BCtci_XsZBShdmeFUbO.	1367441604	"c09b90c34727be72a3f9668cc2ef6328-164"
aws-kraken2/g3/20261008-062751-c217150-8332-n8/out/c100/2-SRR5935810/report	kgHMndpP3vl2GWWT.evqrSHVXec6Wucn	2356584	"b7f1961258966a6cbcc92417bd45d501"
aws-kraken2/g3/20261008-062751-c217150-8332-n8/out/c100/2-SRR5935811/output	D0fVC0sdLXj5eYqIsd0Z_t4Gweu057sJ	791085404	"6a47dc023feb4952e546b38d72f1bfde-95"
aws-kraken2/g3/20261008-062751-c217150-8332-n8/out/c100/2-SRR5935811/report	9Eao3tjrK0kGoMF6w.dkUaKwzvNtaZAk	1087987	"d44b6db0321e21436719bc4b1daa4949"
aws-kraken2/g3/20261008-062751-c217150-8332-n8/out/c100/2-SRR5935812/output	xZLHEF6z7fZYQmqqHMkMeLtH4I9AGJa7	780122098	"76c6596f3fdc2f5416e7b745018adb03-93"
aws-kraken2/g3/20261008-062751-c217150-8332-n8/out/c100/2-SRR5935812/report	Dj4o6mN_H8TyNk2WYNrN9pL1vb2zqcF4	1223495	"c2287bbc0ccde481dbb853a8b9da9a2c"
aws-kraken2/g3/20261008-062751-c217150-8332-n8/out/c100/2-SRR5935813/output	Ssn5tJcidJ2dut7DuDX28_PugSYilRVf	1478837804	"bbdb9690bda9aeac070d2e70cbc221d7-177"
aws-kraken2/g3/20261008-062751-c217150-8332-n8/out/c100/2-SRR5935813/report	IAdFa9WHeUZjKls6hL2K2J0jM4DP09Cv	1860452	"8217230b3893abfea3cb8dfbef933266"
aws-kraken2/g3/20261008-062751-c217150-8332-n8/out/c100/2-SRR5935814/output	7RzgcAbIiHzsZJ3P8e_p54fNzFyh2sAi	441925904	"2c8ad4581d0489d648937d04e1459784-53"
aws-kraken2/g3/20261008-062751-c217150-8332-n8/out/c100/2-SRR5935814/report	aI5aHWkUSyoq6zBzRloiYTA_x2c1xdCd	890508	"20347bda3784cb4a40ac7148ca3c6c41"
aws-kraken2/g3/20261008-062751-c217150-8332-n8/out/c100/2-SRR5935815/output	0YP_ZhM1oAsuMck2amaoBmskUx7ll1x9	637407969	"b4baabb4558da0d53d8085e35eca0d0f-76"
aws-kraken2/g3/20261008-062751-c217150-8332-n8/out/c100/2-SRR5935815/report	.AaG0Hn0h7_xhnXzebJ3xhupRX34VXfE	1246274	"f4deb3ca518891196dea205aeeb62a11"
aws-kraken2/g3/20261008-062751-c217150-8332-n8/out/c100/2-SRR5935816/output	sLWMrc4o1XxYQNdzR22_IEQwGLPFiKfu	1040531865	"69860e2c0cdef9bb846ae2e77e99ad84-125"
aws-kraken2/g3/20261008-062751-c217150-8332-n8/out/c100/2-SRR5935816/report	MQIuBkoy9XhZRGLwHDIHLbGUYI5B03R2	1055534	"ea93e46c6099cc42bd55c3837a25304a"
aws-kraken2/g3/20261008-062751-c217150-8332-n8/out/c100/2-SRR5935817/output	l5xca71.nR3i5wx0WWMwskRh0.1eI_Gk	1216386454	"fd82fdd6a407972b4e7695b1aa826a43-146"
aws-kraken2/g3/20261008-062751-c217150-8332-n8/out/c100/2-SRR5935817/report	5J8KjNypqRyQeKp5AHBNwEveyh23bdoV	1444206	"423851cd60b12a8aa018804fd25a9fcf"
aws-kraken2/g3/20261008-062751-c217150-8332-n8/out/c100/2-SRR5935818/output	WAtaENDKj49jUbG2YAEw7_SHvB1EhGLz	876178012	"3519418fd677d3bf384a82dcb6930236-105"
aws-kraken2/g3/20261008-062751-c217150-8332-n8/out/c100/2-SRR5935818/report	OcPkzAur7Can2NAMz1DwSd4x8fguAdnK	1531997	"ab339c03588d82b249ea8d91f7ce2b4c"
aws-kraken2/g3/20261008-062751-c217150-8332-n8/out/c100/2-SRR5935819/output	WJu4rHW9YO7kDEArdK0G_NYcG7FDmpOW	874532687	"94a2f9b519bab5c5af50811c92539c41-105"
aws-kraken2/g3/20261008-062751-c217150-8332-n8/out/c100/2-SRR5935819/report	HfKoZJlbeBPnklx2PtExPIkKyVtV4E8S	989760	"b99ad2cc96deb25a6304005bf32847ce"
aws-kraken2/g3/20261008-062751-c217150-8332-n8/out/c100/2-SRR5935820/output	XVi9eUYC3NvxEPL9iRc3CvGQhDXEWW3c	999598293	"44bcc526c175a5c26ec18e73d068944f-120"
aws-kraken2/g3/20261008-062751-c217150-8332-n8/out/c100/2-SRR5935820/report	oWEluwt5VXFsWqc9j4Fd..g5f34nVrem	2142192	"51ad85926cd050a1371ec579a85159ec"
aws-kraken2/g3/20261008-062751-c217150-8332-n8/out/c100/2-SRR5935821/output	pL00dESSDyYGgTgojlSiYMHwPPvju_eT	35151420	"a7e7ce8623e7f481f9ad4d589ecdfc1d-5"
aws-kraken2/g3/20261008-062751-c217150-8332-n8/out/c100/2-SRR5935821/report	RSAvpzOuOooKnFDgfHow8iQ5Sxdp.wS9	412761	"a740c7e12b5011b5d37eaabebe8c61d9"
aws-kraken2/g3/20261008-062751-c217150-8332-n8/out/c100/2-SRR5935822/output	Ny38q7HKXu8e0cJsEmXrfJZSH6GxmBzR	1098570440	"04561c6c13415d6809e9eea55babca81-131"
aws-kraken2/g3/20261008-062751-c217150-8332-n8/out/c100/2-SRR5935822/report	IJPoXxAQaGcqx2uuV_07QqkAYSAaXnSI	1111760	"859d2f5908d2a2707b104404b8fdae1f"
aws-kraken2/g3/20261008-062751-c217150-8332-n8/out/c100/2-SRR5935823/output	3mSly6Xysir.1iYDzy32Dzj_naG5SEIw	1781762791	"71870dee4614ad5fec1b2ff159afe31c-213"
aws-kraken2/g3/20261008-062751-c217150-8332-n8/out/c100/2-SRR5935823/report	1nUpjASUz0oS.YfKUgVzy.5il_QWXqIv	875682	"848fce06d14305c62ea8d89362e9c8db"
aws-kraken2/g3/20261008-062751-c217150-8332-n8/out/c100/2-SRR5935824/output	iS_jNb61H_mtxwHfU2f1vJMIg6VJzq1P	738026562	"efb2bc93b037c527aaacfc22a87b88ec-88"
aws-kraken2/g3/20261008-062751-c217150-8332-n8/out/c100/2-SRR5935824/report	ltabwoxKu2x1sW_4cb7gFe7zarolvsLw	1260917	"8b134a589c8702fed69a9edfdcb55203"
aws-kraken2/g3/20261008-062751-c217150-8332-n8/out/c100/2-SRR5935825/output	4ufzqlKtpynYdZ3c4mjBV2TotRzsuA0B	1039375148	"f3a3b9e4b1881167cdfe40454f127b56-124"
aws-kraken2/g3/20261008-062751-c217150-8332-n8/out/c100/2-SRR5935825/report	VpMGiVly79efRQ2Vub1.UJnb_RNwShi7	2331568	"90e3d7112c2926d4002181bc1e9886ef"
aws-kraken2/g3/20261008-062751-c217150-8332-n8/out/c100/2-SRR5935826/output	GrT1lNZsUMuQ._niFfbnKyhU5e7vxUGA	691366801	"ac6d02c9e85661dd484c1d8d11f4b837-83"
aws-kraken2/g3/20261008-062751-c217150-8332-n8/out/c100/2-SRR5935826/report	ZRBAv.dfNHth_mFKO2C6hPEzTX0Az0k8	1075997	"577cf71c6703445ac041f36a255e2c13"
aws-kraken2/g3/20261008-062751-c217150-8332-n8/out/c100/2-SRR5935827/output	i2AjYPwIG.76NAVHuGzrb1LMxZi567uK	1326212938	"246cdc6467208acc081a0afafa84d91c-159"
aws-kraken2/g3/20261008-062751-c217150-8332-n8/out/c100/2-SRR5935827/report	.0SDJGynOh2FERN9uylAxSbenoIZNU0K	1384928	"d6b9783aecfcc41b6e3289808b95091d"
aws-kraken2/g3/20261008-062751-c217150-8332-n8/out/c100/2-SRR5935828/output	BhdKV.wxrJqqG6mQGVcklMCI7C21Ma4e	781850356	"87282d9b53f7b658c10141eb0ae33fb2-94"
aws-kraken2/g3/20261008-062751-c217150-8332-n8/out/c100/2-SRR5935828/report	woNeMKAS2TYH6TndXS4QxclYWG9gr1Cx	1295813	"4838944dd971db3fdce7085707880dca"
aws-kraken2/g3/20261008-062751-c217150-8332-n8/out/c100/2-SRR5935829/output	g.5lnXXxmL0rpv37gS7jGMXi0uPqzK5k	988935028	"baacdebdc2ddf04e03fe1e92a3eb05e4-118"
aws-kraken2/g3/20261008-062751-c217150-8332-n8/out/c100/2-SRR5935829/report	VR8tW56tKsSjvWPqOeavoziBWbvVdyqB	1800570	"a61b1baaaf04f11e0dab86711231bd45"
aws-kraken2/g3/20261008-062751-c217150-8332-n8/out/c100/2-SRR5935830/output	k3KfpnDDA8i_sU_4sR7Qx7SBQC4k1xPb	1168791447	"35ee6e46b308d9de799d7da9bdc99988-140"
aws-kraken2/g3/20261008-062751-c217150-8332-n8/out/c100/2-SRR5935830/report	X7CUAvySud3uWjGTopLinNozdR.m1TLD	1350508	"967869370444b4839ed057a32ad26279"
aws-kraken2/g3/20261008-062751-c217150-8332-n8/out/c100/2-SRR5935831/output	pJoD8oyNpLvqiwGw5I7XN4FKf.iCc9Hg	1253578429	"301e8e23f71855f6097769d267b9eba5-150"
aws-kraken2/g3/20261008-062751-c217150-8332-n8/out/c100/2-SRR5935831/report	tlf6Y1MaPfm_5ucRFiA2KZV_SUSqqytr	986875	"29460227920af2a4e73b054bcd93976f"
aws-kraken2/g3/20261008-062751-c217150-8332-n8/out/c100/2-SRR5935832/output	tveJnuucGe3aB1eEyp_FJsjnlSbvelAV	667899969	"7e50715ff3d03fd0e72a9834dd2c5c6f-80"
aws-kraken2/g3/20261008-062751-c217150-8332-n8/out/c100/2-SRR5935832/report	A_odEvsBGW283aLCzeABHjfk8PPpKMdm	1229913	"1c0f42ae966ee177c6465c54e097036a"
aws-kraken2/g3/20261008-062751-c217150-8332-n8/out/c100/2-SRR5935833/output	mVbHtAIsy7oatnVO6bnYd1LvY9pZdZLb	1130055748	"d49aa0e22070c75b8e6d330b2b2a86fe-135"
aws-kraken2/g3/20261008-062751-c217150-8332-n8/out/c100/2-SRR5935833/report	7A8h19CEedJ.euRl1mhM_Z.m2c.no6ZU	2277885	"403c37180239a0a00eb2f58849dce278"
aws-kraken2/g3/20261008-062751-c217150-8332-n8/out/c100/2-SRR5935834/output	5RaxSeufQlIvUASX2dQ1nXnrKqIGDkn4	1189115963	"939d0fee7a0487a914b1722d79c515c2-142"
aws-kraken2/g3/20261008-062751-c217150-8332-n8/out/c100/2-SRR5935834/report	z.qrTRS_NWHvQYEK.9x0BQe2Am.BTn0f	1455202	"61bda3976eeab6220904dd0f1ca61ddb"
aws-kraken2/g3/20261008-062751-c217150-8332-n8/out/c100/2-SRR5935835/output	_fTPWuHP6jJ8d9LW6StqkUdQiL7HvFXZ	123314642	"30131896f42887e36cce9af0cf88a780-15"
aws-kraken2/g3/20261008-062751-c217150-8332-n8/out/c100/2-SRR5935835/report	ORF3uXrLdd3X0FE6hCPDRJCwVGeUaHsw	591275	"5a3dfda045b92d9fac5946add91c382a"
aws-kraken2/g3/20261008-062751-c217150-8332-n8/out/c100/2-SRR5935836/output	sBGz8JwbaUmBkZtKoSt2isxSoD.eM54E	743666934	"1e133da6f9f3a20253bf2e8de465b348-89"
aws-kraken2/g3/20261008-062751-c217150-8332-n8/out/c100/2-SRR5935836/report	OiJxvQBYPtjQVmOSl78zPfLiZxMVJjwu	1122871	"272097962c8c042ccb81b56046430dd7"
aws-kraken2/g3/20261008-062751-c217150-8332-n8/out/c100/2-SRR5935837/output	UIKcf0oOirqR4J.EJUgjRhTx0r_4AyCx	798446874	"c975c76db53daa25f611c1d5f367b1b1-96"
aws-kraken2/g3/20261008-062751-c217150-8332-n8/out/c100/2-SRR5935837/report	3hHkVAwA4jd8WWIS8.8HRHQpuI5iTr6h	1650671	"7687da93f3ac5ada1b22aabb9391f193"
aws-kraken2/g3/20261008-062751-c217150-8332-n8/out/c100/2-SRR5935838/output	2pMI1wm7uPakUTTplJrTVtTZ4TBS8QJM	1236685264	"82cd6ecdffba58b726395de89facd256-148"
aws-kraken2/g3/20261008-062751-c217150-8332-n8/out/c100/2-SRR5935838/report	F9dko4dlmsJlKQY4vDAsUkGxq5b_t69c	1089354	"3358c0c2d7f695d3b3196362cd0f8462"
aws-kraken2/g3/20261008-062751-c217150-8332-n8/out/c100/2-SRR5935839/output	zTxj2OD8iH0uFTdIWW.MdeJWBQS34Ymx	108810330	"ddf7b069b57861a6f9884faf3d4d9529-13"
aws-kraken2/g3/20261008-062751-c217150-8332-n8/out/c100/2-SRR5935839/report	ao9h9dKM6SmIYYnQEpWA0SWyoUD2RR3k	565350	"90aeebe0ce8d8feeb140b7df354fa50a"
aws-kraken2/g3/20261008-062751-c217150-8332-n8/out/c100/3-SRR5935740/output	kApSWNlVB83kpW.G_mpLEi219idkROyQ	946738756	"4e2ab1d7a88e35afe6d099cbc240bb51-113"
aws-kraken2/g3/20261008-062751-c217150-8332-n8/out/c100/3-SRR5935740/report	MStxOdsm2o1OxS0m0Q49.LUHg580uB75	2248752	"9e77a18e2022d006fc9024d8ae2c97c8"
aws-kraken2/g3/20261008-062751-c217150-8332-n8/out/c100/4-SRR5935740/output	ZQK1qsCttJ4UM3_A_EHe.MX4WjCZNnXQ	946738756	"4e2ab1d7a88e35afe6d099cbc240bb51-113"
aws-kraken2/g3/20261008-062751-c217150-8332-n8/out/c100/4-SRR5935740/report	Tn9f744diH68BWfEaAR5Zl7_CjQu8.zR	2248752	"9e77a18e2022d006fc9024d8ae2c97c8"
aws-kraken2/g3/20261008-062751-c217150-8332-n8/out/c100/5-SRR5935740/output	6v7kINK1HMmn9Ed42vw3h3FAzqyMQpqS	946738756	"4e2ab1d7a88e35afe6d099cbc240bb51-113"
aws-kraken2/g3/20261008-062751-c217150-8332-n8/out/c100/5-SRR5935740/report	elo7y9goVJUpSNUpUqEnReXsl7TAZlQc	2248752	"9e77a18e2022d006fc9024d8ae2c97c8"
aws-kraken2/g3/20261008-062751-c217150-8332-n8/out/c100/6-SRR5935740/output	NeFcIKFXAn_tDBBV_TWqz0fBQpcSSxYj	946738756	"4e2ab1d7a88e35afe6d099cbc240bb51-113"
aws-kraken2/g3/20261008-062751-c217150-8332-n8/out/c100/6-SRR5935740/report	l.ZA_gzwB65cmqxQrLErzwFvFP2SXwge	2248752	"9e77a18e2022d006fc9024d8ae2c97c8"
aws-kraken2/g3/20261008-062751-c217150-8332-n8/out/c100/7-SRR5935740/output	_dJGpQxipmh2a9Pi7z.tKzNmokJPDe6E	946738756	"4e2ab1d7a88e35afe6d099cbc240bb51-113"
aws-kraken2/g3/20261008-062751-c217150-8332-n8/out/c100/7-SRR5935740/report	SjEoVxn4gG0mpXMqSgtlGOcdzX5IwyrI	2248752	"9e77a18e2022d006fc9024d8ae2c97c8"
aws-kraken2/g3/20261008-062751-c217150-8332-n8/out/c100/8-SRR5935740/output	9KgGHkblz9MVzUerKLR7Rl854EE4CEQb	946738756	"4e2ab1d7a88e35afe6d099cbc240bb51-113"
aws-kraken2/g3/20261008-062751-c217150-8332-n8/out/c100/8-SRR5935740/report	Pea8PSneeeCaXiUCOXnn8AOgskq7Ioku	2248752	"9e77a18e2022d006fc9024d8ae2c97c8"
