0	1	parallel	sdk	SRR5935740	--threads	16	--output	s3://aws-kraken2-942542972736-us-west-2/aws-kraken2/g3/20261008-005107-72c3afe-1c63-n8/out/c10/0-SRR5935740/output	--report	s3://aws-kraken2-942542972736-us-west-2/aws-kraken2/g3/20261008-005107-72c3afe-1c63-n8/out/c10/0-SRR5935740/report	/home/ec2-user/ak2/cohort/SRR5935740_1.fastq.gz	/home/ec2-user/ak2/cohort/SRR5935740_2.fastq.gz
0	1	parallel	sdk	SRR5935741	--threads	16	--output	s3://aws-kraken2-942542972736-us-west-2/aws-kraken2/g3/20261008-005107-72c3afe-1c63-n8/out/c10/0-SRR5935741/output	--report	s3://aws-kraken2-942542972736-us-west-2/aws-kraken2/g3/20261008-005107-72c3afe-1c63-n8/out/c10/0-SRR5935741/report	/home/ec2-user/ak2/cohort/SRR5935741_1.fastq.gz	/home/ec2-user/ak2/cohort/SRR5935741_2.fastq.gz
0	1	parallel	sdk	SRR5935742	--threads	16	--output	s3://aws-kraken2-942542972736-us-west-2/aws-kraken2/g3/20261008-005107-72c3afe-1c63-n8/out/c10/0-SRR5935742/output	--report	s3://aws-kraken2-942542972736-us-west-2/aws-kraken2/g3/20261008-005107-72c3afe-1c63-n8/out/c10/0-SRR5935742/report	/home/ec2-user/ak2/cohort/SRR5935742_1.fastq.gz	/home/ec2-user/ak2/cohort/SRR5935742_2.fastq.gz
0	1	parallel	sdk	SRR5935743	--threads	16	--output	s3://aws-kraken2-942542972736-us-west-2/aws-kraken2/g3/20261008-005107-72c3afe-1c63-n8/out/c10/0-SRR5935743/output	--report	s3://aws-kraken2-942542972736-us-west-2/aws-kraken2/g3/20261008-005107-72c3afe-1c63-n8/out/c10/0-SRR5935743/report	/home/ec2-user/ak2/cohort/SRR5935743_1.fastq.gz	/home/ec2-user/ak2/cohort/SRR5935743_2.fastq.gz
0	1	parallel	sdk	SRR5935744	--threads	16	--output	s3://aws-kraken2-942542972736-us-west-2/aws-kraken2/g3/20261008-005107-72c3afe-1c63-n8/out/c10/0-SRR5935744/output	--report	s3://aws-kraken2-942542972736-us-west-2/aws-kraken2/g3/20261008-005107-72c3afe-1c63-n8/out/c10/0-SRR5935744/report	/home/ec2-user/ak2/cohort/SRR5935744_1.fastq.gz	/home/ec2-user/ak2/cohort/SRR5935744_2.fastq.gz
0	1	parallel	sdk	SRR5935745	--threads	16	--output	s3://aws-kraken2-942542972736-us-west-2/aws-kraken2/g3/20261008-005107-72c3afe-1c63-n8/out/c10/0-SRR5935745/output	--report	s3://aws-kraken2-942542972736-us-west-2/aws-kraken2/g3/20261008-005107-72c3afe-1c63-n8/out/c10/0-SRR5935745/report	/home/ec2-user/ak2/cohort/SRR5935745_1.fastq.gz	/home/ec2-user/ak2/cohort/SRR5935745_2.fastq.gz
0	1	parallel	sdk	SRR5935746	--threads	16	--output	s3://aws-kraken2-942542972736-us-west-2/aws-kraken2/g3/20261008-005107-72c3afe-1c63-n8/out/c10/0-SRR5935746/output	--report	s3://aws-kraken2-942542972736-us-west-2/aws-kraken2/g3/20261008-005107-72c3afe-1c63-n8/out/c10/0-SRR5935746/report	/home/ec2-user/ak2/cohort/SRR5935746_1.fastq.gz	/home/ec2-user/ak2/cohort/SRR5935746_2.fastq.gz
0	1	parallel	sdk	SRR5935747	--threads	16	--output	s3://aws-kraken2-942542972736-us-west-2/aws-kraken2/g3/20261008-005107-72c3afe-1c63-n8/out/c10/0-SRR5935747/output	--report	s3://aws-kraken2-942542972736-us-west-2/aws-kraken2/g3/20261008-005107-72c3afe-1c63-n8/out/c10/0-SRR5935747/report	/home/ec2-user/ak2/cohort/SRR5935747_1.fastq.gz	/home/ec2-user/ak2/cohort/SRR5935747_2.fastq.gz
0	1	parallel	sdk	SRR5935748	--threads	16	--output	s3://aws-kraken2-942542972736-us-west-2/aws-kraken2/g3/20261008-005107-72c3afe-1c63-n8/out/c10/0-SRR5935748/output	--report	s3://aws-kraken2-942542972736-us-west-2/aws-kraken2/g3/20261008-005107-72c3afe-1c63-n8/out/c10/0-SRR5935748/report	/home/ec2-user/ak2/cohort/SRR5935748_1.fastq.gz	/home/ec2-user/ak2/cohort/SRR5935748_2.fastq.gz
0	1	parallel	sdk	SRR5935749	--threads	16	--output	s3://aws-kraken2-942542972736-us-west-2/aws-kraken2/g3/20261008-005107-72c3afe-1c63-n8/out/c10/0-SRR5935749/output	--report	s3://aws-kraken2-942542972736-us-west-2/aws-kraken2/g3/20261008-005107-72c3afe-1c63-n8/out/c10/0-SRR5935749/report	/home/ec2-user/ak2/cohort/SRR5935749_1.fastq.gz	/home/ec2-user/ak2/cohort/SRR5935749_2.fastq.gz
1	2	parallel	sdk	SRR5935740	--threads	16	--output	s3://aws-kraken2-942542972736-us-west-2/aws-kraken2/g3/20261008-005107-72c3afe-1c63-n8/out/c10/1-SRR5935740/output	--report	s3://aws-kraken2-942542972736-us-west-2/aws-kraken2/g3/20261008-005107-72c3afe-1c63-n8/out/c10/1-SRR5935740/report	/home/ec2-user/ak2/cohort/SRR5935740_1.fastq.gz	/home/ec2-user/ak2/cohort/SRR5935740_2.fastq.gz
1	2	parallel	sdk	SRR5935741	--threads	16	--output	s3://aws-kraken2-942542972736-us-west-2/aws-kraken2/g3/20261008-005107-72c3afe-1c63-n8/out/c10/1-SRR5935741/output	--report	s3://aws-kraken2-942542972736-us-west-2/aws-kraken2/g3/20261008-005107-72c3afe-1c63-n8/out/c10/1-SRR5935741/report	/home/ec2-user/ak2/cohort/SRR5935741_1.fastq.gz	/home/ec2-user/ak2/cohort/SRR5935741_2.fastq.gz
1	2	parallel	sdk	SRR5935742	--threads	16	--output	s3://aws-kraken2-942542972736-us-west-2/aws-kraken2/g3/20261008-005107-72c3afe-1c63-n8/out/c10/1-SRR5935742/output	--report	s3://aws-kraken2-942542972736-us-west-2/aws-kraken2/g3/20261008-005107-72c3afe-1c63-n8/out/c10/1-SRR5935742/report	/home/ec2-user/ak2/cohort/SRR5935742_1.fastq.gz	/home/ec2-user/ak2/cohort/SRR5935742_2.fastq.gz
1	2	parallel	sdk	SRR5935743	--threads	16	--output	s3://aws-kraken2-942542972736-us-west-2/aws-kraken2/g3/20261008-005107-72c3afe-1c63-n8/out/c10/1-SRR5935743/output	--report	s3://aws-kraken2-942542972736-us-west-2/aws-kraken2/g3/20261008-005107-72c3afe-1c63-n8/out/c10/1-SRR5935743/report	/home/ec2-user/ak2/cohort/SRR5935743_1.fastq.gz	/home/ec2-user/ak2/cohort/SRR5935743_2.fastq.gz
1	2	parallel	sdk	SRR5935744	--threads	16	--output	s3://aws-kraken2-942542972736-us-west-2/aws-kraken2/g3/20261008-005107-72c3afe-1c63-n8/out/c10/1-SRR5935744/output	--report	s3://aws-kraken2-942542972736-us-west-2/aws-kraken2/g3/20261008-005107-72c3afe-1c63-n8/out/c10/1-SRR5935744/report	/home/ec2-user/ak2/cohort/SRR5935744_1.fastq.gz	/home/ec2-user/ak2/cohort/SRR5935744_2.fastq.gz
1	2	parallel	sdk	SRR5935745	--threads	16	--output	s3://aws-kraken2-942542972736-us-west-2/aws-kraken2/g3/20261008-005107-72c3afe-1c63-n8/out/c10/1-SRR5935745/output	--report	s3://aws-kraken2-942542972736-us-west-2/aws-kraken2/g3/20261008-005107-72c3afe-1c63-n8/out/c10/1-SRR5935745/report	/home/ec2-user/ak2/cohort/SRR5935745_1.fastq.gz	/home/ec2-user/ak2/cohort/SRR5935745_2.fastq.gz
1	2	parallel	sdk	SRR5935746	--threads	16	--output	s3://aws-kraken2-942542972736-us-west-2/aws-kraken2/g3/20261008-005107-72c3afe-1c63-n8/out/c10/1-SRR5935746/output	--report	s3://aws-kraken2-942542972736-us-west-2/aws-kraken2/g3/20261008-005107-72c3afe-1c63-n8/out/c10/1-SRR5935746/report	/home/ec2-user/ak2/cohort/SRR5935746_1.fastq.gz	/home/ec2-user/ak2/cohort/SRR5935746_2.fastq.gz
1	2	parallel	sdk	SRR5935747	--threads	16	--output	s3://aws-kraken2-942542972736-us-west-2/aws-kraken2/g3/20261008-005107-72c3afe-1c63-n8/out/c10/1-SRR5935747/output	--report	s3://aws-kraken2-942542972736-us-west-2/aws-kraken2/g3/20261008-005107-72c3afe-1c63-n8/out/c10/1-SRR5935747/report	/home/ec2-user/ak2/cohort/SRR5935747_1.fastq.gz	/home/ec2-user/ak2/cohort/SRR5935747_2.fastq.gz
1	2	parallel	sdk	SRR5935748	--threads	16	--output	s3://aws-kraken2-942542972736-us-west-2/aws-kraken2/g3/20261008-005107-72c3afe-1c63-n8/out/c10/1-SRR5935748/output	--report	s3://aws-kraken2-942542972736-us-west-2/aws-kraken2/g3/20261008-005107-72c3afe-1c63-n8/out/c10/1-SRR5935748/report	/home/ec2-user/ak2/cohort/SRR5935748_1.fastq.gz	/home/ec2-user/ak2/cohort/SRR5935748_2.fastq.gz
1	2	parallel	sdk	SRR5935749	--threads	16	--output	s3://aws-kraken2-942542972736-us-west-2/aws-kraken2/g3/20261008-005107-72c3afe-1c63-n8/out/c10/1-SRR5935749/output	--report	s3://aws-kraken2-942542972736-us-west-2/aws-kraken2/g3/20261008-005107-72c3afe-1c63-n8/out/c10/1-SRR5935749/report	/home/ec2-user/ak2/cohort/SRR5935749_1.fastq.gz	/home/ec2-user/ak2/cohort/SRR5935749_2.fastq.gz
2	2	parallel	sdk	SRR5935740	--threads	8	--output	s3://aws-kraken2-942542972736-us-west-2/aws-kraken2/g3/20261008-005107-72c3afe-1c63-n8/out/c10/2-SRR5935740/output	--report	s3://aws-kraken2-942542972736-us-west-2/aws-kraken2/g3/20261008-005107-72c3afe-1c63-n8/out/c10/2-SRR5935740/report	/home/ec2-user/ak2/cohort/SRR5935740_1.fastq.gz	/home/ec2-user/ak2/cohort/SRR5935740_2.fastq.gz
2	2	parallel	sdk	SRR5935741	--threads	8	--output	s3://aws-kraken2-942542972736-us-west-2/aws-kraken2/g3/20261008-005107-72c3afe-1c63-n8/out/c10/2-SRR5935741/output	--report	s3://aws-kraken2-942542972736-us-west-2/aws-kraken2/g3/20261008-005107-72c3afe-1c63-n8/out/c10/2-SRR5935741/report	/home/ec2-user/ak2/cohort/SRR5935741_1.fastq.gz	/home/ec2-user/ak2/cohort/SRR5935741_2.fastq.gz
2	2	parallel	sdk	SRR5935742	--threads	8	--output	s3://aws-kraken2-942542972736-us-west-2/aws-kraken2/g3/20261008-005107-72c3afe-1c63-n8/out/c10/2-SRR5935742/output	--report	s3://aws-kraken2-942542972736-us-west-2/aws-kraken2/g3/20261008-005107-72c3afe-1c63-n8/out/c10/2-SRR5935742/report	/home/ec2-user/ak2/cohort/SRR5935742_1.fastq.gz	/home/ec2-user/ak2/cohort/SRR5935742_2.fastq.gz
2	2	parallel	sdk	SRR5935743	--threads	8	--output	s3://aws-kraken2-942542972736-us-west-2/aws-kraken2/g3/20261008-005107-72c3afe-1c63-n8/out/c10/2-SRR5935743/output	--report	s3://aws-kraken2-942542972736-us-west-2/aws-kraken2/g3/20261008-005107-72c3afe-1c63-n8/out/c10/2-SRR5935743/report	/home/ec2-user/ak2/cohort/SRR5935743_1.fastq.gz	/home/ec2-user/ak2/cohort/SRR5935743_2.fastq.gz
2	2	parallel	sdk	SRR5935744	--threads	8	--output	s3://aws-kraken2-942542972736-us-west-2/aws-kraken2/g3/20261008-005107-72c3afe-1c63-n8/out/c10/2-SRR5935744/output	--report	s3://aws-kraken2-942542972736-us-west-2/aws-kraken2/g3/20261008-005107-72c3afe-1c63-n8/out/c10/2-SRR5935744/report	/home/ec2-user/ak2/cohort/SRR5935744_1.fastq.gz	/home/ec2-user/ak2/cohort/SRR5935744_2.fastq.gz
2	2	parallel	sdk	SRR5935745	--threads	8	--output	s3://aws-kraken2-942542972736-us-west-2/aws-kraken2/g3/20261008-005107-72c3afe-1c63-n8/out/c10/2-SRR5935745/output	--report	s3://aws-kraken2-942542972736-us-west-2/aws-kraken2/g3/20261008-005107-72c3afe-1c63-n8/out/c10/2-SRR5935745/report	/home/ec2-user/ak2/cohort/SRR5935745_1.fastq.gz	/home/ec2-user/ak2/cohort/SRR5935745_2.fastq.gz
2	2	parallel	sdk	SRR5935746	--threads	8	--output	s3://aws-kraken2-942542972736-us-west-2/aws-kraken2/g3/20261008-005107-72c3afe-1c63-n8/out/c10/2-SRR5935746/output	--report	s3://aws-kraken2-942542972736-us-west-2/aws-kraken2/g3/20261008-005107-72c3afe-1c63-n8/out/c10/2-SRR5935746/report	/home/ec2-user/ak2/cohort/SRR5935746_1.fastq.gz	/home/ec2-user/ak2/cohort/SRR5935746_2.fastq.gz
2	2	parallel	sdk	SRR5935747	--threads	8	--output	s3://aws-kraken2-942542972736-us-west-2/aws-kraken2/g3/20261008-005107-72c3afe-1c63-n8/out/c10/2-SRR5935747/output	--report	s3://aws-kraken2-942542972736-us-west-2/aws-kraken2/g3/20261008-005107-72c3afe-1c63-n8/out/c10/2-SRR5935747/report	/home/ec2-user/ak2/cohort/SRR5935747_1.fastq.gz	/home/ec2-user/ak2/cohort/SRR5935747_2.fastq.gz
2	2	parallel	sdk	SRR5935748	--threads	8	--output	s3://aws-kraken2-942542972736-us-west-2/aws-kraken2/g3/20261008-005107-72c3afe-1c63-n8/out/c10/2-SRR5935748/output	--report	s3://aws-kraken2-942542972736-us-west-2/aws-kraken2/g3/20261008-005107-72c3afe-1c63-n8/out/c10/2-SRR5935748/report	/home/ec2-user/ak2/cohort/SRR5935748_1.fastq.gz	/home/ec2-user/ak2/cohort/SRR5935748_2.fastq.gz
2	2	parallel	sdk	SRR5935749	--threads	8	--output	s3://aws-kraken2-942542972736-us-west-2/aws-kraken2/g3/20261008-005107-72c3afe-1c63-n8/out/c10/2-SRR5935749/output	--report	s3://aws-kraken2-942542972736-us-west-2/aws-kraken2/g3/20261008-005107-72c3afe-1c63-n8/out/c10/2-SRR5935749/report	/home/ec2-user/ak2/cohort/SRR5935749_1.fastq.gz	/home/ec2-user/ak2/cohort/SRR5935749_2.fastq.gz
3	1	parallel	cli	SRR5935740	--threads	16	--output	s3://aws-kraken2-942542972736-us-west-2/aws-kraken2/g3/20261008-005107-72c3afe-1c63-n8/out/c10/3-SRR5935740/output	--report	s3://aws-kraken2-942542972736-us-west-2/aws-kraken2/g3/20261008-005107-72c3afe-1c63-n8/out/c10/3-SRR5935740/report	/home/ec2-user/ak2/cohort/SRR5935740_1.fastq.gz	/home/ec2-user/ak2/cohort/SRR5935740_2.fastq.gz
3	1	parallel	cli	SRR5935741	--threads	16	--output	s3://aws-kraken2-942542972736-us-west-2/aws-kraken2/g3/20261008-005107-72c3afe-1c63-n8/out/c10/3-SRR5935741/output	--report	s3://aws-kraken2-942542972736-us-west-2/aws-kraken2/g3/20261008-005107-72c3afe-1c63-n8/out/c10/3-SRR5935741/report	/home/ec2-user/ak2/cohort/SRR5935741_1.fastq.gz	/home/ec2-user/ak2/cohort/SRR5935741_2.fastq.gz
3	1	parallel	cli	SRR5935742	--threads	16	--output	s3://aws-kraken2-942542972736-us-west-2/aws-kraken2/g3/20261008-005107-72c3afe-1c63-n8/out/c10/3-SRR5935742/output	--report	s3://aws-kraken2-942542972736-us-west-2/aws-kraken2/g3/20261008-005107-72c3afe-1c63-n8/out/c10/3-SRR5935742/report	/home/ec2-user/ak2/cohort/SRR5935742_1.fastq.gz	/home/ec2-user/ak2/cohort/SRR5935742_2.fastq.gz
3	1	parallel	cli	SRR5935743	--threads	16	--output	s3://aws-kraken2-942542972736-us-west-2/aws-kraken2/g3/20261008-005107-72c3afe-1c63-n8/out/c10/3-SRR5935743/output	--report	s3://aws-kraken2-942542972736-us-west-2/aws-kraken2/g3/20261008-005107-72c3afe-1c63-n8/out/c10/3-SRR5935743/report	/home/ec2-user/ak2/cohort/SRR5935743_1.fastq.gz	/home/ec2-user/ak2/cohort/SRR5935743_2.fastq.gz
3	1	parallel	cli	SRR5935744	--threads	16	--output	s3://aws-kraken2-942542972736-us-west-2/aws-kraken2/g3/20261008-005107-72c3afe-1c63-n8/out/c10/3-SRR5935744/output	--report	s3://aws-kraken2-942542972736-us-west-2/aws-kraken2/g3/20261008-005107-72c3afe-1c63-n8/out/c10/3-SRR5935744/report	/home/ec2-user/ak2/cohort/SRR5935744_1.fastq.gz	/home/ec2-user/ak2/cohort/SRR5935744_2.fastq.gz
3	1	parallel	cli	SRR5935745	--threads	16	--output	s3://aws-kraken2-942542972736-us-west-2/aws-kraken2/g3/20261008-005107-72c3afe-1c63-n8/out/c10/3-SRR5935745/output	--report	s3://aws-kraken2-942542972736-us-west-2/aws-kraken2/g3/20261008-005107-72c3afe-1c63-n8/out/c10/3-SRR5935745/report	/home/ec2-user/ak2/cohort/SRR5935745_1.fastq.gz	/home/ec2-user/ak2/cohort/SRR5935745_2.fastq.gz
3	1	parallel	cli	SRR5935746	--threads	16	--output	s3://aws-kraken2-942542972736-us-west-2/aws-kraken2/g3/20261008-005107-72c3afe-1c63-n8/out/c10/3-SRR5935746/output	--report	s3://aws-kraken2-942542972736-us-west-2/aws-kraken2/g3/20261008-005107-72c3afe-1c63-n8/out/c10/3-SRR5935746/report	/home/ec2-user/ak2/cohort/SRR5935746_1.fastq.gz	/home/ec2-user/ak2/cohort/SRR5935746_2.fastq.gz
3	1	parallel	cli	SRR5935747	--threads	16	--output	s3://aws-kraken2-942542972736-us-west-2/aws-kraken2/g3/20261008-005107-72c3afe-1c63-n8/out/c10/3-SRR5935747/output	--report	s3://aws-kraken2-942542972736-us-west-2/aws-kraken2/g3/20261008-005107-72c3afe-1c63-n8/out/c10/3-SRR5935747/report	/home/ec2-user/ak2/cohort/SRR5935747_1.fastq.gz	/home/ec2-user/ak2/cohort/SRR5935747_2.fastq.gz
3	1	parallel	cli	SRR5935748	--threads	16	--output	s3://aws-kraken2-942542972736-us-west-2/aws-kraken2/g3/20261008-005107-72c3afe-1c63-n8/out/c10/3-SRR5935748/output	--report	s3://aws-kraken2-942542972736-us-west-2/aws-kraken2/g3/20261008-005107-72c3afe-1c63-n8/out/c10/3-SRR5935748/report	/home/ec2-user/ak2/cohort/SRR5935748_1.fastq.gz	/home/ec2-user/ak2/cohort/SRR5935748_2.fastq.gz
3	1	parallel	cli	SRR5935749	--threads	16	--output	s3://aws-kraken2-942542972736-us-west-2/aws-kraken2/g3/20261008-005107-72c3afe-1c63-n8/out/c10/3-SRR5935749/output	--report	s3://aws-kraken2-942542972736-us-west-2/aws-kraken2/g3/20261008-005107-72c3afe-1c63-n8/out/c10/3-SRR5935749/report	/home/ec2-user/ak2/cohort/SRR5935749_1.fastq.gz	/home/ec2-user/ak2/cohort/SRR5935749_2.fastq.gz
4	1	striped	sdk	SRR5935740	--threads	16	--output	s3://aws-kraken2-942542972736-us-west-2/aws-kraken2/g3/20261008-005107-72c3afe-1c63-n8/out/c10/4-SRR5935740/output	--report	s3://aws-kraken2-942542972736-us-west-2/aws-kraken2/g3/20261008-005107-72c3afe-1c63-n8/out/c10/4-SRR5935740/report	/home/ec2-user/ak2/cohort/SRR5935740_1.fastq.gz	/home/ec2-user/ak2/cohort/SRR5935740_2.fastq.gz
4	1	striped	sdk	SRR5935741	--threads	16	--output	s3://aws-kraken2-942542972736-us-west-2/aws-kraken2/g3/20261008-005107-72c3afe-1c63-n8/out/c10/4-SRR5935741/output	--report	s3://aws-kraken2-942542972736-us-west-2/aws-kraken2/g3/20261008-005107-72c3afe-1c63-n8/out/c10/4-SRR5935741/report	/home/ec2-user/ak2/cohort/SRR5935741_1.fastq.gz	/home/ec2-user/ak2/cohort/SRR5935741_2.fastq.gz
4	1	striped	sdk	SRR5935742	--threads	16	--output	s3://aws-kraken2-942542972736-us-west-2/aws-kraken2/g3/20261008-005107-72c3afe-1c63-n8/out/c10/4-SRR5935742/output	--report	s3://aws-kraken2-942542972736-us-west-2/aws-kraken2/g3/20261008-005107-72c3afe-1c63-n8/out/c10/4-SRR5935742/report	/home/ec2-user/ak2/cohort/SRR5935742_1.fastq.gz	/home/ec2-user/ak2/cohort/SRR5935742_2.fastq.gz
4	1	striped	sdk	SRR5935743	--threads	16	--output	s3://aws-kraken2-942542972736-us-west-2/aws-kraken2/g3/20261008-005107-72c3afe-1c63-n8/out/c10/4-SRR5935743/output	--report	s3://aws-kraken2-942542972736-us-west-2/aws-kraken2/g3/20261008-005107-72c3afe-1c63-n8/out/c10/4-SRR5935743/report	/home/ec2-user/ak2/cohort/SRR5935743_1.fastq.gz	/home/ec2-user/ak2/cohort/SRR5935743_2.fastq.gz
4	1	striped	sdk	SRR5935744	--threads	16	--output	s3://aws-kraken2-942542972736-us-west-2/aws-kraken2/g3/20261008-005107-72c3afe-1c63-n8/out/c10/4-SRR5935744/output	--report	s3://aws-kraken2-942542972736-us-west-2/aws-kraken2/g3/20261008-005107-72c3afe-1c63-n8/out/c10/4-SRR5935744/report	/home/ec2-user/ak2/cohort/SRR5935744_1.fastq.gz	/home/ec2-user/ak2/cohort/SRR5935744_2.fastq.gz
4	1	striped	sdk	SRR5935745	--threads	16	--output	s3://aws-kraken2-942542972736-us-west-2/aws-kraken2/g3/20261008-005107-72c3afe-1c63-n8/out/c10/4-SRR5935745/output	--report	s3://aws-kraken2-942542972736-us-west-2/aws-kraken2/g3/20261008-005107-72c3afe-1c63-n8/out/c10/4-SRR5935745/report	/home/ec2-user/ak2/cohort/SRR5935745_1.fastq.gz	/home/ec2-user/ak2/cohort/SRR5935745_2.fastq.gz
4	1	striped	sdk	SRR5935746	--threads	16	--output	s3://aws-kraken2-942542972736-us-west-2/aws-kraken2/g3/20261008-005107-72c3afe-1c63-n8/out/c10/4-SRR5935746/output	--report	s3://aws-kraken2-942542972736-us-west-2/aws-kraken2/g3/20261008-005107-72c3afe-1c63-n8/out/c10/4-SRR5935746/report	/home/ec2-user/ak2/cohort/SRR5935746_1.fastq.gz	/home/ec2-user/ak2/cohort/SRR5935746_2.fastq.gz
4	1	striped	sdk	SRR5935747	--threads	16	--output	s3://aws-kraken2-942542972736-us-west-2/aws-kraken2/g3/20261008-005107-72c3afe-1c63-n8/out/c10/4-SRR5935747/output	--report	s3://aws-kraken2-942542972736-us-west-2/aws-kraken2/g3/20261008-005107-72c3afe-1c63-n8/out/c10/4-SRR5935747/report	/home/ec2-user/ak2/cohort/SRR5935747_1.fastq.gz	/home/ec2-user/ak2/cohort/SRR5935747_2.fastq.gz
4	1	striped	sdk	SRR5935748	--threads	16	--output	s3://aws-kraken2-942542972736-us-west-2/aws-kraken2/g3/20261008-005107-72c3afe-1c63-n8/out/c10/4-SRR5935748/output	--report	s3://aws-kraken2-942542972736-us-west-2/aws-kraken2/g3/20261008-005107-72c3afe-1c63-n8/out/c10/4-SRR5935748/report	/home/ec2-user/ak2/cohort/SRR5935748_1.fastq.gz	/home/ec2-user/ak2/cohort/SRR5935748_2.fastq.gz
4	1	striped	sdk	SRR5935749	--threads	16	--output	s3://aws-kraken2-942542972736-us-west-2/aws-kraken2/g3/20261008-005107-72c3afe-1c63-n8/out/c10/4-SRR5935749/output	--report	s3://aws-kraken2-942542972736-us-west-2/aws-kraken2/g3/20261008-005107-72c3afe-1c63-n8/out/c10/4-SRR5935749/report	/home/ec2-user/ak2/cohort/SRR5935749_1.fastq.gz	/home/ec2-user/ak2/cohort/SRR5935749_2.fastq.gz
