sample	class	lookups	fraction	mean_probes	expected	mean_minus_expected	p50	p90	p99	max
SRR062634	hit	8738	0.8738	1.1492332	2.1618348	-1.0126016	1	1	4	25
SRR062634	miss	1262	0.1262	5.8050713	6.0233901	-0.21831881	3	14	34	69
SRR062634	all	10000	1	1.7368	NaN	NaN	1	2	17	69
ERR478965	hit	7164	0.7164	1.5389447	2.1618348	-0.62289012	1	2	11	89
ERR478965	miss	2836	0.2836	5.9717913	6.0233901	-0.051598866	3	15	42	100
ERR478965	all	10000	1	2.7961	NaN	NaN	1	6	28	100
ERR598966	hit	1333	0.1333	1.9887472	2.1618348	-0.17308766	1	4	16	63
ERR598966	miss	8667	0.8667	5.9247721	6.0233901	-0.098617998	3	15	39	97
ERR598966	all	10000	1	5.4001	NaN	NaN	2	13	38	97
SRR28305653	hit	7889	0.7889	1.1777158	2.1618348	-0.98411904	1	1	5	32
SRR28305653	miss	2111	0.2111	6.0525817	6.0233901	0.029191593	3	15	39	63
SRR28305653	all	10000	1	2.2068	NaN	NaN	1	4	25	63
