input	state	impl	n	wall_s_median	wall_s_min	wall_s_max	load_s_median	load_s_min	load_s_max	classify_s_median	classify_s_min	classify_s_max	tail_s_median	tail_s_min	tail_s_max	minflt_median	minflt_min	minflt_max	sys_s_median	sys_s_min	sys_s_max
empty	cold	upstream	3	7.52729	6.791	7.55251	7.51223	6.77473	7.53676	0.001	0	0.001	0.015327	0.014591	0.015749	6476	6473	6477	1.21388	1.21284	1.31488
empty	cold	base	3	7.82134	7.82022	7.82672	7.4714	7.47081	7.47154	0	0	0	0.348977	0.347612	0.354786	1.95622e+06	1.95622e+06	1.95622e+06	2.75322	2.74394	2.75587
empty	cold	thp	3	7.48547	7.48534	7.48813	7.47166	7.47125	7.47349	0	0	0	0.013173	0.012832	0.013689	7218	7216	7288	1.2469	1.22491	1.28451
empty	cold	fill	3	7.48611	7.48446	7.48773	7.47192	7.47034	7.47384	0	0	0	0.013179	0.012983	0.013256	7244	7233	7268	1.2287	1.21693	1.23302
empty	cold	scan	3	7.48557	7.48525	7.48666	7.47176	7.47093	7.47219	0	0	0	0.013281	0.012768	0.013558	7250	7217	7265	1.20945	1.20872	1.21356
empty	cold	recycle	3	7.48575	7.48532	7.48626	7.47176	7.47114	7.47216	0	0	0	0.013212	0.013193	0.013647	7232	7218	7252	1.20872	1.20686	1.22851
empty	cold	rc	3	7.48549	7.48416	7.4865	7.47146	7.47008	7.4723	0	0	0	0.012998	0.012994	0.013211	7249	7243	7265	1.22073	1.21996	1.22656
empty	cold	matesize	3	7.48531	7.48345	7.48533	7.47122	7.46926	7.47153	0	0	0	0.012946	0.012727	0.013029	7244	7229	7251	1.21723	1.21402	1.23398
empty	cold	batch	3	7.4871	7.48627	7.48805	7.47286	7.47187	7.47375	0	0	0	0.01315	0.012911	0.013199	7235	7221	7255	1.20646	1.19749	1.22739
empty	cold	final	3	7.48862	7.48774	7.4891	7.47446	7.473	7.47464	0	0	0	0.013337	0.013089	0.013658	7226	7221	7249	1.21015	1.20752	1.22148
empty	warm	upstream	3	0.264918	0.247687	0.277986	0.251556	0.234745	0.264972	0.001	0	0.001	0.012509	0.012372	0.012858	6498	6497	6500	1.66918	1.60933	1.76728
empty	warm	base	3	0.854029	0.847551	0.859401	0.481709	0.477652	0.488698	0	0	0	0.370324	0.369539	0.372023	1.95623e+06	1.95622e+06	1.95626e+06	4.11327	4.07477	4.15585
empty	warm	thp	3	0.248854	0.246885	0.250368	0.236317	0.234411	0.237684	0	0	0	0.012233	0.012106	0.012474	7256	7225	7310	1.7994	1.79255	1.82297
empty	warm	fill	3	0.246227	0.24008	0.249262	0.233393	0.227779	0.236418	0	0	0	0.01248	0.01191	0.012561	7260	7242	7264	1.75757	1.7274	1.82875
empty	warm	scan	3	0.248661	0.240142	0.25272	0.235938	0.22748	0.239653	0	0	0	0.012439	0.012284	0.012842	7252	7235	7308	1.68812	1.61114	1.79232
empty	warm	recycle	3	0.23872	0.238467	0.245833	0.225892	0.225525	0.233032	0	0	0	0.012567	0.012412	0.012659	7252	7218	7280	1.7153	1.68241	1.77618
empty	warm	rc	3	0.248064	0.241896	0.264214	0.235364	0.229002	0.251412	0	0	0	0.0125	0.012462	0.012575	7273	7264	7279	1.69609	1.59505	1.77144
empty	warm	matesize	3	0.24529	0.243962	0.25691	0.232407	0.23127	0.244045	0	0	0	0.012485	0.012229	0.012517	7257	7249	7280	1.77426	1.64009	1.78088
empty	warm	batch	3	0.235355	0.23018	0.239713	0.222425	0.217197	0.227172	0	0	0	0.012522	0.012077	0.012532	7257	7237	7347	1.68756	1.62454	1.6959
empty	warm	final	3	0.249094	0.230822	0.275542	0.23607	0.218327	0.26279	0	0	0	0.01235	0.012091	0.01256	7268	7262	7294	1.63904	1.56104	1.76503
pe	cold	upstream	3	7.80905	7.80838	7.81555	7.53537	7.53493	7.53696	0.256	0.256	0.264	0.016347	0.016238	0.016524	50020	50020	50110	1.23322	1.20928	1.25833
pe	cold	base	3	8.1443	8.12986	8.17081	7.472	7.47177	7.47274	0.314	0.298	0.325	0.358847	0.358182	0.371726	2.0146e+06	2.01438e+06	2.01476e+06	2.83513	2.82113	2.86196
pe	cold	thp	3	7.79771	7.79694	7.80416	7.46723	7.45847	7.47491	0.315	0.301	0.317	0.02118	0.021	0.02162	66121	65658	66305	1.31399	1.19619	1.33742
pe	cold	fill	3	7.80513	7.80194	7.80605	7.4704	7.45989	7.47138	0.311	0.31	0.324	0.02197	0.021281	0.022083	65942	65940	65947	1.29224	1.20568	1.3469
pe	cold	scan	3	7.73796	7.73789	7.74271	7.46187	7.45641	7.46254	0.258	0.254	0.26	0.021176	0.021069	0.021225	65368	64613	65417	1.28525	1.21907	1.31115
pe	cold	recycle	3	7.75328	7.74242	7.75756	7.46936	7.46662	7.47043	0.261	0.254	0.266	0.021661	0.021641	0.021772	66813	66612	68375	1.26389	1.21098	1.35299
pe	cold	rc	3	7.74775	7.74403	7.75474	7.47016	7.46663	7.47085	0.256	0.251	0.266	0.021473	0.021241	0.02151	66555	66396	66846	1.26879	1.24971	1.32786
pe	cold	matesize	3	7.72921	7.72907	7.74514	7.46339	7.45903	7.47879	0.244	0.243	0.246	0.022581	0.021844	0.023297	63599	63400	63618	1.23652	1.20864	1.29059
pe	cold	batch	3	7.7375	7.73381	7.73854	7.47279	7.47123	7.47455	0.242	0.238	0.246	0.021239	0.021159	0.022674	63584	63572	63847	1.28189	1.23653	1.29211
pe	cold	final	3	7.73344	7.73324	7.73537	7.4732	7.47083	7.47373	0.239	0.237	0.24	0.022215	0.020682	0.022571	63386	61964	63835	1.25302	1.20045	1.30522
pe	warm	upstream	3	0.473811	0.447383	0.474085	0.270305	0.243356	0.270348	0.189	0.189	0.189	0.014453	0.014302	0.014531	50633	50596	50636	1.73026	1.66163	1.78354
pe	warm	base	3	1.14252	1.10942	1.15291	0.486478	0.472707	0.504596	0.263	0.255	0.266	0.381969	0.381893	0.393297	2.01613e+06	2.01181e+06	2.0168e+06	4.15934	3.79935	4.21655
pe	warm	thp	3	0.486275	0.479553	0.503674	0.229194	0.22564	0.234824	0.233	0.228	0.253	0.021359	0.021269	0.023075	66426	64629	68655	1.78296	1.77328	1.7889
pe	warm	fill	3	0.518822	0.507502	0.525195	0.237835	0.233524	0.257163	0.252	0.246	0.259	0.021474	0.021363	0.02205	67691	66808	68488	1.71639	1.64913	1.84872
pe	warm	scan	3	0.452833	0.436891	0.454231	0.233988	0.222191	0.237542	0.194	0.193	0.198	0.02109	0.021075	0.022327	66569	66543	68344	1.81177	1.72783	1.8889
pe	warm	recycle	3	0.449471	0.44622	0.453674	0.2344	0.227332	0.234696	0.197	0.193	0.198	0.021608	0.021263	0.021936	68555	68384	68764	1.83905	1.80277	1.87
pe	warm	rc	3	0.43943	0.427083	0.44268	0.231266	0.220707	0.235311	0.186	0.185	0.187	0.021126	0.021125	0.021554	67944	67512	68702	1.82102	1.6989	1.8553
pe	warm	matesize	3	0.429225	0.424386	0.429461	0.23274	0.229794	0.233145	0.174	0.173	0.174	0.02204	0.021701	0.022411	65985	65927	66515	1.80402	1.80389	1.83956
pe	warm	batch	3	0.432216	0.422391	0.442014	0.231206	0.230216	0.24786	0.173	0.169	0.179	0.021879	0.020934	0.023179	66416	65301	67878	1.78703	1.73028	1.80041
pe	warm	final	3	0.426604	0.426141	0.431465	0.230472	0.229324	0.236767	0.175	0.169	0.179	0.021619	0.021006	0.021703	65987	65834	66177	1.8057	1.78443	1.84913
