check	value	want	ok
se-short: single-end reads with an empty hit list (0:0)	52308	gt 0	yes
pe-short: pairs whose hit list ends at the mate border (|:|)	76922	gt 0	yes
pe-short: pairs with no minimizers at all (hit list |:|)	27692	gt 0	yes
pe-slash: --output IDs still ending in /1 or /2 (trimmed in paired mode)	0	eq 0	yes
pe-slash: sequence-output IDs ending in /1 (kept as read)	200000	gt 0	yes
se-slash: --output IDs ending in /1 (not trimmed single-end)	200000	gt 0	yes
se-trunc-gz: --output records from the half-length .gz (some reached classify)	98762	gt 0	yes
se-trunc-gz: --output records from the half-length .gz (fewer than the 200000 reads)	98762	lt 200000	yes
se-trunc-gz: runs of ours that logged in-process decompression (AK2_DECOMPRESS=pipe: none)	0	eq 0	yes
se-garbage-gz: --output records before the garbage tail (some reached classify)	200000	gt 0	yes
se-q20: bases masked to x in the sequence outputs	1178230	gt 0	yes
se-q20 vs se-default (S1): -Q 20 changes --output	f4d0508ed2de85b6701fdf6f16db438c2bd087e0cdbd4fdb14ca115775f8240d	ne 3a8c83c07902033a7c4edd6a0feee535a57b123347df9174664b432d2e2ce28b	yes
pe-t1 (1 thread, plain) vs pe-default-gz (8 threads, gzip), S1: same --output	527068d2bc8e30eeb7f0cee9152649dc7cb370fbb65d538a322491ff6b6eb074	eq 527068d2bc8e30eeb7f0cee9152649dc7cb370fbb65d538a322491ff6b6eb074	yes
pe-mmap vs pe-default-gz, S1: same --output	527068d2bc8e30eeb7f0cee9152649dc7cb370fbb65d538a322491ff6b6eb074	eq 527068d2bc8e30eeb7f0cee9152649dc7cb370fbb65d538a322491ff6b6eb074	yes
pe-quick vs pe-default-gz, S1: --quick changes --output	2d1fca6385133c7db859cef9b6e7bb921d33afc8751f1edf3ebed7e11b8201ed	ne 527068d2bc8e30eeb7f0cee9152649dc7cb370fbb65d538a322491ff6b6eb074	yes
minimum_acceptable_hash_value (nonzero: the subthreshold skip path runs)	17113767929583441920	info	-
