regime	input	state	threads	n	blocks_ok	busy_max	aqu_sz	aqu_per_thread	r_iops	rd_mib_s	kib_per_io	rd_ios	pgmajfault	majflt_per_s	disk_bytes_per_majfault	readaround_x	offcpu_frac	samples	thr_R	thr_D	thr_S_futex	thr_S_read	thr_S_other	gzip_R	gzip_S_write	ipc	dtlb_miss_ratio	dtlb_walk_pki	futex_calls_per_s	cs_per_s
load	SRR062634_8000000-fq	warm	64	3	True	64	7.055000	0.110234	17375.394877	2168.746575	127.812721	31995	12	6.535147	348959402.666667	85195.166667	0.326000	36	0.687100	0.000400	0.312900	0.000000	0.000000	None	None	2.801400	0.004360	0.631875	384.484472	657.871448
load	SRR062634_8000000-fq	warm	96	3	True	96	6.543000	0.068156	16145.836224	2014.831862	127.784513	32002	6	3.027155	697917440.000000	170390.000000	0.578400	39	0.421400	0.006200	0.570400	0.000000	0.000000	None	None	2.788600	0.004310	0.633151	457.100419	895.774529
load	SRR062634_8000000-gz	warm	8	3	True	8	0.188000	0.023500	434.609598	53.857477	126.895624	9667	61	2.746531	20592472.131148	5027.459016	0.380300	443	0.499700	0.001100	0.427900	0.061500	0.009000	0.486500	0.500000	2.549300	0.003960	0.539580	23.434377	5663.367239
load[thp=always numactl --interleave=all]	SRR062634_8000000-fq	warm	64	3	True	64	4.069000	0.063578	9952.225339	1241.434337	127.715116	32014	9	2.797839	465265550.222222	113590.222222	0.602800	63	0.399900	0.004200	0.597300	0.000000	0.000000	None	None	2.756700	0.004120	0.596824	252.116410	409.417154
load[thp=always numactl --interleave=all]	SRR062634_8000000-fq	warm	96	3	True	96	4.433000	0.046177	10926.283936	1359.734224	127.432881	32085	8	2.724334	523351552.000000	127771.375000	0.710900	57	0.290700	0.008700	0.700600	0.000000	0.000000	None	None	2.757400	0.004160	0.598006	321.471468	570.066988
load[thp=always numactl --interleave=all]	SRR062634_8000000-gz	warm	8	3	True	8	0.182000	0.022750	418.505724	51.901515	126.922376	9662	21	0.909701	59824810.666667	14605.666667	0.396200	460	0.485900	0.000000	0.444000	0.062800	0.007300	0.481500	0.505400	2.541000	0.003830	0.510698	22.699203	5459.764775
load[thp=always]	SRR062634_8000000-fq	warm	64	3	True	64	6.742000	0.105344	16709.586735	2084.802673	127.761265	32002	10	5.312082	418751283.200000	102234.200000	0.351800	38	0.652200	0.000000	0.347800	0.000000	0.000000	None	None	2.799800	0.004140	0.603067	385.657166	565.448192
load[thp=never]	SRR062634_8000000-fq	warm	64	3	True	64	5.461000	0.085328	13332.777506	1663.946151	127.796392	31983	11	4.909108	380682240.000000	92940.000000	0.297600	47	0.713100	0.001000	0.285900	0.000000	0.000000	None	None	2.122100	0.005290	0.674794	344.530116	567.777975
load[uninstrumented]	SRR062634_8000000-fq	warm	64	3	True	64	None	None	None	None	None	None	4	1.984990	None	None	None	None	None	None	None	None	None	None	None	None	None	None	None	879.046909
