rung	input	threads	sample	pairs	exit	wall_s	classify_s	output_etag	report_etag
ref0-fq-t96	fq	96	SRR5935740	10532910	0	2.363	2.028	-	-
A-c1-gz-t48-r1	gz	48	SRR5935740	10532910	0	20.581	20.265	-	-
A-c1-gz-t96-r1	gz	96	SRR5935740	10532910	0	20.573	20.237	-	-
A-c1-gz-t192-r1	gz	192	SRR5935740	10532910	0	20.654	20.312	-	-
A-c1-fq-t48-r1	fq	48	SRR5935740	10532910	0	2.289	1.976	-	-
A-c1-fq-t96-r1	fq	96	SRR5935740	10532910	0	2.329	2.004	-	-
A-c1-fq-t192-r1	fq	192	SRR5935740	10532910	0	2.730	2.391	-	-
A-c1-gz-t96-r2	gz	96	SRR5935740	10532910	0	20.569	20.232	-	-
A-c1-gz-t192-r2	gz	192	SRR5935740	10532910	0	20.691	20.346	-	-
A-c1-gz-t48-r2	gz	48	SRR5935740	10532910	0	20.491	20.181	-	-
A-c1-fq-t96-r2	fq	96	SRR5935740	10532910	0	2.320	1.999	-	-
A-c1-fq-t192-r2	fq	192	SRR5935740	10532910	0	2.707	2.371	-	-
A-c1-fq-t48-r2	fq	48	SRR5935740	10532910	0	2.263	1.958	-	-
A-c1-gz-t192-r3	gz	192	SRR5935740	10532910	0	20.650	20.307	-	-
A-c1-gz-t48-r3	gz	48	SRR5935740	10532910	0	20.516	20.211	-	-
A-c1-gz-t96-r3	gz	96	SRR5935740	10532910	0	20.573	20.244	-	-
A-c1-fq-t192-r3	fq	192	SRR5935740	10532910	0	2.804	2.471	-	-
A-c1-fq-t48-r3	fq	48	SRR5935740	10532910	0	2.257	1.955	-	-
A-c1-fq-t96-r3	fq	96	SRR5935740	10532910	0	2.294	1.972	-	-
ref1-fq-t96	fq	96	SRR5935740	10532910	0	2.293	1.973	-	-
B-c10-fq-t48	fq	48	SRR5935740	10532910	0	2.252	1.947	-	-
B-c10-fq-t96	fq	96	SRR5935740	10532910	0	2.293	1.973	-	-
B-c10-fq-t192	fq	192	SRR5935740	10532910	0	2.696	2.36	-	-
B-c10-fq-t48	fq	48	SRR5935741	16518263	0	2.872	2.618	-	-
B-c10-fq-t96	fq	96	SRR5935741	16518263	0	2.997	2.722	-	-
B-c10-fq-t192	fq	192	SRR5935741	16518263	0	3.413	3.118	-	-
B-c10-fq-t48	fq	48	SRR5935742	12325847	0	2.379	2.111	-	-
B-c10-fq-t96	fq	96	SRR5935742	12325847	0	2.487	2.196	-	-
B-c10-fq-t192	fq	192	SRR5935742	12325847	0	2.880	2.585	-	-
B-c10-fq-t48	fq	48	SRR5935743	201473	0	0.642	0.502	-	-
B-c10-fq-t96	fq	96	SRR5935743	201473	0	0.641	0.502	-	-
B-c10-fq-t192	fq	192	SRR5935743	201473	0	0.657	0.518	-	-
B-c10-fq-t48	fq	48	SRR5935744	15328347	0	2.821	2.572	-	-
B-c10-fq-t96	fq	96	SRR5935744	15328347	0	2.845	2.575	-	-
B-c10-fq-t192	fq	192	SRR5935744	15328347	0	3.232	2.94	-	-
B-c10-fq-t48	fq	48	SRR5935745	10492437	0	2.138	1.869	-	-
B-c10-fq-t96	fq	96	SRR5935745	10492437	0	2.224	1.945	-	-
B-c10-fq-t192	fq	192	SRR5935745	10492437	0	2.632	2.336	-	-
B-c10-fq-t48	fq	48	SRR5935746	11012615	0	2.163	1.899	-	-
B-c10-fq-t96	fq	96	SRR5935746	11012615	0	2.284	2.007	-	-
B-c10-fq-t192	fq	192	SRR5935746	11012615	0	2.726	2.429	-	-
B-c10-fq-t48	fq	48	SRR5935747	3036382	0	1.063	0.837	-	-
B-c10-fq-t96	fq	96	SRR5935747	3036382	0	1.283	1.046	-	-
B-c10-fq-t192	fq	192	SRR5935747	3036382	0	1.305	1.066	-	-
B-c10-fq-t48	fq	48	SRR5935748	11859598	0	2.481	2.192	-	-
B-c10-fq-t96	fq	96	SRR5935748	11859598	0	2.471	2.168	-	-
B-c10-fq-t192	fq	192	SRR5935748	11859598	0	2.857	2.55	-	-
B-c10-fq-t48	fq	48	SRR5935749	18879904	0	3.204	2.937	-	-
B-c10-fq-t96	fq	96	SRR5935749	18879904	0	3.287	3.001	-	-
B-c10-fq-t192	fq	192	SRR5935749	18879904	0	3.719	3.406	-	-
B-c10-gz-t48	gz	48	SRR5935749	18879904	0	36.774	36.515	-	-
B-c10-gz-t48	gz	48	SRR5935741	16518263	0	32.446	32.2	-	-
B-c10-gz-t48	gz	48	SRR5935744	15328347	0	30.105	29.864	-	-
B-c10-gz-t48	gz	48	SRR5935742	12325847	0	23.737	23.478	-	-
B-c10-gz-t48	gz	48	SRR5935748	11859598	0	23.147	22.862	-	-
B-c10-gz-t48	gz	48	SRR5935746	11012615	0	21.567	21.311	-	-
B-c10-gz-t48	gz	48	SRR5935740	10532910	0	20.511	20.208	-	-
B-c10-gz-t48	gz	48	SRR5935745	10492437	0	21.056	20.792	-	-
B-c10-gz-t48	gz	48	SRR5935747	3036382	0	6.343	6.116	-	-
B-c10-gz-t48	gz	48	SRR5935743	201473	0	0.883	0.746	-	-
B-c10-gz-p10-t8	gz	8	SRR5935743	201473	0	0.876	0.759	-	-
B-c10-gz-p10-t8	gz	8	SRR5935747	3036382	0	6.352	6.157	-	-
B-c10-gz-p10-t8	gz	8	SRR5935740	10532910	0	20.596	20.335	-	-
B-c10-gz-p10-t8	gz	8	SRR5935745	10492437	0	21.003	20.783	-	-
B-c10-gz-p10-t8	gz	8	SRR5935746	11012615	0	21.521	21.303	-	-
B-c10-gz-p10-t8	gz	8	SRR5935748	11859598	0	23.158	22.917	-	-
B-c10-gz-p10-t8	gz	8	SRR5935742	12325847	0	23.770	23.552	-	-
B-c10-gz-p10-t8	gz	8	SRR5935744	15328347	0	30.268	30.068	-	-
B-c10-gz-p10-t8	gz	8	SRR5935741	16518263	0	32.553	32.347	-	-
B-c10-gz-p10-t8	gz	8	SRR5935749	18879904	0	36.856	36.614	-	-
ref2-fq-t96	fq	96	SRR5935740	10532910	0	2.311	1.992	-	-
C-c100-fq-t96	fq	96	SRR5935740	10532910	0	2.298	1.98	"""4e2ab1d7a88e35afe6d099cbc240bb51-113"""	"""9e77a18e2022d006fc9024d8ae2c97c8"""
C-c100-fq-t48	fq	48	SRR5935740	10532910	0	2.261	1.958	-	-
C-c100-fq-t192	fq	192	SRR5935740	10532910	0	2.711	2.378	-	-
C-c100-fq-t96	fq	96	SRR5935741	16518263	0	2.990	2.719	"""8f29e14b459aa1b7cc3bf29b28b68165-165"""	"""8c2722cfe7574eb5219ab6d849514f9b"""
C-c100-fq-t48	fq	48	SRR5935741	16518263	0	2.883	2.631	-	-
C-c100-fq-t192	fq	192	SRR5935741	16518263	0	3.407	3.116	-	-
C-c100-fq-t96	fq	96	SRR5935742	12325847	0	2.485	2.199	"""f2b90253aa5c4a188a22d643fb66eebc-131"""	"""d7c9bad251ee369653e8e3823602dfd0"""
C-c100-fq-t48	fq	48	SRR5935742	12325847	0	2.389	2.125	-	-
C-c100-fq-t192	fq	192	SRR5935742	12325847	0	2.884	2.584	-	-
C-c100-fq-t96	fq	96	SRR5935743	201473	0	0.638	0.501	"""3f24957a9b308e26172eb7a808e01346-4"""	"""ae3289f5c0880fc94d9f62da416a086f"""
C-c100-fq-t48	fq	48	SRR5935743	201473	0	0.636	0.499	-	-
C-c100-fq-t192	fq	192	SRR5935743	201473	0	0.654	0.516	-	-
C-c100-fq-t96	fq	96	SRR5935744	15328347	0	2.837	2.567	"""3c3fb69ad8b689e1efd3d8adb880f58e-168"""	"""c5e5623615e146884c46f09111cfa0ca"""
C-c100-fq-t48	fq	48	SRR5935744	15328347	0	2.828	2.581	-	-
C-c100-fq-t192	fq	192	SRR5935744	15328347	0	3.295	3.009	-	-
C-c100-fq-t96	fq	96	SRR5935745	10492437	0	2.213	1.937	"""441d325e355b09f876f8876b7306713a-108"""	"""c57f515bef466ea1b4be9363ca968ff2"""
C-c100-fq-t48	fq	48	SRR5935745	10492437	0	2.144	1.881	-	-
C-c100-fq-t192	fq	192	SRR5935745	10492437	0	2.640	2.343	-	-
C-c100-fq-t96	fq	96	SRR5935746	11012615	0	2.279	1.999	"""35e0c45bb00f779a17aefd93b655cef9-108"""	"""c2d0907cdc798c74cd9b7432ae253c8d"""
C-c100-fq-t48	fq	48	SRR5935746	11012615	0	2.157	1.898	-	-
C-c100-fq-t192	fq	192	SRR5935746	11012615	0	2.703	2.406	-	-
C-c100-fq-t96	fq	96	SRR5935747	3036382	0	1.272	1.034	"""86f01180a9c2b9845e4dd4f17b67859d-36"""	"""6ac37cd5495698de8647f6e67ebdf560"""
C-c100-fq-t48	fq	48	SRR5935747	3036382	0	1.059	0.837	-	-
C-c100-fq-t192	fq	192	SRR5935747	3036382	0	1.308	1.066	-	-
C-c100-fq-t96	fq	96	SRR5935748	11859598	0	2.475	2.168	"""863bd56588b3cade48972eae5ed2a721-137"""	"""0e69c65c26dcff28c5e8e7c1c5465571"""
C-c100-fq-t48	fq	48	SRR5935748	11859598	0	2.488	2.197	-	-
C-c100-fq-t192	fq	192	SRR5935748	11859598	0	2.955	2.642	-	-
C-c100-fq-t96	fq	96	SRR5935749	18879904	0	3.290	3.0	"""33bab253dafe240c14572741c58c41f2-187"""	"""f819b582c7d0d9de1f6b13dcfe48ce28"""
C-c100-fq-t48	fq	48	SRR5935749	18879904	0	3.198	2.933	-	-
C-c100-fq-t192	fq	192	SRR5935749	18879904	0	3.715	3.412	-	-
C-c100-fq-t96	fq	96	SRR5935750	6552107	0	1.695	1.466	"""d96f1380d23a6f9c4fa95ca95786a7c4-77"""	"""385819165f4aac144c53d67576205aca"""
C-c100-fq-t48	fq	48	SRR5935750	6552107	0	1.552	1.325	-	-
C-c100-fq-t192	fq	192	SRR5935750	6552107	0	2.216	1.964	-	-
C-c100-fq-t96	fq	96	SRR5935751	18645445	0	3.240	2.954	"""455285249c6fd431d18ea5e325c2c063-175"""	"""1aa18848401149c337687df94a097505"""
C-c100-fq-t48	fq	48	SRR5935751	18645445	0	3.066	2.804	-	-
C-c100-fq-t192	fq	192	SRR5935751	18645445	0	3.679	3.374	-	-
C-c100-fq-t96	fq	96	SRR5935752	14298074	0	2.650	2.416	"""c900c6089a10b3d05527cd9f4daba664-134"""	"""4698d588c54166d9aaada2fad1cf1689"""
C-c100-fq-t48	fq	48	SRR5935752	14298074	0	2.442	2.23	-	-
C-c100-fq-t192	fq	192	SRR5935752	14298074	0	3.080	2.839	-	-
C-c100-fq-t96	fq	96	SRR5935753	14164085	0	2.689	2.4	"""c96ba7b6ed8b7f0a4f47bd06541c7396-145"""	"""7ca79f400e631fe9c8e4ee48ac7c908c"""
C-c100-fq-t48	fq	48	SRR5935753	14164085	0	2.608	2.342	-	-
C-c100-fq-t192	fq	192	SRR5935753	14164085	0	3.097	2.785	-	-
C-c100-fq-t96	fq	96	SRR5935754	10479816	0	2.257	1.96	"""cba36ff22fe47595711ebfea36ce5c9b-109"""	"""1f1509568034e3e226de9e5bb8f57aeb"""
C-c100-fq-t48	fq	48	SRR5935754	10479816	0	2.170	1.894	-	-
C-c100-fq-t192	fq	192	SRR5935754	10479816	0	2.678	2.364	-	-
C-c100-fq-t96	fq	96	SRR5935755	6071697	0	1.686	1.402	"""510a400c6ab9d971f02f23e485a372e4-59"""	"""c448c146cc049545dd5511c35a8d2caa"""
C-c100-fq-t48	fq	48	SRR5935755	6071697	0	1.520	1.244	-	-
C-c100-fq-t192	fq	192	SRR5935755	6071697	0	2.086	1.786	-	-
C-c100-fq-t96	fq	96	SRR5935756	16053448	0	2.936	2.641	"""e725bd16e114bec0a8b147f47e3c8e43-161"""	"""0fd72970d1029a408f8a69d8b5b8b577"""
C-c100-fq-t48	fq	48	SRR5935756	16053448	0	2.890	2.619	-	-
C-c100-fq-t192	fq	192	SRR5935756	16053448	0	3.392	3.082	-	-
C-c100-fq-t96	fq	96	SRR5935757	16286650	0	3.000	2.701	"""e26c66232d3b9350509fa7a6709fc397-189"""	"""4daa4588faaccbc4bda5e5c07bd3ae6a"""
C-c100-fq-t48	fq	48	SRR5935757	16286650	0	3.042	2.762	-	-
C-c100-fq-t192	fq	192	SRR5935757	16286650	0	3.397	3.088	-	-
C-c100-fq-t96	fq	96	SRR5935758	8206591	0	1.886	1.649	"""11eedf0388d03028a264687a5b7d16f5-79"""	"""28e1d014f9b494550e804bfb9ab73f6b"""
C-c100-fq-t48	fq	48	SRR5935758	8206591	0	1.716	1.492	-	-
C-c100-fq-t192	fq	192	SRR5935758	8206591	0	2.300	2.043	-	-
C-c100-fq-t96	fq	96	SRR5935759	15312868	0	2.888	2.579	"""3ade6217d0729fcbf432c71852add2c3-178"""	"""4678bae6f78fc8f6184cad45f05345fd"""
C-c100-fq-t48	fq	48	SRR5935759	15312868	0	3.005	2.728	-	-
C-c100-fq-t192	fq	192	SRR5935759	15312868	0	3.273	2.974	-	-
C-c100-fq-t96	fq	96	SRR5935760	10834778	0	2.225	1.976	"""85db7e58525c5eed8349c611e58c43fb-107"""	"""46fde65478c0d0a936b47aa331abf441"""
C-c100-fq-t48	fq	48	SRR5935760	10834778	0	2.055	1.822	-	-
C-c100-fq-t192	fq	192	SRR5935760	10834778	0	2.640	2.378	-	-
C-c100-fq-t96	fq	96	SRR5935761	14191749	0	2.674	2.41	"""5cbcdf96b113b5f000417bf4c81808e8-134"""	"""40c3edf00c38c0bb966979875c57cbf0"""
C-c100-fq-t48	fq	48	SRR5935761	14191749	0	2.501	2.258	-	-
C-c100-fq-t192	fq	192	SRR5935761	14191749	0	3.105	2.829	-	-
C-c100-fq-t96	fq	96	SRR5935762	18129553	0	3.176	2.895	"""aa22dc7fcd663c17cf4190ce5f0b2951-185"""	"""3a99c71d3fec811b0d863cbdc203cfc6"""
C-c100-fq-t48	fq	48	SRR5935762	18129553	0	3.122	2.868	-	-
C-c100-fq-t192	fq	192	SRR5935762	18129553	0	3.597	3.299	-	-
C-c100-fq-t96	fq	96	SRR5935763	5174437	0	1.476	1.256	"""a1cc17c374ab92ab30d8d7402fefb834-57"""	"""e5bdcba7997615738598ddfc7767ad33"""
C-c100-fq-t48	fq	48	SRR5935763	5174437	0	1.319	1.11	-	-
C-c100-fq-t192	fq	192	SRR5935763	5174437	0	1.720	1.484	-	-
C-c100-fq-t96	fq	96	SRR5935764	11689489	0	2.390	2.112	"""39bc5c03c6d4385aa225c1fbf9c64cbe-126"""	"""82f7f4f45e36c5733005debd2d0deccd"""
C-c100-fq-t48	fq	48	SRR5935764	11689489	0	2.246	1.991	-	-
C-c100-fq-t192	fq	192	SRR5935764	11689489	0	2.798	2.504	-	-
C-c100-fq-t96	fq	96	SRR5935765	10590116	0	2.224	1.964	"""1feb2744116cf71a6d30e12bf84ea163-104"""	"""fc475b68432aae6b4ff15253f9a4cf5e"""
C-c100-fq-t48	fq	48	SRR5935765	10590116	0	2.036	1.789	-	-
C-c100-fq-t192	fq	192	SRR5935765	10590116	0	2.640	2.363	-	-
C-c100-fq-t96	fq	96	SRR5935766	14120624	0	2.675	2.4	"""46ec004fa7fad326fb2823f14779ad5e-143"""	"""be1271dfeebff8efdb070a33aa1c5d42"""
C-c100-fq-t48	fq	48	SRR5935766	14120624	0	2.606	2.352	-	-
C-c100-fq-t192	fq	192	SRR5935766	14120624	0	3.096	2.807	-	-
C-c100-fq-t96	fq	96	SRR5935767	5166420	0	1.538	1.289	"""60d081cbf30c4eeeb5cc60a85b1166ce-59"""	"""bf4e5698de26332ff1ef259b182f428c"""
C-c100-fq-t48	fq	48	SRR5935767	5166420	0	1.375	1.141	-	-
C-c100-fq-t192	fq	192	SRR5935767	5166420	0	1.839	1.586	-	-
C-c100-fq-t96	fq	96	SRR5935768	15746753	0	2.965	2.656	"""182fadb45a81c09e452b17e56c8e412b-169"""	"""464f2bcaf9559652181296ac0d110531"""
C-c100-fq-t48	fq	48	SRR5935768	15746753	0	2.996	2.718	-	-
C-c100-fq-t192	fq	192	SRR5935768	15746753	0	3.385	3.056	-	-
C-c100-fq-t96	fq	96	SRR5935769	11374148	0	2.369	2.085	"""86cc2f2ad088e288925fcd16fc7d1840-119"""	"""4b577b3001ba3308bd204d42bd61df59"""
C-c100-fq-t48	fq	48	SRR5935769	11374148	0	2.278	2.007	-	-
C-c100-fq-t192	fq	192	SRR5935769	11374148	0	2.784	2.482	-	-
C-c100-fq-t96	fq	96	SRR5935770	16180463	0	2.981	2.692	"""482bedbbf51074e0829640969f980674-178"""	"""717071ca941e140874e74d9dd6e1e9c8"""
C-c100-fq-t48	fq	48	SRR5935770	16180463	0	2.941	2.678	-	-
C-c100-fq-t192	fq	192	SRR5935770	16180463	0	3.395	3.084	-	-
C-c100-fq-t96	fq	96	SRR5935771	9230220	0	2.082	1.8	"""5bd4624f0baa5c525a3299706f14fee8-99"""	"""8701fedfacfa23eb2943f67f81310fc3"""
C-c100-fq-t48	fq	48	SRR5935771	9230220	0	1.974	1.703	-	-
C-c100-fq-t192	fq	192	SRR5935771	9230220	0	2.497	2.196	-	-
C-c100-fq-t96	fq	96	SRR5935772	15271512	0	2.854	2.553	"""a7f618852a94bc35334fe5b997e0fc26-155"""	"""df7fc5953ce1e817770866998c55765b"""
C-c100-fq-t48	fq	48	SRR5935772	15271512	0	2.785	2.507	-	-
C-c100-fq-t192	fq	192	SRR5935772	15271512	0	3.260	2.951	-	-
C-c100-fq-t96	fq	96	SRR5935773	20671571	0	3.532	3.251	"""e69b85a78eb4f006ca865e89843ee8ab-212"""	"""4bafbf04310f0e65af54098e7be4c9e5"""
C-c100-fq-t48	fq	48	SRR5935773	20671571	0	3.481	3.226	-	-
C-c100-fq-t192	fq	192	SRR5935773	20671571	0	3.951	3.652	-	-
C-c100-fq-t96	fq	96	SRR5935774	12252617	0	2.520	2.208	"""876b635c8e2c16fe4616613bd27a4e9e-134"""	"""374fbd66817070d92c160cbdf8d548f2"""
C-c100-fq-t48	fq	48	SRR5935774	12252617	0	2.546	2.25	-	-
C-c100-fq-t192	fq	192	SRR5935774	12252617	0	2.921	2.6	-	-
C-c100-fq-t96	fq	96	SRR5935775	13010149	0	2.496	2.255	"""2fec32271832f34f7265bc3a7185cada-125"""	"""e9462c8ee8a540cee05c1f908bde50b8"""
C-c100-fq-t48	fq	48	SRR5935775	13010149	0	2.319	2.096	-	-
C-c100-fq-t192	fq	192	SRR5935775	13010149	0	2.915	2.655	-	-
C-c100-fq-t96	fq	96	SRR5935776	3168882	0	1.223	1.025	"""c2adbcbf037ff45a0cc06dc5cf5d50a4-35"""	"""cfd4cdea3f050ea603703fd0f76cc58f"""
C-c100-fq-t48	fq	48	SRR5935776	3168882	0	1.025	0.835	-	-
C-c100-fq-t192	fq	192	SRR5935776	3168882	0	1.265	1.063	-	-
C-c100-fq-t96	fq	96	SRR5935777	8173049	0	1.909	1.678	"""b28d495546ec4bae727a213df16c1678-95"""	"""b5a778de88aba08b024be88d3c973d5c"""
C-c100-fq-t48	fq	48	SRR5935777	8173049	0	1.760	1.532	-	-
C-c100-fq-t192	fq	192	SRR5935777	8173049	0	2.327	2.072	-	-
C-c100-fq-t96	fq	96	SRR5935778	10554303	0	2.236	1.953	"""aa0f50fdd8619eb0bbddb58c0bae3a7e-106"""	"""2fb5abc9300dc603cc30ff035b9ffc79"""
C-c100-fq-t48	fq	48	SRR5935778	10554303	0	2.125	1.856	-	-
C-c100-fq-t192	fq	192	SRR5935778	10554303	0	2.654	2.355	-	-
C-c100-fq-t96	fq	96	SRR5935779	5948317	0	1.595	1.36	"""2ab5161579914f233c4c611d32bb6b96-59"""	"""ede35e08dc0e38c145ef798388434d4f"""
C-c100-fq-t48	fq	48	SRR5935779	5948317	0	1.436	1.215	-	-
C-c100-fq-t192	fq	192	SRR5935779	5948317	0	1.993	1.744	-	-
C-c100-fq-t96	fq	96	SRR5935780	10716528	0	2.232	1.975	"""58f2f1c5a4968d917ad3af4242f36a02-104"""	"""39a72b723039d717ab18ef19b247cf61"""
C-c100-fq-t48	fq	48	SRR5935780	10716528	0	2.078	1.836	-	-
C-c100-fq-t192	fq	192	SRR5935780	10716528	0	2.645	2.369	-	-
C-c100-fq-t96	fq	96	SRR5935781	8486948	0	1.939	1.68	"""d5edb2fd25fac242283c067da5c38666-93"""	"""c9e94a497b254a0d1a6823fa56de9c67"""
C-c100-fq-t48	fq	48	SRR5935781	8486948	0	1.816	1.577	-	-
C-c100-fq-t192	fq	192	SRR5935781	8486948	0	2.341	2.073	-	-
C-c100-fq-t96	fq	96	SRR5935782	10128070	0	2.137	1.894	"""9958de62d2851c034e9017780773663f-99"""	"""ee7946483bce1ef20e6a90306392bdb1"""
C-c100-fq-t48	fq	48	SRR5935782	10128070	0	1.979	1.749	-	-
C-c100-fq-t192	fq	192	SRR5935782	10128070	0	2.557	2.296	-	-
C-c100-fq-t96	fq	96	SRR5935783	2565282	0	1.068	0.874	"""bc4289ae0e04a011798e1e302dceca2f-30"""	"""51cde5f7e388d53785d016617ee59aed"""
C-c100-fq-t48	fq	48	SRR5935783	2565282	0	0.962	0.774	-	-
C-c100-fq-t192	fq	192	SRR5935783	2565282	0	1.101	0.901	-	-
C-c100-fq-t96	fq	96	SRR5935784	14800056	0	2.775	2.497	"""86500e810c118f02283cfa2c703e80db-155"""	"""fadcb36576b6193e03889c85ea7c380a"""
C-c100-fq-t48	fq	48	SRR5935784	14800056	0	2.674	2.42	-	-
C-c100-fq-t192	fq	192	SRR5935784	14800056	0	3.201	2.909	-	-
C-c100-fq-t96	fq	96	SRR5935785	13817496	0	2.708	2.415	"""97f14e7aa6e025f60aa75b1184c7f76a-159"""	"""dde4ebe25c01e0c237e180ed92bbec1d"""
C-c100-fq-t48	fq	48	SRR5935785	13817496	0	2.743	2.47	-	-
C-c100-fq-t192	fq	192	SRR5935785	13817496	0	3.112	2.779	-	-
C-c100-fq-t96	fq	96	SRR5935786	10054299	0	2.176	1.9	"""2f2d7f853f06a9f31dfdb61cc1e1225e-104"""	"""7fa145de6b29bfd3817994d2ab4522f1"""
C-c100-fq-t48	fq	48	SRR5935786	10054299	0	2.098	1.837	-	-
C-c100-fq-t192	fq	192	SRR5935786	10054299	0	2.592	2.298	-	-
C-c100-fq-t96	fq	96	SRR5935787	16351397	0	2.933	2.673	"""0d615a2ece74be38286f7b2967f0f867-158"""	"""4cbb04f99ffb94c62e906f3b27bb89a8"""
C-c100-fq-t48	fq	48	SRR5935787	16351397	0	2.810	2.573	-	-
C-c100-fq-t192	fq	192	SRR5935787	16351397	0	3.353	3.08	-	-
C-c100-fq-t96	fq	96	SRR5935788	11073410	0	2.297	2.033	"""b9d94a731a51ee68f14469b0f0abb674-120"""	"""393a1e3f8ea419ff25504dfd5e98de9b"""
C-c100-fq-t48	fq	48	SRR5935788	11073410	0	2.149	1.898	-	-
C-c100-fq-t192	fq	192	SRR5935788	11073410	0	2.711	2.427	-	-
C-c100-fq-t96	fq	96	SRR5935789	1513694	0	0.761	0.584	"""3db6aeb189b6d823539f71c1cf82894f-16"""	"""d4f3217421711465fdeb80f8afa6dcbd"""
C-c100-fq-t48	fq	48	SRR5935789	1513694	0	0.764	0.587	-	-
C-c100-fq-t192	fq	192	SRR5935789	1513694	0	0.778	0.598	-	-
C-c100-fq-t96	fq	96	SRR5935790	9202475	0	2.078	1.794	"""7b9aac5a82ff3d901c2083c149ee6d82-95"""	"""55e00bd1f2a23d180056db854f54051b"""
C-c100-fq-t48	fq	48	SRR5935790	9202475	0	1.978	1.707	-	-
C-c100-fq-t192	fq	192	SRR5935790	9202475	0	2.478	2.18	-	-
C-c100-fq-t96	fq	96	SRR5935791	10140194	0	2.099	1.879	"""5276b3abbaa6665d5f3eb155ed4c24b4-93"""	"""91d3a3f7bb769147e5c8419089f3e5c5"""
C-c100-fq-t48	fq	48	SRR5935791	10140194	0	1.945	1.739	-	-
C-c100-fq-t192	fq	192	SRR5935791	10140194	0	2.524	2.289	-	-
C-c100-fq-t96	fq	96	SRR5935792	11437813	0	2.340	2.072	"""684de63d556f2d26f5d7db58948ac4bd-110"""	"""0b64bbdecb16c98ba558fd070d4920bc"""
C-c100-fq-t48	fq	48	SRR5935792	11437813	0	2.173	1.921	-	-
C-c100-fq-t192	fq	192	SRR5935792	11437813	0	2.756	2.47	-	-
C-c100-fq-t96	fq	96	SRR5935793	1771479	0	0.937	0.689	"""c034cf6d4c04895266741b09da9ec66f-19"""	"""a99382ba4f949c390c974e93c719cbcb"""
C-c100-fq-t48	fq	48	SRR5935793	1771479	0	0.937	0.691	-	-
C-c100-fq-t192	fq	192	SRR5935793	1771479	0	0.947	0.698	-	-
C-c100-fq-t96	fq	96	SRR5935794	13404063	0	2.595	2.336	"""76e8c414b5221183fe8abbd2e4dae9a4-154"""	"""5b9366d916e66d3c8f92d46d61d3778f"""
C-c100-fq-t48	fq	48	SRR5935794	13404063	0	2.500	2.266	-	-
C-c100-fq-t192	fq	192	SRR5935794	13404063	0	3.003	2.731	-	-
C-c100-fq-t96	fq	96	SRR5935795	11924297	0	2.371	2.112	"""20f574737b44018702e88783b0f2580a-116"""	"""4aec6e24eb607f97aad2887e40c5415e"""
C-c100-fq-t48	fq	48	SRR5935795	11924297	0	2.220	1.977	-	-
C-c100-fq-t192	fq	192	SRR5935795	11924297	0	2.790	2.515	-	-
C-c100-fq-t96	fq	96	SRR5935796	14959235	0	2.884	2.56	"""a0fd1aeedeebee2912046d2434209a3f-172"""	"""5ac17446f8780e0aa084a35be78a52d5"""
C-c100-fq-t48	fq	48	SRR5935796	14959235	0	2.946	2.655	-	-
C-c100-fq-t192	fq	192	SRR5935796	14959235	0	3.274	2.95	-	-
C-c100-fq-t96	fq	96	SRR5935797	8439357	0	1.962	1.692	"""b33a30911bcdb17e3e17c3a255745715-88"""	"""96e5d615eaded085404f8fa1bb3ec800"""
C-c100-fq-t48	fq	48	SRR5935797	8439357	0	1.827	1.569	-	-
C-c100-fq-t192	fq	192	SRR5935797	8439357	0	2.379	2.09	-	-
C-c100-fq-t96	fq	96	SRR5935798	20086542	0	3.464	3.166	"""dfbbfb6c1733ee7d0957a41916fc4e96-215"""	"""13a72dbc2f31fc8f80e94d8623b5c0a1"""
C-c100-fq-t48	fq	48	SRR5935798	20086542	0	3.467	3.196	-	-
C-c100-fq-t192	fq	192	SRR5935798	20086542	0	3.889	3.568	-	-
C-c100-fq-t96	fq	96	SRR5935799	9090205	0	2.122	1.809	"""81273ab52501494863858c3743a487cf-96"""	"""e3b4e6e76758168dd447208b126ca365"""
C-c100-fq-t48	fq	48	SRR5935799	9090205	0	2.099	1.797	-	-
C-c100-fq-t192	fq	192	SRR5935799	9090205	0	2.543	2.209	-	-
C-c100-fq-t96	fq	96	SRR5935800	15080696	0	2.823	2.553	"""da80b17f48121a57b382f328bea20735-174"""	"""ef78abfdf39f50567becd1dd751880e7"""
C-c100-fq-t48	fq	48	SRR5935800	15080696	0	2.790	2.543	-	-
C-c100-fq-t192	fq	192	SRR5935800	15080696	0	3.245	2.948	-	-
C-c100-fq-t96	fq	96	SRR5935801	13162386	0	2.593	2.298	"""a747982526b701fc90908bf536eba110-154"""	"""03a6f5dda116491f94e2a2475540ed76"""
C-c100-fq-t48	fq	48	SRR5935801	13162386	0	2.641	2.367	-	-
C-c100-fq-t192	fq	192	SRR5935801	13162386	0	2.987	2.69	-	-
C-c100-fq-t96	fq	96	SRR5935802	16720060	0	3.026	2.744	"""a418679cc9ed47334885ed2231de53b6-165"""	"""7ad8b4b888ee0e2dc2672a7f593a78b4"""
C-c100-fq-t48	fq	48	SRR5935802	16720060	0	2.881	2.622	-	-
C-c100-fq-t192	fq	192	SRR5935802	16720060	0	3.431	3.139	-	-
C-c100-fq-t96	fq	96	SRR5935803	18392491	0	3.223	2.949	"""c54bbcc90824952242bc626b6abca923-188"""	"""53156d5a11a00c85c64e259eb0df128d"""
C-c100-fq-t48	fq	48	SRR5935803	18392491	0	3.162	2.916	-	-
C-c100-fq-t192	fq	192	SRR5935803	18392491	0	3.638	3.346	-	-
C-c100-fq-t96	fq	96	SRR5935804	13253368	0	2.611	2.313	"""23695502da74903e9a8b838b39338fa6-139"""	"""58fcb528809be80f2f1ddfb71d850a33"""
C-c100-fq-t48	fq	48	SRR5935804	13253368	0	2.522	2.247	-	-
C-c100-fq-t192	fq	192	SRR5935804	13253368	0	3.018	2.706	-	-
C-c100-fq-t96	fq	96	SRR5935805	2823474	0	1.171	0.951	"""009d606c572950271aab2a79a1e09aa6-28"""	"""062e2384cc61372e4acecdd0046fe6aa"""
C-c100-fq-t48	fq	48	SRR5935805	2823474	0	0.998	0.787	-	-
C-c100-fq-t192	fq	192	SRR5935805	2823474	0	1.202	0.98	-	-
C-c100-fq-t96	fq	96	SRR5935806	14472574	0	2.722	2.443	"""77d70b11798631c7e6806b29e4ecbe27-155"""	"""c900ede3aeb90c3ba242cb0ea0fdb0c4"""
C-c100-fq-t48	fq	48	SRR5935806	14472574	0	2.730	2.471	-	-
C-c100-fq-t192	fq	192	SRR5935806	14472574	0	3.134	2.833	-	-
C-c100-fq-t96	fq	96	SRR5935807	16708997	0	3.090	2.764	"""c71ac44a903dea4a940b31e7e6aebc8f-167"""	"""ac67725096f4eb7d621e006ffd93e41d"""
C-c100-fq-t48	fq	48	SRR5935807	16708997	0	3.037	2.738	-	-
C-c100-fq-t192	fq	192	SRR5935807	16708997	0	3.504	3.16	-	-
C-c100-fq-t96	fq	96	SRR5935808	15500933	0	2.869	2.585	"""bf646bfd64837e501121f436932983ee-149"""	"""606b89a17229ee93b37fd0c330527980"""
C-c100-fq-t48	fq	48	SRR5935808	15500933	0	2.763	2.5	-	-
C-c100-fq-t192	fq	192	SRR5935808	15500933	0	3.295	2.998	-	-
C-c100-fq-t96	fq	96	SRR5935809	1539039	0	0.802	0.609	"""739df34281337ce5f6c03b96c9c1d1a9-16"""	"""7268edfcb09bf453d8073351cf2f13fd"""
C-c100-fq-t48	fq	48	SRR5935809	1539039	0	0.804	0.611	-	-
C-c100-fq-t192	fq	192	SRR5935809	1539039	0	0.813	0.618	-	-
C-c100-fq-t96	fq	96	SRR5935810	15280552	0	2.886	2.565	"""c09b90c34727be72a3f9668cc2ef6328-164"""	"""b7f1961258966a6cbcc92417bd45d501"""
C-c100-fq-t48	fq	48	SRR5935810	15280552	0	2.907	2.605	-	-
C-c100-fq-t192	fq	192	SRR5935810	15280552	0	3.301	2.957	-	-
C-c100-fq-t96	fq	96	SRR5935811	10067025	0	2.122	1.885	"""6a47dc023feb4952e546b38d72f1bfde-95"""	"""d44b6db0321e21436719bc4b1daa4949"""
C-c100-fq-t48	fq	48	SRR5935811	10067025	0	1.932	1.707	-	-
C-c100-fq-t192	fq	192	SRR5935811	10067025	0	2.535	2.278	-	-
C-c100-fq-t96	fq	96	SRR5935812	9108174	0	2.025	1.768	"""76c6596f3fdc2f5416e7b745018adb03-93"""	"""c2287bbc0ccde481dbb853a8b9da9a2c"""
C-c100-fq-t48	fq	48	SRR5935812	9108174	0	1.881	1.642	-	-
C-c100-fq-t192	fq	192	SRR5935812	9108174	0	2.422	2.152	-	-
C-c100-fq-t96	fq	96	SRR5935813	16980616	0	3.078	2.776	"""bbdb9690bda9aeac070d2e70cbc221d7-177"""	"""8217230b3893abfea3cb8dfbef933266"""
C-c100-fq-t48	fq	48	SRR5935813	16980616	0	3.069	2.788	-	-
C-c100-fq-t192	fq	192	SRR5935813	16980616	0	3.494	3.169	-	-
C-c100-fq-t96	fq	96	SRR5935814	5072545	0	1.493	1.273	"""2c8ad4581d0489d648937d04e1459784-53"""	"""20347bda3784cb4a40ac7148ca3c6c41"""
C-c100-fq-t48	fq	48	SRR5935814	5072545	0	1.317	1.106	-	-
C-c100-fq-t192	fq	192	SRR5935814	5072545	0	1.805	1.572	-	-
C-c100-fq-t96	fq	96	SRR5935815	7153468	0	1.805	1.549	"""b4baabb4558da0d53d8085e35eca0d0f-76"""	"""f4deb3ca518891196dea205aeeb62a11"""
C-c100-fq-t48	fq	48	SRR5935815	7153468	0	1.654	1.413	-	-
C-c100-fq-t192	fq	192	SRR5935815	7153468	0	2.392	2.117	-	-
C-c100-fq-t96	fq	96	SRR5935816	12244248	0	2.413	2.157	"""69860e2c0cdef9bb846ae2e77e99ad84-125"""	"""ea93e46c6099cc42bd55c3837a25304a"""
C-c100-fq-t48	fq	48	SRR5935816	12244248	0	2.314	2.079	-	-
C-c100-fq-t192	fq	192	SRR5935816	12244248	0	2.843	2.567	-	-
C-c100-fq-t96	fq	96	SRR5935817	14261195	0	2.695	2.418	"""fd82fdd6a407972b4e7695b1aa826a43-146"""	"""423851cd60b12a8aa018804fd25a9fcf"""
C-c100-fq-t48	fq	48	SRR5935817	14261195	0	2.615	2.361	-	-
C-c100-fq-t192	fq	192	SRR5935817	14261195	0	3.111	2.819	-	-
C-c100-fq-t96	fq	96	SRR5935818	8877621	0	2.031	1.762	"""3519418fd677d3bf384a82dcb6930236-105"""	"""ab339c03588d82b249ea8d91f7ce2b4c"""
C-c100-fq-t48	fq	48	SRR5935818	8877621	0	1.996	1.737	-	-
C-c100-fq-t192	fq	192	SRR5935818	8877621	0	2.440	2.155	-	-
C-c100-fq-t96	fq	96	SRR5935819	10896278	0	2.215	1.976	"""94a2f9b519bab5c5af50811c92539c41-105"""	"""b99ad2cc96deb25a6304005bf32847ce"""
C-c100-fq-t48	fq	48	SRR5935819	10896278	0	2.063	1.834	-	-
C-c100-fq-t192	fq	192	SRR5935819	10896278	0	2.635	2.375	-	-
C-c100-fq-t96	fq	96	SRR5935820	12062510	0	2.461	2.154	"""44bcc526c175a5c26ec18e73d068944f-120"""	"""51ad85926cd050a1371ec579a85159ec"""
C-c100-fq-t48	fq	48	SRR5935820	12062510	0	2.372	2.079	-	-
C-c100-fq-t192	fq	192	SRR5935820	12062510	0	2.875	2.55	-	-
C-c100-fq-t96	fq	96	SRR5935821	297656	0	0.599	0.455	"""a7e7ce8623e7f481f9ad4d589ecdfc1d-5"""	"""a740c7e12b5011b5d37eaabebe8c61d9"""
C-c100-fq-t48	fq	48	SRR5935821	297656	0	0.592	0.446	-	-
C-c100-fq-t192	fq	192	SRR5935821	297656	0	0.607	0.461	-	-
C-c100-fq-t96	fq	96	SRR5935822	13365245	0	2.562	2.302	"""04561c6c13415d6809e9eea55babca81-131"""	"""859d2f5908d2a2707b104404b8fdae1f"""
C-c100-fq-t48	fq	48	SRR5935822	13365245	0	2.406	2.168	-	-
C-c100-fq-t192	fq	192	SRR5935822	13365245	0	2.977	2.706	-	-
C-c100-fq-t96	fq	96	SRR5935823	20770968	0	3.486	3.231	"""71870dee4614ad5fec1b2ff159afe31c-213"""	"""848fce06d14305c62ea8d89362e9c8db"""
C-c100-fq-t48	fq	48	SRR5935823	20770968	0	3.382	3.155	-	-
C-c100-fq-t192	fq	192	SRR5935823	20770968	0	3.927	3.649	-	-
C-c100-fq-t96	fq	96	SRR5935824	8745078	0	1.976	1.726	"""efb2bc93b037c527aaacfc22a87b88ec-88"""	"""8b134a589c8702fed69a9edfdcb55203"""
C-c100-fq-t48	fq	48	SRR5935824	8745078	0	1.841	1.606	-	-
C-c100-fq-t192	fq	192	SRR5935824	8745078	0	2.393	2.121	-	-
C-c100-fq-t96	fq	96	SRR5935825	11458367	0	2.423	2.103	"""f3a3b9e4b1881167cdfe40454f127b56-124"""	"""90e3d7112c2926d4002181bc1e9886ef"""
C-c100-fq-t48	fq	48	SRR5935825	11458367	0	2.458	2.156	-	-
C-c100-fq-t192	fq	192	SRR5935825	11458367	0	2.834	2.497	-	-
C-c100-fq-t96	fq	96	SRR5935826	8766123	0	1.974	1.73	"""ac6d02c9e85661dd484c1d8d11f4b837-83"""	"""577cf71c6703445ac041f36a255e2c13"""
C-c100-fq-t48	fq	48	SRR5935826	8766123	0	1.769	1.542	-	-
C-c100-fq-t192	fq	192	SRR5935826	8766123	0	2.376	2.116	-	-
C-c100-fq-t96	fq	96	SRR5935827	16260968	0	2.952	2.668	"""246cdc6467208acc081a0afafa84d91c-159"""	"""d6b9783aecfcc41b6e3289808b95091d"""
C-c100-fq-t48	fq	48	SRR5935827	16260968	0	2.814	2.56	-	-
C-c100-fq-t192	fq	192	SRR5935827	16260968	0	3.375	3.072	-	-
C-c100-fq-t96	fq	96	SRR5935828	8326050	0	1.943	1.683	"""87282d9b53f7b658c10141eb0ae33fb2-94"""	"""4838944dd971db3fdce7085707880dca"""
C-c100-fq-t48	fq	48	SRR5935828	8326050	0	1.825	1.578	-	-
C-c100-fq-t192	fq	192	SRR5935828	8326050	0	2.345	2.073	-	-
C-c100-fq-t96	fq	96	SRR5935829	11220767	0	2.337	2.047	"""baacdebdc2ddf04e03fe1e92a3eb05e4-118"""	"""a61b1baaaf04f11e0dab86711231bd45"""
C-c100-fq-t48	fq	48	SRR5935829	11220767	0	2.276	2.003	-	-
C-c100-fq-t192	fq	192	SRR5935829	11220767	0	2.748	2.446	-	-
C-c100-fq-t96	fq	96	SRR5935830	14303962	0	2.718	2.437	"""35ee6e46b308d9de799d7da9bdc99988-140"""	"""967869370444b4839ed057a32ad26279"""
C-c100-fq-t48	fq	48	SRR5935830	14303962	0	2.554	2.294	-	-
C-c100-fq-t192	fq	192	SRR5935830	14303962	0	3.138	2.848	-	-
C-c100-fq-t96	fq	96	SRR5935831	12793053	0	2.503	2.249	"""301e8e23f71855f6097769d267b9eba5-150"""	"""29460227920af2a4e73b054bcd93976f"""
C-c100-fq-t48	fq	48	SRR5935831	12793053	0	2.398	2.165	-	-
C-c100-fq-t192	fq	192	SRR5935831	12793053	0	2.901	2.63	-	-
C-c100-fq-t96	fq	96	SRR5935832	6882441	0	1.760	1.502	"""7e50715ff3d03fd0e72a9834dd2c5c6f-80"""	"""1c0f42ae966ee177c6465c54e097036a"""
C-c100-fq-t48	fq	48	SRR5935832	6882441	0	1.622	1.371	-	-
C-c100-fq-t192	fq	192	SRR5935832	6882441	0	2.304	2.023	-	-
C-c100-fq-t96	fq	96	SRR5935833	12711109	0	2.551	2.237	"""d49aa0e22070c75b8e6d330b2b2a86fe-135"""	"""403c37180239a0a00eb2f58849dce278"""
C-c100-fq-t48	fq	48	SRR5935833	12711109	0	2.537	2.245	-	-
C-c100-fq-t192	fq	192	SRR5935833	12711109	0	2.963	2.627	-	-
C-c100-fq-t96	fq	96	SRR5935834	12610038	0	2.519	2.238	"""939d0fee7a0487a914b1722d79c515c2-142"""	"""61bda3976eeab6220904dd0f1ca61ddb"""
C-c100-fq-t48	fq	48	SRR5935834	12610038	0	2.435	2.177	-	-
C-c100-fq-t192	fq	192	SRR5935834	12610038	0	2.931	2.631	-	-
C-c100-fq-t96	fq	96	SRR5935835	1341509	0	0.750	0.573	"""30131896f42887e36cce9af0cf88a780-15"""	"""5a3dfda045b92d9fac5946add91c382a"""
C-c100-fq-t48	fq	48	SRR5935835	1341509	0	0.745	0.571	-	-
C-c100-fq-t192	fq	192	SRR5935835	1341509	0	0.755	0.579	-	-
C-c100-fq-t96	fq	96	SRR5935836	7326365	0	1.807	1.564	"""1e133da6f9f3a20253bf2e8de465b348-89"""	"""272097962c8c042ccb81b56046430dd7"""
C-c100-fq-t48	fq	48	SRR5935836	7326365	0	1.687	1.445	-	-
C-c100-fq-t192	fq	192	SRR5935836	7326365	0	2.415	2.139	-	-
C-c100-fq-t96	fq	96	SRR5935837	9337913	0	2.087	1.811	"""c975c76db53daa25f611c1d5f367b1b1-96"""	"""7687da93f3ac5ada1b22aabb9391f193"""
C-c100-fq-t48	fq	48	SRR5935837	9337913	0	1.937	1.677	-	-
C-c100-fq-t192	fq	192	SRR5935837	9337913	0	2.502	2.211	-	-
C-c100-fq-t96	fq	96	SRR5935838	14615323	0	2.723	2.465	"""82cd6ecdffba58b726395de89facd256-148"""	"""3358c0c2d7f695d3b3196362cd0f8462"""
C-c100-fq-t48	fq	48	SRR5935838	14615323	0	2.608	2.369	-	-
C-c100-fq-t192	fq	192	SRR5935838	14615323	0	3.148	2.873	-	-
C-c100-fq-t96	fq	96	SRR5935839	1085628	0	0.693	0.518	"""ddf7b069b57861a6f9884faf3d4d9529-13"""	"""90aeebe0ce8d8feeb140b7df354fa50a"""
C-c100-fq-t48	fq	48	SRR5935839	1085628	0	0.689	0.512	-	-
C-c100-fq-t192	fq	192	SRR5935839	1085628	0	0.708	0.53	-	-
C-c100-gz-p12-t8	gz	8	SRR5935807	16708997	0	31.877	31.618	-	-
C-c100-gz-p12-t8	gz	8	SRR5935787	16351397	0	32.227	32.033	-	-
C-c100-gz-p12-t8	gz	8	SRR5935802	16720060	0	32.529	32.314	-	-
C-c100-gz-p12-t8	gz	8	SRR5935741	16518263	0	32.548	32.339	-	-
C-c100-gz-p12-t8	gz	8	SRR5935813	16980616	0	33.254	33.022	-	-
C-c100-gz-p12-t8	gz	8	SRR5935762	18129553	0	35.625	35.417	-	-
C-c100-gz-p12-t8	gz	8	SRR5935803	18392491	0	35.802	35.598	-	-
C-c100-gz-p12-t8	gz	8	SRR5935751	18645445	0	36.017	35.8	-	-
C-c100-gz-p12-t8	gz	8	SRR5935749	18879904	0	36.842	36.617	-	-
C-c100-gz-p12-t8	gz	8	SRR5935798	20086542	0	38.843	38.614	-	-
C-c100-gz-p12-t8	gz	8	SRR5935773	20671571	0	40.467	40.26	-	-
C-c100-gz-p12-t8	gz	8	SRR5935823	20770968	0	40.590	40.407	-	-
C-c100-gz-p12-t8	gz	8	SRR5935768	15746753	0	30.566	30.33	-	-
C-c100-gz-p12-t8	gz	8	SRR5935770	16180463	0	31.980	31.757	-	-
C-c100-gz-p12-t8	gz	8	SRR5935756	16053448	0	31.422	31.19	-	-
C-c100-gz-p12-t8	gz	8	SRR5935757	16286650	0	31.801	31.568	-	-
C-c100-gz-p12-t8	gz	8	SRR5935827	16260968	0	31.602	31.39	-	-
C-c100-gz-p12-t8	gz	8	SRR5935759	15312868	0	29.867	29.636	-	-
C-c100-gz-p12-t8	gz	8	SRR5935744	15328347	0	30.136	29.934	-	-
C-c100-gz-p12-t8	gz	8	SRR5935808	15500933	0	30.369	30.149	-	-
C-c100-gz-p12-t8	gz	8	SRR5935810	15280552	0	30.023	29.767	-	-
C-c100-gz-p12-t8	gz	8	SRR5935772	15271512	0	30.070	29.839	-	-
C-c100-gz-p12-t8	gz	8	SRR5935796	14959235	0	28.900	28.65	-	-
C-c100-gz-p12-t8	gz	8	SRR5935800	15080696	0	29.708	29.507	-	-
C-c100-gz-p12-t8	gz	8	SRR5935830	14303962	0	27.636	27.421	-	-
C-c100-gz-p12-t8	gz	8	SRR5935752	14298074	0	28.051	27.879	-	-
C-c100-gz-p12-t8	gz	8	SRR5935838	14615323	0	28.553	28.356	-	-
C-c100-gz-p12-t8	gz	8	SRR5935806	14472574	0	28.834	28.618	-	-
C-c100-gz-p12-t8	gz	8	SRR5935784	14800056	0	29.028	28.817	-	-
C-c100-gz-p12-t8	gz	8	SRR5935753	14164085	0	27.673	27.448	-	-
C-c100-gz-p12-t8	gz	8	SRR5935761	14191749	0	27.719	27.517	-	-
C-c100-gz-p12-t8	gz	8	SRR5935817	14261195	0	27.899	27.69	-	-
C-c100-gz-p12-t8	gz	8	SRR5935766	14120624	0	27.910	27.7	-	-
C-c100-gz-p12-t8	gz	8	SRR5935794	13404063	0	26.056	25.869	-	-
C-c100-gz-p12-t8	gz	8	SRR5935785	13817496	0	27.052	26.821	-	-
C-c100-gz-p12-t8	gz	8	SRR5935822	13365245	0	26.079	25.882	-	-
C-c100-gz-p12-t8	gz	8	SRR5935774	12252617	0	23.456	23.205	-	-
C-c100-gz-p12-t8	gz	8	SRR5935831	12793053	0	24.766	24.578	-	-
C-c100-gz-p12-t8	gz	8	SRR5935804	13253368	0	25.543	25.308	-	-
C-c100-gz-p12-t8	gz	8	SRR5935742	12325847	0	23.846	23.624	-	-
C-c100-gz-p12-t8	gz	8	SRR5935801	13162386	0	25.976	25.744	-	-
C-c100-gz-p12-t8	gz	8	SRR5935775	13010149	0	25.190	25.008	-	-
C-c100-gz-p12-t8	gz	8	SRR5935833	12711109	0	25.268	25.019	-	-
C-c100-gz-p12-t8	gz	8	SRR5935834	12610038	0	24.596	24.382	-	-
C-c100-gz-p12-t8	gz	8	SRR5935795	11924297	0	23.203	23.004	-	-
C-c100-gz-p12-t8	gz	8	SRR5935816	12244248	0	24.283	24.09	-	-
C-c100-gz-p12-t8	gz	8	SRR5935748	11859598	0	23.211	22.967	-	-
C-c100-gz-p12-t8	gz	8	SRR5935820	12062510	0	23.428	23.177	-	-
C-c100-gz-p12-t8	gz	8	SRR5935746	11012615	0	21.630	21.409	-	-
C-c100-gz-p12-t8	gz	8	SRR5935829	11220767	0	21.896	21.667	-	-
C-c100-gz-p12-t8	gz	8	SRR5935765	10590116	0	20.620	20.408	-	-
C-c100-gz-p12-t8	gz	8	SRR5935788	11073410	0	21.554	21.345	-	-
C-c100-gz-p12-t8	gz	8	SRR5935792	11437813	0	22.006	21.797	-	-
C-c100-gz-p12-t8	gz	8	SRR5935764	11689489	0	22.630	22.415	-	-
C-c100-gz-p12-t8	gz	8	SRR5935760	10834778	0	20.877	20.684	-	-
C-c100-gz-p12-t8	gz	8	SRR5935769	11374148	0	22.002	21.774	-	-
C-c100-gz-p12-t8	gz	8	SRR5935819	10896278	0	21.529	21.341	-	-
C-c100-gz-p12-t8	gz	8	SRR5935780	10716528	0	21.104	20.902	-	-
C-c100-gz-p12-t8	gz	8	SRR5935778	10554303	0	21.078	20.851	-	-
C-c100-gz-p12-t8	gz	8	SRR5935825	11458367	0	22.445	22.181	-	-
C-c100-gz-p12-t8	gz	8	SRR5935837	9337913	0	17.973	17.753	-	-
C-c100-gz-p12-t8	gz	8	SRR5935771	9230220	0	17.994	17.767	-	-
C-c100-gz-p12-t8	gz	8	SRR5935799	9090205	0	17.769	17.504	-	-
C-c100-gz-p12-t8	gz	8	SRR5935812	9108174	0	17.944	17.744	-	-
C-c100-gz-p12-t8	gz	8	SRR5935790	9202475	0	18.124	17.897	-	-
C-c100-gz-p12-t8	gz	8	SRR5935782	10128070	0	20.168	19.975	-	-
C-c100-gz-p12-t8	gz	8	SRR5935745	10492437	0	21.113	20.889	-	-
C-c100-gz-p12-t8	gz	8	SRR5935791	10140194	0	20.440	20.273	-	-
C-c100-gz-p12-t8	gz	8	SRR5935786	10054299	0	19.952	19.732	-	-
C-c100-gz-p12-t8	gz	8	SRR5935754	10479816	0	20.347	20.109	-	-
C-c100-gz-p12-t8	gz	8	SRR5935811	10067025	0	19.677	19.49	-	-
C-c100-gz-p12-t8	gz	8	SRR5935740	10532910	0	20.675	20.413	-	-
C-c100-gz-p12-t8	gz	8	SRR5935832	6882441	0	13.341	13.126	-	-
C-c100-gz-p12-t8	gz	8	SRR5935750	6552107	0	12.992	12.807	-	-
C-c100-gz-p12-t8	gz	8	SRR5935836	7326365	0	14.290	14.085	-	-
C-c100-gz-p12-t8	gz	8	SRR5935797	8439357	0	16.749	16.532	-	-
C-c100-gz-p12-t8	gz	8	SRR5935826	8766123	0	17.067	16.875	-	-
C-c100-gz-p12-t8	gz	8	SRR5935815	7153468	0	14.378	14.174	-	-
C-c100-gz-p12-t8	gz	8	SRR5935824	8745078	0	17.328	17.125	-	-
C-c100-gz-p12-t8	gz	8	SRR5935777	8173049	0	15.868	15.679	-	-
C-c100-gz-p12-t8	gz	8	SRR5935818	8877621	0	17.677	17.45	-	-
C-c100-gz-p12-t8	gz	8	SRR5935781	8486948	0	17.163	16.963	-	-
C-c100-gz-p12-t8	gz	8	SRR5935828	8326050	0	16.379	16.173	-	-
C-c100-gz-p12-t8	gz	8	SRR5935758	8206591	0	16.255	16.065	-	-
C-c100-gz-p12-t8	gz	8	SRR5935789	1513694	0	3.216	3.068	-	-
C-c100-gz-p12-t8	gz	8	SRR5935793	1771479	0	3.950	3.729	-	-
C-c100-gz-p12-t8	gz	8	SRR5935809	1539039	0	3.505	3.339	-	-
C-c100-gz-p12-t8	gz	8	SRR5935805	2823474	0	5.924	5.74	-	-
C-c100-gz-p12-t8	gz	8	SRR5935776	3168882	0	6.564	6.399	-	-
C-c100-gz-p12-t8	gz	8	SRR5935821	297656	0	0.967	0.839	-	-
C-c100-gz-p12-t8	gz	8	SRR5935783	2565282	0	5.262	5.102	-	-
C-c100-gz-p12-t8	gz	8	SRR5935747	3036382	0	6.376	6.182	-	-
C-c100-gz-p12-t8	gz	8	SRR5935743	201473	0	0.884	0.764	-	-
C-c100-gz-p12-t8	gz	8	SRR5935835	1341509	0	3.072	2.924	-	-
C-c100-gz-p12-t8	gz	8	SRR5935839	1085628	0	2.556	2.406	-	-
C-c100-gz-p12-t8	gz	8	SRR5935763	5174437	0	10.506	10.329	-	-
C-c100-gz-p12-t8	gz	8	SRR5935779	5948317	0	11.862	11.675	-	-
C-c100-gz-p12-t8	gz	8	SRR5935767	5166420	0	10.349	10.148	-	-
C-c100-gz-p12-t8	gz	8	SRR5935755	6071697	0	11.833	11.59	-	-
C-c100-gz-p12-t8	gz	8	SRR5935814	5072545	0	10.299	10.102	-	-
C-c100-gz-p24-t4	gz	4	SRR5935772	15271512	0	34.751	34.445	-	-
C-c100-gz-p24-t4	gz	4	SRR5935808	15500933	0	34.995	34.773	-	-
C-c100-gz-p24-t4	gz	4	SRR5935800	15080696	0	35.151	34.937	-	-
C-c100-gz-p24-t4	gz	4	SRR5935827	16260968	0	35.859	35.63	-	-
C-c100-gz-p24-t4	gz	4	SRR5935796	14959235	0	36.011	35.76	-	-
C-c100-gz-p24-t4	gz	4	SRR5935744	15328347	0	36.093	35.892	-	-
C-c100-gz-p24-t4	gz	4	SRR5935810	15280552	0	36.206	35.952	-	-
C-c100-gz-p24-t4	gz	4	SRR5935787	16351397	0	36.267	36.065	-	-
C-c100-gz-p24-t4	gz	4	SRR5935756	16053448	0	36.580	36.349	-	-
C-c100-gz-p24-t4	gz	4	SRR5935741	16518263	0	36.810	36.6	-	-
C-c100-gz-p24-t4	gz	4	SRR5935802	16720060	0	36.981	36.764	-	-
C-c100-gz-p24-t4	gz	4	SRR5935768	15746753	0	37.595	37.362	-	-
C-c100-gz-p24-t4	gz	4	SRR5935759	15312868	0	37.880	37.652	-	-
C-c100-gz-p24-t4	gz	4	SRR5935770	16180463	0	37.940	37.719	-	-
C-c100-gz-p24-t4	gz	4	SRR5935807	16708997	0	38.000	37.746	-	-
C-c100-gz-p24-t4	gz	4	SRR5935757	16286650	0	38.463	38.214	-	-
C-c100-gz-p24-t4	gz	4	SRR5935813	16980616	0	39.253	39.019	-	-
C-c100-gz-p24-t4	gz	4	SRR5935751	18645445	0	40.689	40.463	-	-
C-c100-gz-p24-t4	gz	4	SRR5935762	18129553	0	40.945	40.735	-	-
C-c100-gz-p24-t4	gz	4	SRR5935803	18392491	0	41.839	41.635	-	-
C-c100-gz-p24-t4	gz	4	SRR5935749	18879904	0	41.900	41.677	-	-
C-c100-gz-p24-t4	gz	4	SRR5935798	20086542	0	45.538	45.309	-	-
C-c100-gz-p24-t4	gz	4	SRR5935823	20770968	0	45.580	45.39	-	-
C-c100-gz-p24-t4	gz	4	SRR5935773	20671571	0	46.604	46.393	-	-
C-c100-gz-p24-t4	gz	4	SRR5935831	12793053	0	29.327	29.14	-	-
C-c100-gz-p24-t4	gz	4	SRR5935761	14191749	0	31.339	31.135	-	-
C-c100-gz-p24-t4	gz	4	SRR5935804	13253368	0	30.242	30.011	-	-
C-c100-gz-p24-t4	gz	4	SRR5935775	13010149	0	28.538	28.354	-	-
C-c100-gz-p24-t4	gz	4	SRR5935794	13404063	0	30.965	30.771	-	-
C-c100-gz-p24-t4	gz	4	SRR5935830	14303962	0	31.447	31.231	-	-
C-c100-gz-p24-t4	gz	4	SRR5935838	14615323	0	32.861	32.664	-	-
C-c100-gz-p24-t4	gz	4	SRR5935822	13365245	0	29.560	29.363	-	-
C-c100-gz-p24-t4	gz	4	SRR5935817	14261195	0	32.470	32.257	-	-
C-c100-gz-p24-t4	gz	4	SRR5935752	14298074	0	30.874	30.703	-	-
C-c100-gz-p24-t4	gz	4	SRR5935801	13162386	0	32.139	31.908	-	-
C-c100-gz-p24-t4	gz	4	SRR5935806	14472574	0	34.267	34.053	-	-
C-c100-gz-p24-t4	gz	4	SRR5935766	14120624	0	32.523	32.312	-	-
C-c100-gz-p24-t4	gz	4	SRR5935784	14800056	0	33.465	33.252	-	-
C-c100-gz-p24-t4	gz	4	SRR5935833	12711109	0	30.407	30.159	-	-
C-c100-gz-p24-t4	gz	4	SRR5935816	12244248	0	27.959	27.766	-	-
C-c100-gz-p24-t4	gz	4	SRR5935742	12325847	0	28.384	28.162	-	-
C-c100-gz-p24-t4	gz	4	SRR5935753	14164085	0	32.746	32.523	-	-
C-c100-gz-p24-t4	gz	4	SRR5935834	12610038	0	29.442	29.227	-	-
C-c100-gz-p24-t4	gz	4	SRR5935774	12252617	0	29.983	29.731	-	-
C-c100-gz-p24-t4	gz	4	SRR5935785	13817496	0	33.717	33.476	-	-
C-c100-gz-p24-t4	gz	4	SRR5935795	11924297	0	26.497	26.295	-	-
C-c100-gz-p24-t4	gz	4	SRR5935820	12062510	0	27.749	27.467	-	-
C-c100-gz-p24-t4	gz	4	SRR5935748	11859598	0	29.053	28.8	-	-
C-c100-gz-p24-t4	gz	4	SRR5935780	10716528	0	24.033	23.828	-	-
C-c100-gz-p24-t4	gz	4	SRR5935778	10554303	0	24.197	23.966	-	-
C-c100-gz-p24-t4	gz	4	SRR5935771	9230220	0	21.528	21.295	-	-
C-c100-gz-p24-t4	gz	4	SRR5935765	10590116	0	23.415	23.204	-	-
C-c100-gz-p24-t4	gz	4	SRR5935837	9337913	0	21.237	21.008	-	-
C-c100-gz-p24-t4	gz	4	SRR5935746	11012615	0	25.166	24.944	-	-
C-c100-gz-p24-t4	gz	4	SRR5935811	10067025	0	22.108	21.921	-	-
C-c100-gz-p24-t4	gz	4	SRR5935782	10128070	0	23.305	23.114	-	-
C-c100-gz-p24-t4	gz	4	SRR5935764	11689489	0	26.218	26.003	-	-
C-c100-gz-p24-t4	gz	4	SRR5935769	11374148	0	26.152	25.924	-	-
C-c100-gz-p24-t4	gz	4	SRR5935788	11073410	0	25.136	24.924	-	-
C-c100-gz-p24-t4	gz	4	SRR5935760	10834778	0	23.588	23.396	-	-
C-c100-gz-p24-t4	gz	4	SRR5935819	10896278	0	24.404	24.215	-	-
C-c100-gz-p24-t4	gz	4	SRR5935792	11437813	0	25.138	24.928	-	-
C-c100-gz-p24-t4	gz	4	SRR5935812	9108174	0	20.963	20.762	-	-
C-c100-gz-p24-t4	gz	4	SRR5935786	10054299	0	23.815	23.594	-	-
C-c100-gz-p24-t4	gz	4	SRR5935745	10492437	0	24.907	24.681	-	-
C-c100-gz-p24-t4	gz	4	SRR5935791	10140194	0	22.937	22.767	-	-
C-c100-gz-p24-t4	gz	4	SRR5935740	10532910	0	25.680	25.417	-	-
C-c100-gz-p24-t4	gz	4	SRR5935754	10479816	0	24.533	24.295	-	-
C-c100-gz-p24-t4	gz	4	SRR5935829	11220767	0	26.132	25.9	-	-
C-c100-gz-p24-t4	gz	4	SRR5935790	9202475	0	21.741	21.507	-	-
C-c100-gz-p24-t4	gz	4	SRR5935825	11458367	0	28.287	28.025	-	-
C-c100-gz-p24-t4	gz	4	SRR5935799	9090205	0	22.930	22.666	-	-
C-c100-gz-p24-t4	gz	4	SRR5935809	1539039	0	4.295	4.127	-	-
C-c100-gz-p24-t4	gz	4	SRR5935783	2565282	0	6.517	6.349	-	-
C-c100-gz-p24-t4	gz	4	SRR5935821	297656	0	1.412	1.286	-	-
C-c100-gz-p24-t4	gz	4	SRR5935793	1771479	0	5.087	4.869	-	-
C-c100-gz-p24-t4	gz	4	SRR5935776	3168882	0	7.838	7.674	-	-
C-c100-gz-p24-t4	gz	4	SRR5935743	201473	0	1.267	1.149	-	-
C-c100-gz-p24-t4	gz	4	SRR5935789	1513694	0	3.911	3.764	-	-
C-c100-gz-p24-t4	gz	4	SRR5935747	3036382	0	7.996	7.801	-	-
C-c100-gz-p24-t4	gz	4	SRR5935805	2823474	0	6.972	6.789	-	-
C-c100-gz-p24-t4	gz	4	SRR5935835	1341509	0	3.776	3.628	-	-
C-c100-gz-p24-t4	gz	4	SRR5935763	5174437	0	12.351	12.175	-	-
C-c100-gz-p24-t4	gz	4	SRR5935839	1085628	0	3.197	3.048	-	-
C-c100-gz-p24-t4	gz	4	SRR5935755	6071697	0	13.824	13.583	-	-
C-c100-gz-p24-t4	gz	4	SRR5935779	5948317	0	13.471	13.283	-	-
C-c100-gz-p24-t4	gz	4	SRR5935767	5166420	0	12.445	12.244	-	-
C-c100-gz-p24-t4	gz	4	SRR5935814	5072545	0	11.991	11.815	-	-
C-c100-gz-p24-t4	gz	4	SRR5935815	7153468	0	16.917	16.712	-	-
C-c100-gz-p24-t4	gz	4	SRR5935750	6552107	0	15.282	15.096	-	-
C-c100-gz-p24-t4	gz	4	SRR5935832	6882441	0	15.911	15.701	-	-
C-c100-gz-p24-t4	gz	4	SRR5935777	8173049	0	18.413	18.225	-	-
C-c100-gz-p24-t4	gz	4	SRR5935781	8486948	0	19.858	19.656	-	-
C-c100-gz-p24-t4	gz	4	SRR5935758	8206591	0	18.193	18.003	-	-
C-c100-gz-p24-t4	gz	4	SRR5935826	8766123	0	18.876	18.685	-	-
C-c100-gz-p24-t4	gz	4	SRR5935828	8326050	0	19.360	19.155	-	-
C-c100-gz-p24-t4	gz	4	SRR5935836	7326365	0	17.087	16.888	-	-
C-c100-gz-p24-t4	gz	4	SRR5935797	8439357	0	19.101	18.885	-	-
C-c100-gz-p24-t4	gz	4	SRR5935824	8745078	0	19.764	19.564	-	-
C-c100-gz-p24-t4	gz	4	SRR5935818	8877621	0	21.541	21.307	-	-
C-c100-gz-p48-t2	gz	2	SRR5935795	11924297	0	52.700	52.498	-	-
C-c100-gz-p48-t2	gz	2	SRR5935820	12062510	0	55.178	54.924	-	-
C-c100-gz-p48-t2	gz	2	SRR5935816	12244248	0	55.251	55.057	-	-
C-c100-gz-p48-t2	gz	2	SRR5935775	13010149	0	55.985	55.806	-	-
C-c100-gz-p48-t2	gz	2	SRR5935742	12325847	0	56.544	56.325	-	-
C-c100-gz-p48-t2	gz	2	SRR5935831	12793053	0	57.995	57.803	-	-
C-c100-gz-p48-t2	gz	2	SRR5935748	11859598	0	58.136	57.886	-	-
C-c100-gz-p48-t2	gz	2	SRR5935822	13365245	0	58.216	58.021	-	-
C-c100-gz-p48-t2	gz	2	SRR5935834	12610038	0	58.440	58.226	-	-
C-c100-gz-p48-t2	gz	2	SRR5935774	12252617	0	59.431	59.176	-	-
C-c100-gz-p48-t2	gz	2	SRR5935804	13253368	0	60.511	60.282	-	-
C-c100-gz-p48-t2	gz	2	SRR5935833	12711109	0	61.040	60.754	-	-
C-c100-gz-p48-t2	gz	2	SRR5935752	14298074	0	61.205	61.035	-	-
C-c100-gz-p48-t2	gz	2	SRR5935794	13404063	0	61.319	61.134	-	-
C-c100-gz-p48-t2	gz	2	SRR5935761	14191749	0	62.228	62.028	-	-
C-c100-gz-p48-t2	gz	2	SRR5935830	14303962	0	62.282	62.067	-	-
C-c100-gz-p48-t2	gz	2	SRR5935753	14164085	0	64.057	63.836	-	-
C-c100-gz-p48-t2	gz	2	SRR5935801	13162386	0	64.208	63.981	-	-
C-c100-gz-p48-t2	gz	2	SRR5935766	14120624	0	64.744	64.536	-	-
C-c100-gz-p48-t2	gz	2	SRR5935838	14615323	0	64.950	64.758	-	-
C-c100-gz-p48-t2	gz	2	SRR5935817	14261195	0	64.968	64.759	-	-
C-c100-gz-p48-t2	gz	2	SRR5935784	14800056	0	66.371	66.153	-	-
C-c100-gz-p48-t2	gz	2	SRR5935785	13817496	0	66.835	66.607	-	-
C-c100-gz-p48-t2	gz	2	SRR5935806	14472574	0	68.132	67.919	-	-
C-c100-gz-p48-t2	gz	2	SRR5935772	15271512	0	69.425	69.194	-	-
C-c100-gz-p48-t2	gz	2	SRR5935808	15500933	0	69.673	69.453	-	-
C-c100-gz-p48-t2	gz	2	SRR5935800	15080696	0	69.847	69.649	-	-
C-c100-gz-p48-t2	gz	2	SRR5935744	15328347	0	71.434	71.145	-	-
C-c100-gz-p48-t2	gz	2	SRR5935827	16260968	0	71.619	71.399	-	-
C-c100-gz-p48-t2	gz	2	SRR5935810	15280552	0	72.033	71.761	-	-
C-c100-gz-p48-t2	gz	2	SRR5935796	14959235	0	72.526	72.278	-	-
C-c100-gz-p48-t2	gz	2	SRR5935787	16351397	0	72.846	72.641	-	-
C-c100-gz-p48-t2	gz	2	SRR5935756	16053448	0	73.375	73.144	-	-
C-c100-gz-p48-t2	gz	2	SRR5935741	16518263	0	73.390	73.183	-	-
C-c100-gz-p48-t2	gz	2	SRR5935802	16720060	0	73.842	73.533	-	-
C-c100-gz-p48-t2	gz	2	SRR5935770	16180463	0	75.082	74.864	-	-
C-c100-gz-p48-t2	gz	2	SRR5935768	15746753	0	75.430	75.195	-	-
C-c100-gz-p48-t2	gz	2	SRR5935759	15312868	0	75.660	75.431	-	-
C-c100-gz-p48-t2	gz	2	SRR5935807	16708997	0	76.375	76.122	-	-
C-c100-gz-p48-t2	gz	2	SRR5935757	16286650	0	77.144	76.913	-	-
C-c100-gz-p48-t2	gz	2	SRR5935813	16980616	0	78.622	78.39	-	-
C-c100-gz-p48-t2	gz	2	SRR5935751	18645445	0	80.246	80.008	-	-
C-c100-gz-p48-t2	gz	2	SRR5935762	18129553	0	82.046	81.836	-	-
C-c100-gz-p48-t2	gz	2	SRR5935803	18392491	0	82.549	82.338	-	-
C-c100-gz-p48-t2	gz	2	SRR5935749	18879904	0	84.130	83.897	-	-
C-c100-gz-p48-t2	gz	2	SRR5935823	20770968	0	91.515	91.333	-	-
C-c100-gz-p48-t2	gz	2	SRR5935798	20086542	0	92.095	91.867	-	-
C-c100-gz-p48-t2	gz	2	SRR5935805	2823474	0	13.156	12.928	-	-
C-c100-gz-p48-t2	gz	2	SRR5935773	20671571	0	93.459	93.227	-	-
C-c100-gz-p48-t2	gz	2	SRR5935743	201473	0	1.901	1.784	-	-
C-c100-gz-p48-t2	gz	2	SRR5935783	2565282	0	12.518	12.356	-	-
C-c100-gz-p48-t2	gz	2	SRR5935776	3168882	0	15.283	15.121	-	-
C-c100-gz-p48-t2	gz	2	SRR5935747	3036382	0	15.369	15.174	-	-
C-c100-gz-p48-t2	gz	2	SRR5935789	1513694	0	7.136	6.988	-	-
C-c100-gz-p48-t2	gz	2	SRR5935767	5166420	0	24.880	24.68	-	-
C-c100-gz-p48-t2	gz	2	SRR5935821	297656	0	2.208	2.081	-	-
C-c100-gz-p48-t2	gz	2	SRR5935779	5948317	0	26.864	26.677	-	-
C-c100-gz-p48-t2	gz	2	SRR5935755	6071697	0	27.503	27.259	-	-
C-c100-gz-p48-t2	gz	2	SRR5935763	5174437	0	24.508	24.319	-	-
C-c100-gz-p48-t2	gz	2	SRR5935809	1539039	0	8.021	7.857	-	-
C-c100-gz-p48-t2	gz	2	SRR5935793	1771479	0	9.573	9.353	-	-
C-c100-gz-p48-t2	gz	2	SRR5935814	5072545	0	23.823	23.646	-	-
C-c100-gz-p48-t2	gz	2	SRR5935837	9337913	0	41.954	41.736	-	-
C-c100-gz-p48-t2	gz	2	SRR5935832	6882441	0	31.832	31.622	-	-
C-c100-gz-p48-t2	gz	2	SRR5935839	1085628	0	5.786	5.64	-	-
C-c100-gz-p48-t2	gz	2	SRR5935780	10716528	0	47.825	47.624	-	-
C-c100-gz-p48-t2	gz	2	SRR5935835	1341509	0	6.997	6.851	-	-
C-c100-gz-p48-t2	gz	2	SRR5935760	10834778	0	46.789	46.597	-	-
C-c100-gz-p48-t2	gz	2	SRR5935771	9230220	0	42.751	42.527	-	-
C-c100-gz-p48-t2	gz	2	SRR5935792	11437813	0	50.088	49.877	-	-
C-c100-gz-p48-t2	gz	2	SRR5935758	8206591	0	36.250	36.062	-	-
C-c100-gz-p48-t2	gz	2	SRR5935812	9108174	0	41.204	41.007	-	-
C-c100-gz-p48-t2	gz	2	SRR5935811	10067025	0	44.020	43.836	-	-
C-c100-gz-p48-t2	gz	2	SRR5935788	11073410	0	49.816	49.61	-	-
C-c100-gz-p48-t2	gz	2	SRR5935750	6552107	0	30.031	29.846	-	-
C-c100-gz-p48-t2	gz	2	SRR5935769	11374148	0	51.942	51.718	-	-
C-c100-gz-p48-t2	gz	2	SRR5935836	7326365	0	34.239	34.038	-	-
C-c100-gz-p48-t2	gz	2	SRR5935826	8766123	0	37.972	37.783	-	-
C-c100-gz-p48-t2	gz	2	SRR5935746	11012615	0	49.818	49.599	-	-
C-c100-gz-p48-t2	gz	2	SRR5935778	10554303	0	47.979	47.752	-	-
C-c100-gz-p48-t2	gz	2	SRR5935819	10896278	0	47.500	47.315	-	-
C-c100-gz-p48-t2	gz	2	SRR5935815	7153468	0	33.576	33.375	-	-
C-c100-gz-p48-t2	gz	2	SRR5935825	11458367	0	56.407	56.15	-	-
C-c100-gz-p48-t2	gz	2	SRR5935824	8745078	0	39.740	39.542	-	-
C-c100-gz-p48-t2	gz	2	SRR5935782	10128070	0	45.204	45.014	-	-
C-c100-gz-p48-t2	gz	2	SRR5935740	10532910	0	51.243	50.983	-	-
C-c100-gz-p48-t2	gz	2	SRR5935791	10140194	0	44.858	44.694	-	-
C-c100-gz-p48-t2	gz	2	SRR5935828	8326050	0	38.604	38.401	-	-
C-c100-gz-p48-t2	gz	2	SRR5935764	11689489	0	51.986	51.774	-	-
C-c100-gz-p48-t2	gz	2	SRR5935765	10590116	0	46.029	45.823	-	-
C-c100-gz-p48-t2	gz	2	SRR5935745	10492437	0	49.211	48.992	-	-
C-c100-gz-p48-t2	gz	2	SRR5935790	9202475	0	42.638	42.413	-	-
C-c100-gz-p48-t2	gz	2	SRR5935799	9090205	0	44.965	44.706	-	-
C-c100-gz-p48-t2	gz	2	SRR5935781	8486948	0	39.482	39.286	-	-
C-c100-gz-p48-t2	gz	2	SRR5935829	11220767	0	52.208	51.985	-	-
C-c100-gz-p48-t2	gz	2	SRR5935777	8173049	0	36.598	36.414	-	-
C-c100-gz-p48-t2	gz	2	SRR5935786	10054299	0	47.206	46.99	-	-
C-c100-gz-p48-t2	gz	2	SRR5935797	8439357	0	38.295	38.08	-	-
C-c100-gz-p48-t2	gz	2	SRR5935754	10479816	0	48.506	48.274	-	-
C-c100-gz-p48-t2	gz	2	SRR5935818	8877621	0	43.177	42.928	-	-
ref3-fq-t96	fq	96	SRR5935740	10532910	0	2.342	2.014	-	-
