sample	file	variants	want	distinct_etags	consistent
SRR5935740	output	5	5	1	yes
SRR5935740	report	5	5	1	yes
SRR5935741	output	2	2	1	yes
SRR5935741	report	2	2	1	yes
SRR5935742	output	2	2	1	yes
SRR5935742	report	2	2	1	yes
SRR5935743	output	2	2	1	yes
SRR5935743	report	2	2	1	yes
SRR5935744	output	2	2	1	yes
SRR5935744	report	2	2	1	yes
SRR5935745	output	2	2	1	yes
SRR5935745	report	2	2	1	yes
SRR5935746	output	2	2	1	yes
SRR5935746	report	2	2	1	yes
SRR5935747	output	2	2	1	yes
SRR5935747	report	2	2	1	yes
SRR5935748	output	2	2	1	yes
SRR5935748	report	2	2	1	yes
SRR5935749	output	2	2	1	yes
SRR5935749	report	2	2	1	yes
SRR5935750	output	2	2	1	yes
SRR5935750	report	2	2	1	yes
SRR5935751	output	2	2	1	yes
SRR5935751	report	2	2	1	yes
SRR5935752	output	2	2	1	yes
SRR5935752	report	2	2	1	yes
SRR5935753	output	2	2	1	yes
SRR5935753	report	2	2	1	yes
SRR5935754	output	2	2	1	yes
SRR5935754	report	2	2	1	yes
SRR5935755	output	2	2	1	yes
SRR5935755	report	2	2	1	yes
SRR5935756	output	2	2	1	yes
SRR5935756	report	2	2	1	yes
SRR5935757	output	2	2	1	yes
SRR5935757	report	2	2	1	yes
SRR5935758	output	2	2	1	yes
SRR5935758	report	2	2	1	yes
SRR5935759	output	2	2	1	yes
SRR5935759	report	2	2	1	yes
SRR5935760	output	2	2	1	yes
SRR5935760	report	2	2	1	yes
SRR5935761	output	2	2	1	yes
SRR5935761	report	2	2	1	yes
SRR5935762	output	2	2	1	yes
SRR5935762	report	2	2	1	yes
SRR5935763	output	2	2	1	yes
SRR5935763	report	2	2	1	yes
SRR5935764	output	2	2	1	yes
SRR5935764	report	2	2	1	yes
SRR5935765	output	2	2	1	yes
SRR5935765	report	2	2	1	yes
SRR5935766	output	2	2	1	yes
SRR5935766	report	2	2	1	yes
SRR5935767	output	2	2	1	yes
SRR5935767	report	2	2	1	yes
SRR5935768	output	2	2	1	yes
SRR5935768	report	2	2	1	yes
SRR5935769	output	2	2	1	yes
SRR5935769	report	2	2	1	yes
SRR5935770	output	2	2	1	yes
SRR5935770	report	2	2	1	yes
SRR5935771	output	2	2	1	yes
SRR5935771	report	2	2	1	yes
SRR5935772	output	2	2	1	yes
SRR5935772	report	2	2	1	yes
SRR5935773	output	2	2	1	yes
SRR5935773	report	2	2	1	yes
SRR5935774	output	2	2	1	yes
SRR5935774	report	2	2	1	yes
SRR5935775	output	2	2	1	yes
SRR5935775	report	2	2	1	yes
SRR5935776	output	2	2	1	yes
SRR5935776	report	2	2	1	yes
SRR5935777	output	2	2	1	yes
SRR5935777	report	2	2	1	yes
SRR5935778	output	2	2	1	yes
SRR5935778	report	2	2	1	yes
SRR5935779	output	2	2	1	yes
SRR5935779	report	2	2	1	yes
SRR5935780	output	2	2	1	yes
SRR5935780	report	2	2	1	yes
SRR5935781	output	2	2	1	yes
SRR5935781	report	2	2	1	yes
SRR5935782	output	2	2	1	yes
SRR5935782	report	2	2	1	yes
SRR5935783	output	2	2	1	yes
SRR5935783	report	2	2	1	yes
SRR5935784	output	2	2	1	yes
SRR5935784	report	2	2	1	yes
SRR5935785	output	2	2	1	yes
SRR5935785	report	2	2	1	yes
SRR5935786	output	2	2	1	yes
SRR5935786	report	2	2	1	yes
SRR5935787	output	2	2	1	yes
SRR5935787	report	2	2	1	yes
SRR5935788	output	2	2	1	yes
SRR5935788	report	2	2	1	yes
SRR5935789	output	2	2	1	yes
SRR5935789	report	2	2	1	yes
SRR5935790	output	2	2	1	yes
SRR5935790	report	2	2	1	yes
SRR5935791	output	2	2	1	yes
SRR5935791	report	2	2	1	yes
SRR5935792	output	2	2	1	yes
SRR5935792	report	2	2	1	yes
SRR5935793	output	2	2	1	yes
SRR5935793	report	2	2	1	yes
SRR5935794	output	2	2	1	yes
SRR5935794	report	2	2	1	yes
SRR5935795	output	2	2	1	yes
SRR5935795	report	2	2	1	yes
SRR5935796	output	2	2	1	yes
SRR5935796	report	2	2	1	yes
SRR5935797	output	2	2	1	yes
SRR5935797	report	2	2	1	yes
SRR5935798	output	2	2	1	yes
SRR5935798	report	2	2	1	yes
SRR5935799	output	2	2	1	yes
SRR5935799	report	2	2	1	yes
SRR5935800	output	2	2	1	yes
SRR5935800	report	2	2	1	yes
SRR5935801	output	2	2	1	yes
SRR5935801	report	2	2	1	yes
SRR5935802	output	2	2	1	yes
SRR5935802	report	2	2	1	yes
SRR5935803	output	2	2	1	yes
SRR5935803	report	2	2	1	yes
SRR5935804	output	2	2	1	yes
SRR5935804	report	2	2	1	yes
SRR5935805	output	2	2	1	yes
SRR5935805	report	2	2	1	yes
SRR5935806	output	2	2	1	yes
SRR5935806	report	2	2	1	yes
SRR5935807	output	2	2	1	yes
SRR5935807	report	2	2	1	yes
SRR5935808	output	2	2	1	yes
SRR5935808	report	2	2	1	yes
SRR5935809	output	2	2	1	yes
SRR5935809	report	2	2	1	yes
SRR5935810	output	2	2	1	yes
SRR5935810	report	2	2	1	yes
SRR5935811	output	2	2	1	yes
SRR5935811	report	2	2	1	yes
SRR5935812	output	2	2	1	yes
SRR5935812	report	2	2	1	yes
SRR5935813	output	2	2	1	yes
SRR5935813	report	2	2	1	yes
SRR5935814	output	2	2	1	yes
SRR5935814	report	2	2	1	yes
SRR5935815	output	2	2	1	yes
SRR5935815	report	2	2	1	yes
SRR5935816	output	2	2	1	yes
SRR5935816	report	2	2	1	yes
SRR5935817	output	2	2	1	yes
SRR5935817	report	2	2	1	yes
SRR5935818	output	2	2	1	yes
SRR5935818	report	2	2	1	yes
SRR5935819	output	2	2	1	yes
SRR5935819	report	2	2	1	yes
SRR5935820	output	2	2	1	yes
SRR5935820	report	2	2	1	yes
SRR5935821	output	2	2	1	yes
SRR5935821	report	2	2	1	yes
SRR5935822	output	2	2	1	yes
SRR5935822	report	2	2	1	yes
SRR5935823	output	2	2	1	yes
SRR5935823	report	2	2	1	yes
SRR5935824	output	2	2	1	yes
SRR5935824	report	2	2	1	yes
SRR5935825	output	2	2	1	yes
SRR5935825	report	2	2	1	yes
SRR5935826	output	2	2	1	yes
SRR5935826	report	2	2	1	yes
SRR5935827	output	2	2	1	yes
SRR5935827	report	2	2	1	yes
SRR5935828	output	2	2	1	yes
SRR5935828	report	2	2	1	yes
SRR5935829	output	2	2	1	yes
SRR5935829	report	2	2	1	yes
SRR5935830	output	2	2	1	yes
SRR5935830	report	2	2	1	yes
SRR5935831	output	2	2	1	yes
SRR5935831	report	2	2	1	yes
SRR5935832	output	2	2	1	yes
SRR5935832	report	2	2	1	yes
SRR5935833	output	2	2	1	yes
SRR5935833	report	2	2	1	yes
SRR5935834	output	2	2	1	yes
SRR5935834	report	2	2	1	yes
SRR5935835	output	2	2	1	yes
SRR5935835	report	2	2	1	yes
SRR5935836	output	2	2	1	yes
SRR5935836	report	2	2	1	yes
SRR5935837	output	2	2	1	yes
SRR5935837	report	2	2	1	yes
SRR5935838	output	2	2	1	yes
SRR5935838	report	2	2	1	yes
SRR5935839	output	2	2	1	yes
SRR5935839	report	2	2	1	yes
