batch	rank	role	mode	place	weight	inflight	threads	sample	pairs	classify_s	close_s	wall_s	Mpairs_per_s	status
0	0	home	parallel	lpt	10532910	12	16	0-SRR5935740	10532910	13.104	0.246816	13.744547	0.804	0
0	0	home	parallel	lpt	16518263	12	16	0-SRR5935741	16518263	20.029	0.344016	20.814924	0.825	0
0	0	home	parallel	lpt	12325847	12	16	0-SRR5935742	12325847	15.249	0.365949	15.890541	0.808	0
0	0	home	parallel	lpt	201473	12	16	0-SRR5935743	201473	0.742	0.201643	1.045155	0.272	0
0	0	home	parallel	lpt	15328347	12	16	0-SRR5935744	15328347	17.941	0.381893	18.769268	0.854	0
0	0	home	parallel	lpt	10492437	12	16	0-SRR5935745	10492437	12.821	0.178564	13.830903	0.818	0
0	0	home	parallel	lpt	11012615	12	16	0-SRR5935746	11012615	14.232	0.244817	14.764737	0.774	0
0	0	home	parallel	lpt	3036382	12	16	0-SRR5935747	3036382	6.623	0.262603	7.038022	0.458	0
0	0	home	parallel	lpt	11859598	12	16	0-SRR5935748	11859598	14.654	0.240740	15.525338	0.809	0
0	0	home	parallel	lpt	18879904	12	16	0-SRR5935749	18879904	22.406	0.229927	23.233241	0.843	0
0	0	home	parallel	lpt	6552107	12	16	0-SRR5935750	6552107	10.447	0.226754	10.826275	0.627	0
0	0	home	parallel	lpt	18645445	12	16	0-SRR5935751	18645445	21.916	0.252858	22.634532	0.851	0
0	0	home	parallel	lpt	14298074	12	16	0-SRR5935752	14298074	16.575	0.328430	17.309582	0.863	0
0	0	home	parallel	lpt	14164085	12	16	0-SRR5935753	14164085	16.915	0.256069	18.464765	0.837	0
0	0	home	parallel	lpt	10479816	12	16	0-SRR5935754	10479816	13.127	0.276753	13.722898	0.798	0
0	0	home	parallel	lpt	6071697	12	16	0-SRR5935755	6071697	7.867	0.206982	8.262554	0.772	0
0	0	home	parallel	lpt	16053448	12	16	0-SRR5935756	16053448	18.214	0.226208	18.770517	0.881	0
0	0	home	parallel	lpt	16286650	12	16	0-SRR5935757	16286650	18.686	0.287745	19.408590	0.872	0
0	0	home	parallel	lpt	8206591	12	16	0-SRR5935758	8206591	11.737	0.234790	12.452256	0.699	0
0	0	home	parallel	lpt	15312868	12	16	0-SRR5935759	15312868	18.123	0.226929	18.941955	0.845	0
0	0	home	parallel	lpt	10834778	12	16	0-SRR5935760	10834778	13.388	0.263460	13.830304	0.809	0
0	0	home	parallel	lpt	14191749	12	16	0-SRR5935761	14191749	16.977	0.447287	18.407866	0.836	0
0	0	home	parallel	lpt	18129553	12	16	0-SRR5935762	18129553	21.892	0.352756	22.763292	0.828	0
0	0	home	parallel	lpt	5174437	12	16	0-SRR5935763	5174437	7.404	0.222787	7.772963	0.699	0
0	0	home	parallel	lpt	11689489	12	16	0-SRR5935764	11689489	13.840	0.244135	14.445519	0.845	0
0	0	home	parallel	lpt	10590116	12	16	0-SRR5935765	10590116	12.769	0.322233	13.443468	0.829	0
0	0	home	parallel	lpt	14120624	12	16	0-SRR5935766	14120624	16.781	0.277070	17.732228	0.841	0
0	0	home	parallel	lpt	5166420	12	16	0-SRR5935767	5166420	7.465	0.212399	7.850607	0.692	0
0	0	home	parallel	lpt	15746753	12	16	0-SRR5935768	15746753	18.342	0.265203	19.188309	0.858	0
0	0	home	parallel	lpt	11374148	12	16	0-SRR5935769	11374148	13.954	0.261893	14.461496	0.815	0
0	0	home	parallel	lpt	16180463	12	16	0-SRR5935770	16180463	18.811	0.250021	19.588176	0.860	0
0	0	home	parallel	lpt	9230220	12	16	0-SRR5935771	9230220	12.953	0.318420	13.529995	0.713	0
0	0	home	parallel	lpt	15271512	12	16	0-SRR5935772	15271512	18.027	0.327803	19.364426	0.847	0
0	0	home	parallel	lpt	20671571	12	16	0-SRR5935773	20671571	23.963	0.269999	24.764269	0.863	0
0	0	home	parallel	lpt	12252617	12	16	0-SRR5935774	12252617	14.838	0.256518	15.459522	0.826	0
0	0	home	parallel	lpt	13010149	12	16	0-SRR5935775	13010149	16.793	0.296730	17.279784	0.775	0
0	0	home	parallel	lpt	3168882	12	16	0-SRR5935776	3168882	6.604	0.235876	7.118283	0.480	0
0	0	home	parallel	lpt	8173049	12	16	0-SRR5935777	8173049	11.695	0.250248	12.555434	0.699	0
0	0	home	parallel	lpt	10554303	12	16	0-SRR5935778	10554303	12.862	0.235808	13.792814	0.821	0
0	0	home	parallel	lpt	5948317	12	16	0-SRR5935779	5948317	7.712	0.213922	8.103984	0.771	0
0	0	home	parallel	lpt	10716528	12	16	0-SRR5935780	10716528	13.134	0.248311	13.597615	0.816	0
0	0	home	parallel	lpt	8486948	12	16	0-SRR5935781	8486948	11.326	0.226390	11.977762	0.749	0
0	0	home	parallel	lpt	10128070	12	16	0-SRR5935782	10128070	13.400	0.241200	14.125453	0.756	0
0	0	home	parallel	lpt	2565282	12	16	0-SRR5935783	2565282	6.383	0.219854	6.784457	0.402	0
0	0	home	parallel	lpt	14800056	12	16	0-SRR5935784	14800056	16.841	0.258027	17.343802	0.879	0
0	0	home	parallel	lpt	13817496	12	16	0-SRR5935785	13817496	16.262	0.277100	17.682061	0.850	0
0	0	home	parallel	lpt	10054299	12	16	0-SRR5935786	10054299	13.529	0.279978	14.340038	0.743	0
0	0	home	parallel	lpt	16351397	12	16	0-SRR5935787	16351397	19.450	0.314684	20.011866	0.841	0
0	0	home	parallel	lpt	11073410	12	16	0-SRR5935788	11073410	13.847	0.219460	14.273832	0.800	0
0	0	home	parallel	lpt	1513694	12	16	0-SRR5935789	1513694	5.486	0.211941	5.899028	0.276	0
0	0	home	parallel	lpt	9202475	12	16	0-SRR5935790	9202475	13.117	0.672198	14.312128	0.702	0
0	0	home	parallel	lpt	10140194	12	16	0-SRR5935791	10140194	13.250	0.234161	13.613993	0.765	0
0	0	home	parallel	lpt	11437813	12	16	0-SRR5935792	11437813	14.359	0.300998	14.909708	0.797	0
0	0	home	parallel	lpt	1771479	12	16	0-SRR5935793	1771479	6.127	0.269158	6.596618	0.289	0
0	0	home	parallel	lpt	13404063	12	16	0-SRR5935794	13404063	15.519	0.241267	16.035791	0.864	0
0	0	home	parallel	lpt	11924297	12	16	0-SRR5935795	11924297	15.001	0.355432	16.566376	0.795	0
0	0	home	parallel	lpt	14959235	12	16	0-SRR5935796	14959235	16.957	0.338022	18.535803	0.882	0
0	0	home	parallel	lpt	8439357	12	16	0-SRR5935797	8439357	11.204	0.280101	11.895840	0.753	0
0	0	home	parallel	lpt	20086542	12	16	0-SRR5935798	20086542	22.601	0.344529	23.563320	0.889	0
0	0	home	parallel	lpt	9090205	12	16	0-SRR5935799	9090205	12.234	0.764465	13.667298	0.743	0
0	0	home	parallel	lpt	15080696	12	16	0-SRR5935800	15080696	17.482	0.289187	18.447390	0.863	0
0	0	home	parallel	lpt	13162386	12	16	0-SRR5935801	13162386	16.341	0.289580	17.109851	0.806	0
0	0	home	parallel	lpt	16720060	12	16	0-SRR5935802	16720060	20.300	0.462386	21.142255	0.824	0
0	0	home	parallel	lpt	18392491	12	16	0-SRR5935803	18392491	21.757	0.390285	22.693582	0.845	0
0	0	home	parallel	lpt	13253368	12	16	0-SRR5935804	13253368	15.865	0.216662	16.763153	0.835	0
0	0	home	parallel	lpt	2823474	12	16	0-SRR5935805	2823474	6.582	0.283304	7.123901	0.429	0
0	0	home	parallel	lpt	14472574	12	16	0-SRR5935806	14472574	17.069	0.253967	17.687324	0.848	0
0	0	home	parallel	lpt	16708997	12	16	0-SRR5935807	16708997	19.640	0.311371	20.369594	0.851	0
0	0	home	parallel	lpt	15500933	12	16	0-SRR5935808	15500933	18.190	0.320242	19.098347	0.852	0
0	0	home	parallel	lpt	1539039	12	16	0-SRR5935809	1539039	5.876	0.242319	6.223434	0.262	0
0	0	home	parallel	lpt	15280552	12	16	0-SRR5935810	15280552	17.869	0.275951	18.717622	0.855	0
0	0	home	parallel	lpt	10067025	12	16	0-SRR5935811	10067025	13.305	0.532599	14.074661	0.757	0
0	0	home	parallel	lpt	9108174	12	16	0-SRR5935812	9108174	12.835	0.275339	13.279581	0.710	0
0	0	home	parallel	lpt	16980616	12	16	0-SRR5935813	16980616	20.514	0.200209	21.384547	0.828	0
0	0	home	parallel	lpt	5072545	12	16	0-SRR5935814	5072545	7.795	0.199698	8.135157	0.651	0
0	0	home	parallel	lpt	7153468	12	16	0-SRR5935815	7153468	11.096	0.268870	11.760104	0.645	0
0	0	home	parallel	lpt	12244248	12	16	0-SRR5935816	12244248	15.175	0.337204	16.478378	0.807	0
0	0	home	parallel	lpt	14261195	12	16	0-SRR5935817	14261195	16.871	0.237498	17.487206	0.845	0
0	0	home	parallel	lpt	8877621	12	16	0-SRR5935818	8877621	11.954	0.243421	12.963763	0.743	0
0	0	home	parallel	lpt	10896278	12	16	0-SRR5935819	10896278	14.035	0.198731	14.485333	0.776	0
0	0	home	parallel	lpt	12062510	12	16	0-SRR5935820	12062510	14.874	0.250878	16.019766	0.811	0
0	0	home	parallel	lpt	297656	12	16	0-SRR5935821	297656	0.754	0.231447	1.093403	0.395	0
0	0	home	parallel	lpt	13365245	12	16	0-SRR5935822	13365245	15.585	0.283804	16.763347	0.858	0
0	0	home	parallel	lpt	20770968	12	16	0-SRR5935823	20770968	23.617	0.263185	24.196351	0.879	0
0	0	home	parallel	lpt	8745078	12	16	0-SRR5935824	8745078	11.352	0.273751	12.058353	0.770	0
0	0	home	parallel	lpt	11458367	12	16	0-SRR5935825	11458367	14.106	0.274819	14.849069	0.812	0
0	0	home	parallel	lpt	8766123	12	16	0-SRR5935826	8766123	11.098	0.289874	11.932897	0.790	0
0	0	home	parallel	lpt	16260968	12	16	0-SRR5935827	16260968	18.484	0.296028	19.067236	0.880	0
0	0	home	parallel	lpt	8326050	12	16	0-SRR5935828	8326050	11.737	0.301113	12.391030	0.709	0
0	0	home	parallel	lpt	11220767	12	16	0-SRR5935829	11220767	14.301	0.220235	14.807461	0.785	0
0	0	home	parallel	lpt	14303962	12	16	0-SRR5935830	14303962	16.438	0.346444	17.227911	0.870	0
0	0	home	parallel	lpt	12793053	12	16	0-SRR5935831	12793053	16.606	0.262713	17.076958	0.770	0
0	0	home	parallel	lpt	6882441	12	16	0-SRR5935832	6882441	10.722	0.203897	11.099034	0.642	0
0	0	home	parallel	lpt	12711109	12	16	0-SRR5935833	12711109	16.375	0.353958	17.047203	0.776	0
0	0	home	parallel	lpt	12610038	12	16	0-SRR5935834	12610038	15.370	0.217316	15.948279	0.820	0
0	0	home	parallel	lpt	1341509	12	16	0-SRR5935835	1341509	1.147	0.267148	1.533772	1.169	0
0	0	home	parallel	lpt	7326365	12	16	0-SRR5935836	7326365	11.112	0.288636	11.723331	0.659	0
0	0	home	parallel	lpt	9337913	12	16	0-SRR5935837	9337913	12.803	0.220365	13.248332	0.729	0
0	0	home	parallel	lpt	14615323	12	16	0-SRR5935838	14615323	17.016	0.267182	17.516746	0.859	0
0	0	home	parallel	lpt	1085628	12	16	0-SRR5935839	1085628	1.019	0.201558	1.444721	1.066	0
1	0	home	parallel	lpt	10532910	12	16	1-SRR5935740	10532910	13.155	0.294100	14.025156	0.801	0
1	0	home	parallel	lpt	16518263	12	16	1-SRR5935741	16518263	20.348	0.235228	21.114057	0.812	0
1	0	home	parallel	lpt	12325847	12	16	1-SRR5935742	12325847	15.964	0.232895	16.506049	0.772	0
1	0	home	parallel	lpt	201473	12	16	1-SRR5935743	201473	0.686	0.221498	0.989671	0.294	0
1	0	home	parallel	lpt	15328347	12	16	1-SRR5935744	15328347	18.222	0.331816	18.907857	0.841	0
1	0	home	parallel	lpt	10492437	12	16	1-SRR5935745	10492437	13.570	0.243684	14.098690	0.773	0
1	0	home	parallel	lpt	11012615	12	16	1-SRR5935746	11012615	15.120	0.204432	15.839788	0.728	0
1	0	home	parallel	lpt	3036382	12	16	1-SRR5935747	3036382	6.401	0.187139	6.785805	0.474	0
1	0	home	parallel	lpt	11859598	12	16	1-SRR5935748	11859598	15.612	0.255948	16.127147	0.760	0
1	0	home	parallel	lpt	18879904	12	16	1-SRR5935749	18879904	22.021	0.229609	22.722701	0.857	0
1	0	home	parallel	lpt	6552107	12	16	1-SRR5935750	6552107	10.283	0.222446	10.750756	0.637	0
1	0	home	parallel	lpt	18645445	12	16	1-SRR5935751	18645445	22.100	0.390087	23.063171	0.844	0
1	0	home	parallel	lpt	14298074	12	16	1-SRR5935752	14298074	17.989	0.279187	18.437211	0.795	0
1	0	home	parallel	lpt	14164085	12	16	1-SRR5935753	14164085	17.736	0.272707	18.632399	0.799	0
1	0	home	parallel	lpt	10479816	12	16	1-SRR5935754	10479816	13.649	0.315936	14.243796	0.768	0
1	0	home	parallel	lpt	6071697	12	16	1-SRR5935755	6071697	7.821	0.238605	8.252494	0.776	0
1	0	home	parallel	lpt	16053448	12	16	1-SRR5935756	16053448	18.403	0.227606	18.847254	0.872	0
1	0	home	parallel	lpt	16286650	12	16	1-SRR5935757	16286650	18.612	0.260436	19.187149	0.875	0
1	0	home	parallel	lpt	8206591	12	16	1-SRR5935758	8206591	11.927	0.210134	12.491406	0.688	0
1	0	home	parallel	lpt	15312868	12	16	1-SRR5935759	15312868	17.862	0.241526	18.516340	0.857	0
1	0	home	parallel	lpt	10834778	12	16	1-SRR5935760	10834778	14.723	0.274079	15.186338	0.736	0
1	0	home	parallel	lpt	14191749	12	16	1-SRR5935761	14191749	17.868	0.304437	18.369189	0.794	0
1	0	home	parallel	lpt	18129553	12	16	1-SRR5935762	18129553	21.604	0.257324	22.256481	0.839	0
1	0	home	parallel	lpt	5174437	12	16	1-SRR5935763	5174437	7.119	0.214262	7.464397	0.727	0
1	0	home	parallel	lpt	11689489	12	16	1-SRR5935764	11689489	14.794	0.294181	15.329245	0.790	0
1	0	home	parallel	lpt	10590116	12	16	1-SRR5935765	10590116	14.382	0.210732	15.185290	0.736	0
1	0	home	parallel	lpt	14120624	12	16	1-SRR5935766	14120624	17.755	0.255785	18.556228	0.795	0
1	0	home	parallel	lpt	5166420	12	16	1-SRR5935767	5166420	7.368	0.221687	7.763086	0.701	0
1	0	home	parallel	lpt	15746753	12	16	1-SRR5935768	15746753	18.328	0.203547	19.071106	0.859	0
1	0	home	parallel	lpt	11374148	12	16	1-SRR5935769	11374148	14.814	0.289489	15.409755	0.768	0
1	0	home	parallel	lpt	16180463	12	16	1-SRR5935770	16180463	18.652	0.243685	19.460137	0.867	0
1	0	home	parallel	lpt	9230220	12	16	1-SRR5935771	9230220	13.526	0.232888	13.990659	0.682	0
1	0	home	parallel	lpt	15271512	12	16	1-SRR5935772	15271512	16.547	0.368951	18.132972	0.923	0
1	0	home	parallel	lpt	20671571	12	16	1-SRR5935773	20671571	25.439	0.306141	26.344060	0.813	0
1	0	home	parallel	lpt	12252617	12	16	1-SRR5935774	12252617	15.768	0.303242	16.350884	0.777	0
1	0	home	parallel	lpt	13010149	12	16	1-SRR5935775	13010149	15.789	0.248202	16.391673	0.824	0
1	0	home	parallel	lpt	3168882	12	16	1-SRR5935776	3168882	6.069	0.253843	6.667701	0.522	0
1	0	home	parallel	lpt	8173049	12	16	1-SRR5935777	8173049	11.727	0.268937	12.335211	0.697	0
1	0	home	parallel	lpt	10554303	12	16	1-SRR5935778	10554303	14.095	0.183316	15.141467	0.749	0
1	0	home	parallel	lpt	5948317	12	16	1-SRR5935779	5948317	7.626	0.412175	8.239634	0.780	0
1	0	home	parallel	lpt	10716528	12	16	1-SRR5935780	10716528	14.671	0.211002	15.115634	0.730	0
1	0	home	parallel	lpt	8486948	12	16	1-SRR5935781	8486948	11.833	0.433684	12.738094	0.717	0
1	0	home	parallel	lpt	10128070	12	16	1-SRR5935782	10128070	14.133	0.198216	14.906134	0.717	0
1	0	home	parallel	lpt	2565282	12	16	1-SRR5935783	2565282	6.099	0.422965	6.661238	0.421	0
1	0	home	parallel	lpt	14800056	12	16	1-SRR5935784	14800056	18.000	0.239034	18.552567	0.822	0
1	0	home	parallel	lpt	13817496	12	16	1-SRR5935785	13817496	15.900	0.309907	16.714037	0.869	0
1	0	home	parallel	lpt	10054299	12	16	1-SRR5935786	10054299	13.816	0.307046	14.654950	0.728	0
1	0	home	parallel	lpt	16351397	12	16	1-SRR5935787	16351397	20.272	0.312288	21.036710	0.807	0
1	0	home	parallel	lpt	11073410	12	16	1-SRR5935788	11073410	14.915	0.231005	15.312221	0.742	0
1	0	home	parallel	lpt	1513694	12	16	1-SRR5935789	1513694	5.532	0.234917	5.897570	0.274	0
1	0	home	parallel	lpt	9202475	12	16	1-SRR5935790	9202475	13.117	0.636955	14.335658	0.702	0
1	0	home	parallel	lpt	10140194	12	16	1-SRR5935791	10140194	13.947	0.214768	14.303915	0.727	0
1	0	home	parallel	lpt	11437813	12	16	1-SRR5935792	11437813	14.803	0.270956	15.286477	0.773	0
1	0	home	parallel	lpt	1771479	12	16	1-SRR5935793	1771479	5.713	0.228252	6.132660	0.310	0
1	0	home	parallel	lpt	13404063	12	16	1-SRR5935794	13404063	15.786	0.295441	16.576337	0.849	0
1	0	home	parallel	lpt	11924297	12	16	1-SRR5935795	11924297	15.644	0.244965	16.105115	0.762	0
1	0	home	parallel	lpt	14959235	12	16	1-SRR5935796	14959235	15.781	0.255476	17.203328	0.948	0
1	0	home	parallel	lpt	8439357	12	16	1-SRR5935797	8439357	11.939	0.213271	12.520065	0.707	0
1	0	home	parallel	lpt	20086542	12	16	1-SRR5935798	20086542	24.433	0.259851	25.793301	0.822	0
1	0	home	parallel	lpt	9090205	12	16	1-SRR5935799	9090205	12.907	0.244008	13.842214	0.704	0
1	0	home	parallel	lpt	15080696	12	16	1-SRR5935800	15080696	16.943	0.339915	17.705853	0.890	0
1	0	home	parallel	lpt	13162386	12	16	1-SRR5935801	13162386	16.411	0.496665	17.258287	0.802	0
1	0	home	parallel	lpt	16720060	12	16	1-SRR5935802	16720060	20.411	0.333693	21.102836	0.819	0
1	0	home	parallel	lpt	18392491	12	16	1-SRR5935803	18392491	21.534	0.224422	22.256703	0.854	0
1	0	home	parallel	lpt	13253368	12	16	1-SRR5935804	13253368	15.729	0.253863	16.790391	0.843	0
1	0	home	parallel	lpt	2823474	12	16	1-SRR5935805	2823474	6.160	0.207953	6.541815	0.458	0
1	0	home	parallel	lpt	14472574	12	16	1-SRR5935806	14472574	18.169	0.333214	18.759423	0.797	0
1	0	home	parallel	lpt	16708997	12	16	1-SRR5935807	16708997	20.376	0.227582	21.075738	0.820	0
1	0	home	parallel	lpt	15500933	12	16	1-SRR5935808	15500933	18.540	0.219453	19.234301	0.836	0
1	0	home	parallel	lpt	1539039	12	16	1-SRR5935809	1539039	5.553	0.260353	5.955260	0.277	0
1	0	home	parallel	lpt	15280552	12	16	1-SRR5935810	15280552	17.723	0.248458	18.452902	0.862	0
1	0	home	parallel	lpt	10067025	12	16	1-SRR5935811	10067025	13.715	0.284668	14.151805	0.734	0
1	0	home	parallel	lpt	9108174	12	16	1-SRR5935812	9108174	13.090	0.235785	13.543868	0.696	0
1	0	home	parallel	lpt	16980616	12	16	1-SRR5935813	16980616	21.076	0.341598	21.901919	0.806	0
1	0	home	parallel	lpt	5072545	12	16	1-SRR5935814	5072545	7.246	0.185333	7.583995	0.700	0
1	0	home	parallel	lpt	7153468	12	16	1-SRR5935815	7153468	11.185	0.267209	11.872354	0.640	0
1	0	home	parallel	lpt	12244248	12	16	1-SRR5935816	12244248	16.178	0.220196	16.894686	0.757	0
1	0	home	parallel	lpt	14261195	12	16	1-SRR5935817	14261195	17.921	0.204641	18.309571	0.796	0
1	0	home	parallel	lpt	8877621	12	16	1-SRR5935818	8877621	11.490	0.238716	12.046321	0.773	0
1	0	home	parallel	lpt	10896278	12	16	1-SRR5935819	10896278	14.735	0.216119	15.108921	0.739	0
1	0	home	parallel	lpt	12062510	12	16	1-SRR5935820	12062510	15.711	0.630018	17.262117	0.768	0
1	0	home	parallel	lpt	297656	12	16	1-SRR5935821	297656	0.720	0.457901	1.316372	0.414	0
1	0	home	parallel	lpt	13365245	12	16	1-SRR5935822	13365245	15.508	0.420310	16.432206	0.862	0
1	0	home	parallel	lpt	20770968	12	16	1-SRR5935823	20770968	24.629	0.358079	25.662665	0.843	0
1	0	home	parallel	lpt	8745078	12	16	1-SRR5935824	8745078	11.444	0.233985	12.026541	0.764	0
1	0	home	parallel	lpt	11458367	12	16	1-SRR5935825	11458367	15.037	0.219891	15.512758	0.762	0
1	0	home	parallel	lpt	8766123	12	16	1-SRR5935826	8766123	11.357	0.216786	11.743607	0.772	0
1	0	home	parallel	lpt	16260968	12	16	1-SRR5935827	16260968	18.774	0.376651	19.595375	0.866	0
1	0	home	parallel	lpt	8326050	12	16	1-SRR5935828	8326050	11.958	0.220407	12.572756	0.696	0
1	0	home	parallel	lpt	11220767	12	16	1-SRR5935829	11220767	15.039	0.221143	15.487262	0.746	0
1	0	home	parallel	lpt	14303962	12	16	1-SRR5935830	14303962	17.838	0.242099	18.383280	0.802	0
1	0	home	parallel	lpt	12793053	12	16	1-SRR5935831	12793053	15.860	0.358744	16.399117	0.807	0
1	0	home	parallel	lpt	6882441	12	16	1-SRR5935832	6882441	10.601	0.221285	11.066515	0.649	0
1	0	home	parallel	lpt	12711109	12	16	1-SRR5935833	12711109	16.037	0.236959	16.486262	0.793	0
1	0	home	parallel	lpt	12610038	12	16	1-SRR5935834	12610038	16.350	0.293422	16.898447	0.771	0
1	0	home	parallel	lpt	1341509	12	16	1-SRR5935835	1341509	1.144	0.192486	1.440159	1.173	0
1	0	home	parallel	lpt	7326365	12	16	1-SRR5935836	7326365	10.956	0.202140	11.380803	0.669	0
1	0	home	parallel	lpt	9337913	12	16	1-SRR5935837	9337913	13.408	0.330843	13.938941	0.696	0
1	0	home	parallel	lpt	14615323	12	16	1-SRR5935838	14615323	18.184	0.317293	18.705844	0.804	0
1	0	home	parallel	lpt	1085628	12	16	1-SRR5935839	1085628	1.025	0.243151	1.360444	1.060	0
2	0	home	parallel	lpt	10532910	12	16	2-SRR5935740	10532910	5.775	0.271874	6.213206	1.824	0
3	0	home	parallel	lpt	10532910	12	16	3-SRR5935740	10532910	5.884	0.213995	6.265933	1.790	0
4	0	home	parallel	lpt	10532910	12	16	4-SRR5935740	10532910	5.803	0.280204	6.246869	1.815	0
