phase	start	seconds	cold
preamble	2026-10-06T15:49:33Z	1	no
body	2026-10-06T15:49:34Z	0	no
setup	2026-10-06T15:49:34Z	40	no
fetch	2026-10-06T15:50:14Z	41	no
build	2026-10-06T15:50:55Z	42	no
lb-warmup-upstream-empty	2026-10-06T15:51:37Z	62	yes
lb-1-upstream-empty-cold	2026-10-06T15:52:39Z	62	yes
lb-1-upstream-empty-warm	2026-10-06T15:53:41Z	1	no
lb-1-base-empty-cold	2026-10-06T15:53:42Z	61	yes
lb-1-base-empty-warm	2026-10-06T15:54:43Z	2	no
lb-1-thp-empty-cold	2026-10-06T15:54:45Z	61	yes
lb-1-thp-empty-warm	2026-10-06T15:55:46Z	1	no
lb-1-fill-empty-cold	2026-10-06T15:55:47Z	61	yes
lb-1-fill-empty-warm	2026-10-06T15:56:48Z	1	no
lb-1-scan-empty-cold	2026-10-06T15:56:49Z	61	yes
lb-1-scan-empty-warm	2026-10-06T15:57:50Z	0	no
lb-1-recycle-empty-cold	2026-10-06T15:57:50Z	61	yes
lb-1-recycle-empty-warm	2026-10-06T15:58:51Z	1	no
lb-1-rc-empty-cold	2026-10-06T15:58:52Z	61	yes
lb-1-rc-empty-warm	2026-10-06T15:59:53Z	1	no
lb-1-matesize-empty-cold	2026-10-06T15:59:54Z	61	yes
lb-1-matesize-empty-warm	2026-10-06T16:00:55Z	1	no
lb-1-batch-empty-cold	2026-10-06T16:00:56Z	61	yes
lb-1-batch-empty-warm	2026-10-06T16:01:57Z	1	no
lb-1-final-empty-cold	2026-10-06T16:01:58Z	61	yes
lb-1-final-empty-warm	2026-10-06T16:02:59Z	1	no
lb-1-final-aa-empty-cold	2026-10-06T16:03:00Z	61	yes
lb-1-final-aa-empty-warm	2026-10-06T16:04:01Z	1	no
lb-2-base-empty-cold	2026-10-06T16:04:02Z	61	yes
lb-2-base-empty-warm	2026-10-06T16:05:03Z	2	no
lb-2-thp-empty-cold	2026-10-06T16:05:05Z	61	yes
lb-2-thp-empty-warm	2026-10-06T16:06:06Z	1	no
lb-2-fill-empty-cold	2026-10-06T16:06:07Z	61	yes
lb-2-fill-empty-warm	2026-10-06T16:07:08Z	1	no
lb-2-scan-empty-cold	2026-10-06T16:07:09Z	61	yes
lb-2-scan-empty-warm	2026-10-06T16:08:10Z	1	no
lb-2-recycle-empty-cold	2026-10-06T16:08:11Z	61	yes
lb-2-recycle-empty-warm	2026-10-06T16:09:12Z	1	no
lb-2-rc-empty-cold	2026-10-06T16:09:13Z	61	yes
lb-2-rc-empty-warm	2026-10-06T16:10:14Z	1	no
lb-2-matesize-empty-cold	2026-10-06T16:10:15Z	61	yes
lb-2-matesize-empty-warm	2026-10-06T16:11:16Z	1	no
lb-2-batch-empty-cold	2026-10-06T16:11:17Z	61	yes
lb-2-batch-empty-warm	2026-10-06T16:12:18Z	0	no
lb-2-final-empty-cold	2026-10-06T16:12:18Z	61	yes
lb-2-final-empty-warm	2026-10-06T16:13:19Z	1	no
lb-2-final-aa-empty-cold	2026-10-06T16:13:20Z	61	yes
lb-2-final-aa-empty-warm	2026-10-06T16:14:21Z	1	no
lb-2-upstream-empty-cold	2026-10-06T16:14:22Z	61	yes
lb-2-upstream-empty-warm	2026-10-06T16:15:23Z	1	no
lb-3-thp-empty-cold	2026-10-06T16:15:24Z	61	yes
lb-3-thp-empty-warm	2026-10-06T16:16:25Z	1	no
lb-3-fill-empty-cold	2026-10-06T16:16:26Z	61	yes
lb-3-fill-empty-warm	2026-10-06T16:17:27Z	1	no
lb-3-scan-empty-cold	2026-10-06T16:17:28Z	61	yes
lb-3-scan-empty-warm	2026-10-06T16:18:29Z	1	no
lb-3-recycle-empty-cold	2026-10-06T16:18:30Z	61	yes
lb-3-recycle-empty-warm	2026-10-06T16:19:31Z	1	no
lb-3-rc-empty-cold	2026-10-06T16:19:32Z	61	yes
lb-3-rc-empty-warm	2026-10-06T16:20:33Z	1	no
lb-3-matesize-empty-cold	2026-10-06T16:20:34Z	61	yes
lb-3-matesize-empty-warm	2026-10-06T16:21:35Z	0	no
lb-3-batch-empty-cold	2026-10-06T16:21:35Z	61	yes
lb-3-batch-empty-warm	2026-10-06T16:22:36Z	1	no
lb-3-final-empty-cold	2026-10-06T16:22:37Z	61	yes
lb-3-final-empty-warm	2026-10-06T16:23:38Z	1	no
lb-3-final-aa-empty-cold	2026-10-06T16:23:39Z	61	yes
lb-3-final-aa-empty-warm	2026-10-06T16:24:40Z	1	no
lb-3-upstream-empty-cold	2026-10-06T16:24:41Z	61	yes
lb-3-upstream-empty-warm	2026-10-06T16:25:42Z	1	no
lb-3-base-empty-cold	2026-10-06T16:25:43Z	61	yes
lb-3-base-empty-warm	2026-10-06T16:26:44Z	2	no
lb-4-fill-empty-warm	2026-10-06T16:26:46Z	1	no
lb-4-scan-empty-warm	2026-10-06T16:26:47Z	0	no
lb-4-recycle-empty-warm	2026-10-06T16:26:47Z	1	no
lb-4-rc-empty-warm	2026-10-06T16:26:48Z	1	no
lb-4-matesize-empty-warm	2026-10-06T16:26:49Z	0	no
lb-4-batch-empty-warm	2026-10-06T16:26:49Z	1	no
lb-4-final-empty-warm	2026-10-06T16:26:50Z	1	no
lb-4-final-aa-empty-warm	2026-10-06T16:26:51Z	1	no
lb-4-upstream-empty-warm	2026-10-06T16:26:52Z	0	no
lb-4-base-empty-warm	2026-10-06T16:26:52Z	2	no
lb-4-thp-empty-warm	2026-10-06T16:26:54Z	1	no
lb-5-scan-empty-warm	2026-10-06T16:26:55Z	0	no
lb-5-recycle-empty-warm	2026-10-06T16:26:55Z	1	no
lb-5-rc-empty-warm	2026-10-06T16:26:56Z	1	no
lb-5-matesize-empty-warm	2026-10-06T16:26:57Z	0	no
lb-5-batch-empty-warm	2026-10-06T16:26:57Z	1	no
lb-5-final-empty-warm	2026-10-06T16:26:58Z	1	no
lb-5-final-aa-empty-warm	2026-10-06T16:26:59Z	1	no
lb-5-upstream-empty-warm	2026-10-06T16:27:00Z	0	no
lb-5-base-empty-warm	2026-10-06T16:27:00Z	2	no
lb-5-thp-empty-warm	2026-10-06T16:27:02Z	1	no
lb-5-fill-empty-warm	2026-10-06T16:27:03Z	0	no
lb-6-recycle-empty-warm	2026-10-06T16:27:03Z	1	no
lb-6-rc-empty-warm	2026-10-06T16:27:04Z	1	no
lb-6-matesize-empty-warm	2026-10-06T16:27:05Z	1	no
lb-6-batch-empty-warm	2026-10-06T16:27:06Z	0	no
lb-6-final-empty-warm	2026-10-06T16:27:06Z	1	no
lb-6-final-aa-empty-warm	2026-10-06T16:27:07Z	1	no
lb-6-upstream-empty-warm	2026-10-06T16:27:08Z	1	no
lb-6-base-empty-warm	2026-10-06T16:27:09Z	1	no
lb-6-thp-empty-warm	2026-10-06T16:27:10Z	1	no
lb-6-fill-empty-warm	2026-10-06T16:27:11Z	1	no
lb-6-scan-empty-warm	2026-10-06T16:27:12Z	0	no
lb-7-rc-empty-warm	2026-10-06T16:27:12Z	1	no
lb-7-matesize-empty-warm	2026-10-06T16:27:13Z	1	no
lb-7-batch-empty-warm	2026-10-06T16:27:14Z	0	no
lb-7-final-empty-warm	2026-10-06T16:27:14Z	1	no
lb-7-final-aa-empty-warm	2026-10-06T16:27:15Z	1	no
lb-7-upstream-empty-warm	2026-10-06T16:27:16Z	1	no
lb-7-base-empty-warm	2026-10-06T16:27:17Z	1	no
lb-7-thp-empty-warm	2026-10-06T16:27:18Z	1	no
lb-7-fill-empty-warm	2026-10-06T16:27:19Z	0	no
lb-7-scan-empty-warm	2026-10-06T16:27:19Z	1	no
lb-7-recycle-empty-warm	2026-10-06T16:27:20Z	1	no
lb-8-matesize-empty-warm	2026-10-06T16:27:21Z	1	no
lb-8-batch-empty-warm	2026-10-06T16:27:22Z	0	no
lb-8-final-empty-warm	2026-10-06T16:27:22Z	1	no
lb-8-final-aa-empty-warm	2026-10-06T16:27:23Z	1	no
lb-8-upstream-empty-warm	2026-10-06T16:27:24Z	0	no
lb-8-base-empty-warm	2026-10-06T16:27:24Z	2	no
lb-8-thp-empty-warm	2026-10-06T16:27:26Z	0	no
lb-8-fill-empty-warm	2026-10-06T16:27:26Z	1	no
lb-8-scan-empty-warm	2026-10-06T16:27:27Z	1	no
lb-8-recycle-empty-warm	2026-10-06T16:27:28Z	1	no
lb-8-rc-empty-warm	2026-10-06T16:27:29Z	0	no
lb-9-batch-empty-warm	2026-10-06T16:27:29Z	1	no
lb-9-final-empty-warm	2026-10-06T16:27:30Z	1	no
lb-9-final-aa-empty-warm	2026-10-06T16:27:31Z	1	no
lb-9-upstream-empty-warm	2026-10-06T16:27:32Z	0	no
lb-9-base-empty-warm	2026-10-06T16:27:32Z	2	no
lb-9-thp-empty-warm	2026-10-06T16:27:34Z	0	no
lb-9-fill-empty-warm	2026-10-06T16:27:34Z	1	no
lb-9-scan-empty-warm	2026-10-06T16:27:35Z	1	no
lb-9-recycle-empty-warm	2026-10-06T16:27:36Z	1	no
lb-9-rc-empty-warm	2026-10-06T16:27:37Z	0	no
lb-9-matesize-empty-warm	2026-10-06T16:27:37Z	1	no
lb-10-final-empty-warm	2026-10-06T16:27:38Z	1	no
lb-10-final-aa-empty-warm	2026-10-06T16:27:39Z	0	no
lb-10-upstream-empty-warm	2026-10-06T16:27:39Z	1	no
lb-10-base-empty-warm	2026-10-06T16:27:40Z	1	no
lb-10-thp-empty-warm	2026-10-06T16:27:41Z	1	no
lb-10-fill-empty-warm	2026-10-06T16:27:42Z	1	no
lb-10-scan-empty-warm	2026-10-06T16:27:43Z	1	no
lb-10-recycle-empty-warm	2026-10-06T16:27:44Z	0	no
lb-10-rc-empty-warm	2026-10-06T16:27:44Z	1	no
lb-10-matesize-empty-warm	2026-10-06T16:27:45Z	1	no
lb-10-batch-empty-warm	2026-10-06T16:27:46Z	1	no
lb-1-upstream-pe-cold	2026-10-06T16:27:47Z	62	yes
lb-1-upstream-pe-warm	2026-10-06T16:28:49Z	1	no
lb-1-base-pe-cold	2026-10-06T16:28:50Z	62	yes
lb-1-base-pe-warm	2026-10-06T16:29:52Z	2	no
lb-1-thp-pe-cold	2026-10-06T16:29:54Z	62	yes
lb-1-thp-pe-warm	2026-10-06T16:30:56Z	1	no
lb-1-fill-pe-cold	2026-10-06T16:30:57Z	62	yes
lb-1-fill-pe-warm	2026-10-06T16:31:59Z	1	no
lb-1-scan-pe-cold	2026-10-06T16:32:00Z	62	yes
lb-1-scan-pe-warm	2026-10-06T16:33:02Z	2	no
lb-1-recycle-pe-cold	2026-10-06T16:33:04Z	62	yes
lb-1-recycle-pe-warm	2026-10-06T16:34:06Z	1	no
lb-1-rc-pe-cold	2026-10-06T16:34:07Z	62	yes
lb-1-rc-pe-warm	2026-10-06T16:35:09Z	1	no
lb-1-matesize-pe-cold	2026-10-06T16:35:10Z	62	yes
lb-1-matesize-pe-warm	2026-10-06T16:36:12Z	1	no
lb-1-batch-pe-cold	2026-10-06T16:36:13Z	62	yes
lb-1-batch-pe-warm	2026-10-06T16:37:15Z	1	no
lb-1-final-pe-cold	2026-10-06T16:37:16Z	62	yes
lb-1-final-pe-warm	2026-10-06T16:38:18Z	1	no
lb-1-final-aa-pe-cold	2026-10-06T16:38:19Z	62	yes
lb-1-final-aa-pe-warm	2026-10-06T16:39:21Z	1	no
lb-2-base-pe-cold	2026-10-06T16:39:22Z	62	yes
lb-2-base-pe-warm	2026-10-06T16:40:24Z	2	no
lb-2-thp-pe-cold	2026-10-06T16:40:26Z	62	yes
lb-2-thp-pe-warm	2026-10-06T16:41:28Z	1	no
lb-2-fill-pe-cold	2026-10-06T16:41:29Z	62	yes
lb-2-fill-pe-warm	2026-10-06T16:42:31Z	2	no
lb-2-scan-pe-cold	2026-10-06T16:42:33Z	62	yes
lb-2-scan-pe-warm	2026-10-06T16:43:35Z	1	no
lb-2-recycle-pe-cold	2026-10-06T16:43:36Z	62	yes
lb-2-recycle-pe-warm	2026-10-06T16:44:38Z	1	no
lb-2-rc-pe-cold	2026-10-06T16:44:39Z	62	yes
lb-2-rc-pe-warm	2026-10-06T16:45:41Z	1	no
lb-2-matesize-pe-cold	2026-10-06T16:45:42Z	62	yes
lb-2-matesize-pe-warm	2026-10-06T16:46:44Z	1	no
lb-2-batch-pe-cold	2026-10-06T16:46:45Z	62	yes
lb-2-batch-pe-warm	2026-10-06T16:47:47Z	1	no
lb-2-final-pe-cold	2026-10-06T16:47:48Z	62	yes
lb-2-final-pe-warm	2026-10-06T16:48:50Z	1	no
lb-2-final-aa-pe-cold	2026-10-06T16:48:51Z	62	yes
lb-2-final-aa-pe-warm	2026-10-06T16:49:53Z	1	no
lb-2-upstream-pe-cold	2026-10-06T16:49:54Z	62	yes
lb-2-upstream-pe-warm	2026-10-06T16:50:56Z	1	no
lb-3-thp-pe-cold	2026-10-06T16:50:57Z	62	yes
lb-3-thp-pe-warm	2026-10-06T16:51:59Z	1	no
lb-3-fill-pe-cold	2026-10-06T16:52:00Z	62	yes
lb-3-fill-pe-warm	2026-10-06T16:53:02Z	1	no
lb-3-scan-pe-cold	2026-10-06T16:53:03Z	62	yes
lb-3-scan-pe-warm	2026-10-06T16:54:05Z	2	no
lb-3-recycle-pe-cold	2026-10-06T16:54:07Z	62	yes
lb-3-recycle-pe-warm	2026-10-06T16:55:09Z	1	no
lb-3-rc-pe-cold	2026-10-06T16:55:10Z	62	yes
lb-3-rc-pe-warm	2026-10-06T16:56:12Z	1	no
lb-3-matesize-pe-cold	2026-10-06T16:56:13Z	62	yes
lb-3-matesize-pe-warm	2026-10-06T16:57:15Z	1	no
lb-3-batch-pe-cold	2026-10-06T16:57:16Z	62	yes
lb-3-batch-pe-warm	2026-10-06T16:58:18Z	1	no
lb-3-final-pe-cold	2026-10-06T16:58:19Z	62	yes
lb-3-final-pe-warm	2026-10-06T16:59:21Z	1	no
lb-3-final-aa-pe-cold	2026-10-06T16:59:22Z	62	yes
lb-3-final-aa-pe-warm	2026-10-06T17:00:24Z	1	no
lb-3-upstream-pe-cold	2026-10-06T17:00:25Z	62	yes
lb-3-upstream-pe-warm	2026-10-06T17:01:27Z	1	no
lb-3-base-pe-cold	2026-10-06T17:01:28Z	62	yes
lb-3-base-pe-warm	2026-10-06T17:02:30Z	2	no
lb-4-fill-pe-warm	2026-10-06T17:02:32Z	1	no
lb-4-scan-pe-warm	2026-10-06T17:02:33Z	1	no
lb-4-recycle-pe-warm	2026-10-06T17:02:34Z	1	no
lb-4-rc-pe-warm	2026-10-06T17:02:35Z	1	no
lb-4-matesize-pe-warm	2026-10-06T17:02:36Z	1	no
lb-4-batch-pe-warm	2026-10-06T17:02:37Z	1	no
lb-4-final-pe-warm	2026-10-06T17:02:38Z	1	no
lb-4-final-aa-pe-warm	2026-10-06T17:02:39Z	1	no
lb-4-upstream-pe-warm	2026-10-06T17:02:40Z	1	no
lb-4-base-pe-warm	2026-10-06T17:02:41Z	2	no
lb-4-thp-pe-warm	2026-10-06T17:02:43Z	1	no
lb-5-scan-pe-warm	2026-10-06T17:02:44Z	1	no
lb-5-recycle-pe-warm	2026-10-06T17:02:45Z	1	no
lb-5-rc-pe-warm	2026-10-06T17:02:46Z	1	no
lb-5-matesize-pe-warm	2026-10-06T17:02:47Z	1	no
lb-5-batch-pe-warm	2026-10-06T17:02:48Z	0	no
lb-5-final-pe-warm	2026-10-06T17:02:48Z	1	no
lb-5-final-aa-pe-warm	2026-10-06T17:02:49Z	2	no
lb-5-upstream-pe-warm	2026-10-06T17:02:51Z	1	no
lb-5-base-pe-warm	2026-10-06T17:02:52Z	1	no
lb-5-thp-pe-warm	2026-10-06T17:02:53Z	1	no
lb-5-fill-pe-warm	2026-10-06T17:02:54Z	1	no
lb-6-recycle-pe-warm	2026-10-06T17:02:55Z	1	no
lb-6-rc-pe-warm	2026-10-06T17:02:56Z	1	no
lb-6-matesize-pe-warm	2026-10-06T17:02:57Z	1	no
lb-6-batch-pe-warm	2026-10-06T17:02:58Z	1	no
lb-6-final-pe-warm	2026-10-06T17:02:59Z	1	no
lb-6-final-aa-pe-warm	2026-10-06T17:03:00Z	1	no
lb-6-upstream-pe-warm	2026-10-06T17:03:01Z	1	no
lb-6-base-pe-warm	2026-10-06T17:03:02Z	2	no
lb-6-thp-pe-warm	2026-10-06T17:03:04Z	1	no
lb-6-fill-pe-warm	2026-10-06T17:03:05Z	1	no
lb-6-scan-pe-warm	2026-10-06T17:03:06Z	1	no
lb-7-rc-pe-warm	2026-10-06T17:03:07Z	1	no
lb-7-matesize-pe-warm	2026-10-06T17:03:08Z	1	no
lb-7-batch-pe-warm	2026-10-06T17:03:09Z	1	no
lb-7-final-pe-warm	2026-10-06T17:03:10Z	1	no
lb-7-final-aa-pe-warm	2026-10-06T17:03:11Z	1	no
lb-7-upstream-pe-warm	2026-10-06T17:03:12Z	1	no
lb-7-base-pe-warm	2026-10-06T17:03:13Z	2	no
lb-7-thp-pe-warm	2026-10-06T17:03:15Z	1	no
lb-7-fill-pe-warm	2026-10-06T17:03:16Z	1	no
lb-7-scan-pe-warm	2026-10-06T17:03:17Z	1	no
lb-7-recycle-pe-warm	2026-10-06T17:03:18Z	0	no
lb-8-matesize-pe-warm	2026-10-06T17:03:18Z	1	no
lb-8-batch-pe-warm	2026-10-06T17:03:19Z	1	no
lb-8-final-pe-warm	2026-10-06T17:03:20Z	1	no
lb-8-final-aa-pe-warm	2026-10-06T17:03:21Z	1	no
lb-8-upstream-pe-warm	2026-10-06T17:03:22Z	1	no
lb-8-base-pe-warm	2026-10-06T17:03:23Z	2	no
lb-8-thp-pe-warm	2026-10-06T17:03:25Z	1	no
lb-8-fill-pe-warm	2026-10-06T17:03:26Z	1	no
lb-8-scan-pe-warm	2026-10-06T17:03:27Z	1	no
lb-8-recycle-pe-warm	2026-10-06T17:03:28Z	1	no
lb-8-rc-pe-warm	2026-10-06T17:03:29Z	1	no
lb-9-batch-pe-warm	2026-10-06T17:03:30Z	1	no
lb-9-final-pe-warm	2026-10-06T17:03:31Z	1	no
lb-9-final-aa-pe-warm	2026-10-06T17:03:32Z	1	no
lb-9-upstream-pe-warm	2026-10-06T17:03:33Z	1	no
lb-9-base-pe-warm	2026-10-06T17:03:34Z	2	no
lb-9-thp-pe-warm	2026-10-06T17:03:36Z	1	no
lb-9-fill-pe-warm	2026-10-06T17:03:37Z	1	no
lb-9-scan-pe-warm	2026-10-06T17:03:38Z	1	no
lb-9-recycle-pe-warm	2026-10-06T17:03:39Z	0	no
lb-9-rc-pe-warm	2026-10-06T17:03:39Z	1	no
lb-9-matesize-pe-warm	2026-10-06T17:03:40Z	1	no
lb-10-final-pe-warm	2026-10-06T17:03:41Z	1	no
lb-10-final-aa-pe-warm	2026-10-06T17:03:42Z	1	no
lb-10-upstream-pe-warm	2026-10-06T17:03:43Z	1	no
lb-10-base-pe-warm	2026-10-06T17:03:44Z	2	no
lb-10-thp-pe-warm	2026-10-06T17:03:46Z	1	no
lb-10-fill-pe-warm	2026-10-06T17:03:47Z	1	no
lb-10-scan-pe-warm	2026-10-06T17:03:48Z	1	no
lb-10-recycle-pe-warm	2026-10-06T17:03:49Z	1	no
lb-10-rc-pe-warm	2026-10-06T17:03:50Z	1	no
lb-10-matesize-pe-warm	2026-10-06T17:03:51Z	1	no
lb-10-batch-pe-warm	2026-10-06T17:03:52Z	1	no
lb-perf-upstream-pe-cold	2026-10-06T17:03:53Z	61	yes
lb-perf-upstream-pe-warm	2026-10-06T17:04:54Z	1	no
lb-perf-base-pe-cold	2026-10-06T17:04:55Z	62	yes
lb-pprof-base-pe-cold	2026-10-06T17:05:57Z	72	yes
lb-perf-base-pe-warm	2026-10-06T17:07:09Z	1	no
lb-pprof-base-pe-warm	2026-10-06T17:07:10Z	1	no
lb-perf-final-pe-cold	2026-10-06T17:07:11Z	63	yes
lb-pprof-final-pe-cold	2026-10-06T17:08:14Z	63	yes
lb-perf-final-pe-warm	2026-10-06T17:09:17Z	0	no
lb-pprof-final-pe-warm	2026-10-06T17:09:17Z	161	no
push	2026-10-06T17:11:58Z	0	no
