key	size_bytes	etag	last_modified	storage_class
Kraken2_RefSeqCompleteV205/database150mers.kmer_distrib	177841040	72f042d01ad269400a547f4b8320e8fc-22	2023-08-30T13:13:47+00:00	INTELLIGENT_TIERING
Kraken2_RefSeqCompleteV205/database150mers.kraken	7071133341	591bf854fd73db1fea699f1029fc8be4-843	2023-08-30T13:14:33+00:00	INTELLIGENT_TIERING
Kraken2_RefSeqCompleteV205/genomes_added.txt	10887257	d4038491f63ec69dc64d708cba5757cd-2	2023-08-30T13:12:53+00:00	INTELLIGENT_TIERING
Kraken2_RefSeqCompleteV205/hash.k2d	1189091671800	f80959f9556b50d76b3e744afdd3b22a-8860	2023-08-30T13:49:06+00:00	INTELLIGENT_TIERING
Kraken2_RefSeqCompleteV205/opts.k2d	56	24fb1753eb45d74643ef13f16562df6b	2023-08-30T14:00:49+00:00	STANDARD
Kraken2_RefSeqCompleteV205/seqid2taxid.map	3030112471	412870f23a89e507abc9396eb6d2e1e8-362	2023-08-30T13:19:03+00:00	INTELLIGENT_TIERING
Kraken2_RefSeqCompleteV205/taxo.k2d	179150665	9ee988cb814f39881e29623b9c8007cd-22	2023-08-30T14:01:01+00:00	INTELLIGENT_TIERING
Kraken2_RefSeqCompleteV205/taxonomy.tar.gz	6625959242	f6e4a2de391ce4c8f27e5fc010fbac1a-790	2023-08-30T13:50:47+00:00	INTELLIGENT_TIERING
Kraken2_RefSeqCompleteV205/unmapped.txt	261	ef310b89fe5d015ebd1f6ddd0e56d144	2023-08-30T13:47:42+00:00	STANDARD
