run	spec	type	nodes	cost_usd	ended_or_state	orphans_rc
20261008-040133-ad4af00-18db-n8	runs/stage-cohort.json	c8g.large	8	1.0271	members done (fail fast: rank 2 exited 1)	1
20261008-042842-626bb79-dddc-n2	runs/g3-e2-x8g.12xlarge-n2.json	x8g.12xlarge	2	2.0035	members done	1
20261008-044702-3c2153c-55a5-n16	runs/g3-e3-r8g.4xlarge-n16.json	r8g.4xlarge	16	1.4489	members done	1
20261008-050436-8a6dbe6-b5de-n1	runs/g3-e2-x8g.24xlarge-n1.json	x8g.24xlarge	1	0.4533	members done (fail fast: rank 0 exited 1)	1
20261008-051043-9c4a5c7-f7bd-n16	runs/g3-e3-c8g.12xlarge-n16.json	c8g.12xlarge	16	1.7829	members done (fail fast: rank 0 exited 1)	1
20261008-051833-067c8d1-7e14-n1	runs/g3-e2-x8g.24xlarge-n1.json	x8g.24xlarge	1	2.0165	members done	1
20261008-052324-306f827-765d-n16	runs/g3-e3-c8g.12xlarge-n16.json	c8g.12xlarge	16	2.9219	members done (fail fast: rank 4 exited 137)	1
20261008-052413-306f827-5162-n16	runs/g3-e3-c9g.12xlarge-n16.json	c9g.12xlarge	16	2.0674	members done (fail fast: rank 10 exited 1)	1
20261008-054306-1a4dbfe-8ea3-n4	runs/g3-e2-x8g.8xlarge-n4.json	x8g.8xlarge	4	2.3274	interrupted (exit 130)	1
20261008-054327-1a4dbfe-0536-n16	runs/g3-e3-c8g.16xlarge-n16.json	c8g.16xlarge	16	7.3188	interrupted (exit 130)	1
20261008-054457-805d7a2-7357-n12	runs/stage-cohort.json	c8g.large	12	0.0919	members done	1
