aws-kraken2/g3/20261008-044702-3c2153c-55a5-n16/out/c100/0-SRR5935740/output	cHanB7.DtdcPxRU6h5Qk4zkR.J_QY59v	946738756	"4e2ab1d7a88e35afe6d099cbc240bb51-113"
aws-kraken2/g3/20261008-044702-3c2153c-55a5-n16/out/c100/0-SRR5935740/report	U.3TVCrcZLEc..tlS8gmgJhxVyNYOV0B	2248752	"9e77a18e2022d006fc9024d8ae2c97c8"
aws-kraken2/g3/20261008-044702-3c2153c-55a5-n16/out/c100/0-SRR5935741/output	Nfakh_t3c94IoSfShDL.pRrC.Iqb0G4l	1381654754	"8f29e14b459aa1b7cc3bf29b28b68165-165"
aws-kraken2/g3/20261008-044702-3c2153c-55a5-n16/out/c100/0-SRR5935741/report	mNwBmmCzQHrKXG3_OsblBmi_wN_yD3vl	1368896	"8c2722cfe7574eb5219ab6d849514f9b"
aws-kraken2/g3/20261008-044702-3c2153c-55a5-n16/out/c100/0-SRR5935742/output	wbgrGFS2oepEolnWwN0XfUDu3Z9eO885	1092444185	"f2b90253aa5c4a188a22d643fb66eebc-131"
aws-kraken2/g3/20261008-044702-3c2153c-55a5-n16/out/c100/0-SRR5935742/report	70rZeFhtBUMm8YMPk_OHIkRuSdFKuxCv	1622655	"d7c9bad251ee369653e8e3823602dfd0"
aws-kraken2/g3/20261008-044702-3c2153c-55a5-n16/out/c100/0-SRR5935743/output	uRDYgUzJMEvXhchInpztXJmnbrA7RgJz	27295524	"3f24957a9b308e26172eb7a808e01346-4"
aws-kraken2/g3/20261008-044702-3c2153c-55a5-n16/out/c100/0-SRR5935743/report	iMJCxU46l.c0b1LyHgUspcHJFsF9FXkL	341952	"ae3289f5c0880fc94d9f62da416a086f"
aws-kraken2/g3/20261008-044702-3c2153c-55a5-n16/out/c100/0-SRR5935744/output	szEdA581Rwe_dEJYM6JStMOaNe_rQ8CG	1406926238	"3c3fb69ad8b689e1efd3d8adb880f58e-168"
aws-kraken2/g3/20261008-044702-3c2153c-55a5-n16/out/c100/0-SRR5935744/report	rfQLP2ukLdnh9kYSIcsRWojWtTMg5kzr	1181695	"c5e5623615e146884c46f09111cfa0ca"
aws-kraken2/g3/20261008-044702-3c2153c-55a5-n16/out/c100/0-SRR5935745/output	9rJZzFezIzT08DjNm9l6EOIlO_wCaFEZ	897820263	"441d325e355b09f876f8876b7306713a-108"
aws-kraken2/g3/20261008-044702-3c2153c-55a5-n16/out/c100/0-SRR5935745/report	AJmV.wAZ5k9ROQklPYfIipBG88PFzGmI	1724465	"c57f515bef466ea1b4be9363ca968ff2"
aws-kraken2/g3/20261008-044702-3c2153c-55a5-n16/out/c100/0-SRR5935746/output	wemj_eSBBtP87WQBJzuOYzpwVqjRrUwV	903223803	"35e0c45bb00f779a17aefd93b655cef9-108"
aws-kraken2/g3/20261008-044702-3c2153c-55a5-n16/out/c100/0-SRR5935746/report	GqVvp8uz3IT0T0ULEyssKxlsKSRMt8N6	1320734	"c2d0907cdc798c74cd9b7432ae253c8d"
aws-kraken2/g3/20261008-044702-3c2153c-55a5-n16/out/c100/0-SRR5935747/output	GJFFeiI3idj27gzuoEXn3zBZgYH7nDWg	296796390	"86f01180a9c2b9845e4dd4f17b67859d-36"
aws-kraken2/g3/20261008-044702-3c2153c-55a5-n16/out/c100/0-SRR5935747/report	QcGQxGhcH5wA0GaQqipu4lV27_cBG3vJ	1163769	"6ac37cd5495698de8647f6e67ebdf560"
aws-kraken2/g3/20261008-044702-3c2153c-55a5-n16/out/c100/0-SRR5935748/output	mHu_zS7KeAzQjoK8CGm1HEBdY3uyayG4	1141831527	"863bd56588b3cade48972eae5ed2a721-137"
aws-kraken2/g3/20261008-044702-3c2153c-55a5-n16/out/c100/0-SRR5935748/report	roV8qjqqHSl2fN5bJgEnfXkDBNzmZBGZ	1938463	"0e69c65c26dcff28c5e8e7c1c5465571"
aws-kraken2/g3/20261008-044702-3c2153c-55a5-n16/out/c100/0-SRR5935749/output	89UE2y0ZOa8jKNmrsNAcK.vCM39iARtW	1565294252	"33bab253dafe240c14572741c58c41f2-187"
aws-kraken2/g3/20261008-044702-3c2153c-55a5-n16/out/c100/0-SRR5935749/report	9VYSKszGA5jYZ.kE1Bx9yyUA1nKBB2pf	1256645	"f819b582c7d0d9de1f6b13dcfe48ce28"
aws-kraken2/g3/20261008-044702-3c2153c-55a5-n16/out/c100/0-SRR5935750/output	zQ1J9AMKK9_adG6Z5.X9F8K1d2oSuUEh	643030825	"d96f1380d23a6f9c4fa95ca95786a7c4-77"
aws-kraken2/g3/20261008-044702-3c2153c-55a5-n16/out/c100/0-SRR5935750/report	Sr4WrYnkreSo4yZKQ1ua2qFxAVuBzN.v	1002553	"385819165f4aac144c53d67576205aca"
aws-kraken2/g3/20261008-044702-3c2153c-55a5-n16/out/c100/0-SRR5935751/output	VeU9wwZ4NxDPtZwv3ZGChHhJGes6FusZ	1465416301	"455285249c6fd431d18ea5e325c2c063-175"
aws-kraken2/g3/20261008-044702-3c2153c-55a5-n16/out/c100/0-SRR5935751/report	9PZoA9j.mAlKwpuYnlEhk4SBp.P1RgVn	1396811	"1aa18848401149c337687df94a097505"
aws-kraken2/g3/20261008-044702-3c2153c-55a5-n16/out/c100/0-SRR5935752/output	7zqMXHwYaZj11vpKi0_oP82543SaYXmt	1117536035	"c900c6089a10b3d05527cd9f4daba664-134"
aws-kraken2/g3/20261008-044702-3c2153c-55a5-n16/out/c100/0-SRR5935752/report	E7E8M.dEp5E8VwBKAYZeVMmoTuY_VfGp	806542	"4698d588c54166d9aaada2fad1cf1689"
aws-kraken2/g3/20261008-044702-3c2153c-55a5-n16/out/c100/0-SRR5935753/output	x7Js0jsMsL7OqpOYudKG4.orQg._Hdmb	1208291702	"c96ba7b6ed8b7f0a4f47bd06541c7396-145"
aws-kraken2/g3/20261008-044702-3c2153c-55a5-n16/out/c100/0-SRR5935753/report	agT9GQOkI0zC6WD9_5hHY3ztjekAuglx	1606917	"7ca79f400e631fe9c8e4ee48ac7c908c"
aws-kraken2/g3/20261008-044702-3c2153c-55a5-n16/out/c100/0-SRR5935754/output	XQOi9p_jTYYPHlcBj_LyTpUVf5tlR8sL	910753380	"cba36ff22fe47595711ebfea36ce5c9b-109"
aws-kraken2/g3/20261008-044702-3c2153c-55a5-n16/out/c100/0-SRR5935754/report	BYC_JSaFpxnKeIHGRmiHSMHXaT00KEQE	2028520	"1f1509568034e3e226de9e5bb8f57aeb"
aws-kraken2/g3/20261008-044702-3c2153c-55a5-n16/out/c100/0-SRR5935755/output	OnHY9GhLzydXaTgYdfnlyt99JYGyuFZy	493002568	"40025331346bffb4a90333a21fdfb23f-59"
aws-kraken2/g3/20261008-044702-3c2153c-55a5-n16/out/c100/0-SRR5935755/report	jGQstwsyt_kIHvzYdaU4YWaEwv72pfpx	1925503	"64830f134c5706ba71ba95f0bcdbc355"
aws-kraken2/g3/20261008-044702-3c2153c-55a5-n16/out/c100/0-SRR5935756/output	I.kNNCyeFXMl_m9gLJZHSLFxm_9rrkJM	1348489750	"e725bd16e114bec0a8b147f47e3c8e43-161"
aws-kraken2/g3/20261008-044702-3c2153c-55a5-n16/out/c100/0-SRR5935756/report	SE4YGl..XQ4Vn0ZC5fqALll936sLmNLH	1810112	"0fd72970d1029a408f8a69d8b5b8b577"
aws-kraken2/g3/20261008-044702-3c2153c-55a5-n16/out/c100/0-SRR5935757/output	mQ7Awca56bayt5f_pNm.JHkzBCVW05TU	1579904848	"e26c66232d3b9350509fa7a6709fc397-189"
aws-kraken2/g3/20261008-044702-3c2153c-55a5-n16/out/c100/0-SRR5935757/report	ZM1jgQp0rJKytQxc6hsWkmBL5ETvN0ie	1886320	"4daa4588faaccbc4bda5e5c07bd3ae6a"
aws-kraken2/g3/20261008-044702-3c2153c-55a5-n16/out/c100/0-SRR5935758/output	DutRs7VlH6wn1fAiOlcNCeGcKhQDP_vC	655178849	"11eedf0388d03028a264687a5b7d16f5-79"
aws-kraken2/g3/20261008-044702-3c2153c-55a5-n16/out/c100/0-SRR5935758/report	1hXEs8CssHP_ZC3k_EamjJDhN8pXu60d	1047994	"28e1d014f9b494550e804bfb9ab73f6b"
aws-kraken2/g3/20261008-044702-3c2153c-55a5-n16/out/c100/0-SRR5935759/output	fc.ZaplE65v8KdSzzvNZUT55Pb7bTyKU	1485622720	"3ade6217d0729fcbf432c71852add2c3-178"
aws-kraken2/g3/20261008-044702-3c2153c-55a5-n16/out/c100/0-SRR5935759/report	hsJNrrsbGZa9rY4irNUvSgA4OhtVNUCw	1800868	"4678bae6f78fc8f6184cad45f05345fd"
aws-kraken2/g3/20261008-044702-3c2153c-55a5-n16/out/c100/0-SRR5935760/output	EjsDtVmLhvSDFutUlisb46d.NAN.vqvM	894778457	"85db7e58525c5eed8349c611e58c43fb-107"
aws-kraken2/g3/20261008-044702-3c2153c-55a5-n16/out/c100/0-SRR5935760/report	AM.FkfmBRho3.2.ykfMcmnSoiJyI.T9m	1068522	"46fde65478c0d0a936b47aa331abf441"
aws-kraken2/g3/20261008-044702-3c2153c-55a5-n16/out/c100/0-SRR5935761/output	Z0HrcR_9II9fa_Rgicud_B_pUmfFrg9F	1123139015	"5cbcdf96b113b5f000417bf4c81808e8-134"
aws-kraken2/g3/20261008-044702-3c2153c-55a5-n16/out/c100/0-SRR5935761/report	FNLiwyyzSYdDgU0nzN83yo26YK5FkETy	1213198	"40c3edf00c38c0bb966979875c57cbf0"
aws-kraken2/g3/20261008-044702-3c2153c-55a5-n16/out/c100/0-SRR5935762/output	xDI.NcUjKWGVcG7IQwVW_ayA8boa1TsI	1548601024	"aa22dc7fcd663c17cf4190ce5f0b2951-185"
aws-kraken2/g3/20261008-044702-3c2153c-55a5-n16/out/c100/0-SRR5935762/report	5j6PF11Rfvn82p02SPAJuah6ee4oNw46	1328169	"3a99c71d3fec811b0d863cbdc203cfc6"
aws-kraken2/g3/20261008-044702-3c2153c-55a5-n16/out/c100/0-SRR5935763/output	BvJcr_1U9Kd4sMawIZuBSvY56bLI3pJq	470465597	"a1cc17c374ab92ab30d8d7402fefb834-57"
aws-kraken2/g3/20261008-044702-3c2153c-55a5-n16/out/c100/0-SRR5935763/report	tofdTtvAgxCbvWYwEsbDCy1E570p0Zjr	799739	"e5bdcba7997615738598ddfc7767ad33"
aws-kraken2/g3/20261008-044702-3c2153c-55a5-n16/out/c100/0-SRR5935764/output	cVGzX8_HguybeVuJTGUUPqW_Om.6TdmC	1056480454	"39bc5c03c6d4385aa225c1fbf9c64cbe-126"
aws-kraken2/g3/20261008-044702-3c2153c-55a5-n16/out/c100/0-SRR5935764/report	hm.CqMZreK6ce89mn5z_rdW_yU7jeqJu	1456220	"82f7f4f45e36c5733005debd2d0deccd"
aws-kraken2/g3/20261008-044702-3c2153c-55a5-n16/out/c100/0-SRR5935765/output	rQQ_PBsXp.qXuFaf4_eT9vlMxpfRSlgW	868996488	"1feb2744116cf71a6d30e12bf84ea163-104"
aws-kraken2/g3/20261008-044702-3c2153c-55a5-n16/out/c100/0-SRR5935765/report	f.QjKCRf3XOZcBFqI.4qfc5NX0hwnh55	1093035	"fc475b68432aae6b4ff15253f9a4cf5e"
aws-kraken2/g3/20261008-044702-3c2153c-55a5-n16/out/c100/0-SRR5935766/output	zf_OU_8y8qJeCTruhgprD961vy5NnosV	1196000935	"46ec004fa7fad326fb2823f14779ad5e-143"
aws-kraken2/g3/20261008-044702-3c2153c-55a5-n16/out/c100/0-SRR5935766/report	0cSKlTOxRCJLWTSBxU.V_3jUqulaOE0U	1389765	"be1271dfeebff8efdb070a33aa1c5d42"
aws-kraken2/g3/20261008-044702-3c2153c-55a5-n16/out/c100/0-SRR5935767/output	J8db9wsth45gXt5im4aTz83xHZGMPOR2	493196104	"60d081cbf30c4eeeb5cc60a85b1166ce-59"
aws-kraken2/g3/20261008-044702-3c2153c-55a5-n16/out/c100/0-SRR5935767/report	wKqzzjg70Z.LtC8yEvrLTEu09MY.LIbU	1215682	"bf4e5698de26332ff1ef259b182f428c"
aws-kraken2/g3/20261008-044702-3c2153c-55a5-n16/out/c100/0-SRR5935768/output	5Xj2dVFB7_ZwaIWEgJpMsvGQWf9uX2S2	1412003175	"182fadb45a81c09e452b17e56c8e412b-169"
aws-kraken2/g3/20261008-044702-3c2153c-55a5-n16/out/c100/0-SRR5935768/report	kC6Cf.LracnsO05GUnAjxPGH55x0iX5p	1882093	"464f2bcaf9559652181296ac0d110531"
aws-kraken2/g3/20261008-044702-3c2153c-55a5-n16/out/c100/0-SRR5935769/output	ipspMjJEd8M1XlBZU2GD9uACygFaz9l5	994989473	"86cc2f2ad088e288925fcd16fc7d1840-119"
aws-kraken2/g3/20261008-044702-3c2153c-55a5-n16/out/c100/0-SRR5935769/report	Tn9X.RfvLtWm50PwsPd9AoF92.7RA1pN	1796504	"4b577b3001ba3308bd204d42bd61df59"
aws-kraken2/g3/20261008-044702-3c2153c-55a5-n16/out/c100/0-SRR5935770/output	wDnTSq0c8qy8NjrlWkv2KWt4r3X.0_Cy	1485977558	"482bedbbf51074e0829640969f980674-178"
aws-kraken2/g3/20261008-044702-3c2153c-55a5-n16/out/c100/0-SRR5935770/report	fjstXXC9lmulX1g0EjN16ihMrxTetHOG	1509097	"717071ca941e140874e74d9dd6e1e9c8"
aws-kraken2/g3/20261008-044702-3c2153c-55a5-n16/out/c100/0-SRR5935771/output	wOdHw3OkOv2ZGeVm2TuC4.u1FvpKSmhM	825926292	"5bd4624f0baa5c525a3299706f14fee8-99"
aws-kraken2/g3/20261008-044702-3c2153c-55a5-n16/out/c100/0-SRR5935771/report	IQwSR64hAQ34HAmNVL9ZzbtgJ5VEnFMS	1771191	"8701fedfacfa23eb2943f67f81310fc3"
aws-kraken2/g3/20261008-044702-3c2153c-55a5-n16/out/c100/0-SRR5935772/output	7CgZUjaLS.rfvcWzW6r36nxf3H6_dGWH	1299349298	"a7f618852a94bc35334fe5b997e0fc26-155"
aws-kraken2/g3/20261008-044702-3c2153c-55a5-n16/out/c100/0-SRR5935772/report	kvkDLOJaaZKa942pjTg6mNTy2tSfMHWl	1893229	"df7fc5953ce1e817770866998c55765b"
aws-kraken2/g3/20261008-044702-3c2153c-55a5-n16/out/c100/0-SRR5935773/output	HK0cApIo5J5i2B30IgIrq9CtbCyGkKOq	1777027561	"e69b85a78eb4f006ca865e89843ee8ab-212"
aws-kraken2/g3/20261008-044702-3c2153c-55a5-n16/out/c100/0-SRR5935773/report	txZ6kmwpsJtXBOm4a7bvXuySZHYQ6cMq	1407784	"4bafbf04310f0e65af54098e7be4c9e5"
aws-kraken2/g3/20261008-044702-3c2153c-55a5-n16/out/c100/0-SRR5935774/output	KAI8MLX1Z1_GaYHHrie18NOB.nfOeoHm	1118595795	"876b635c8e2c16fe4616613bd27a4e9e-134"
aws-kraken2/g3/20261008-044702-3c2153c-55a5-n16/out/c100/0-SRR5935774/report	L5BNTr_OCj_M6DHJW.K0VwBLV9bjDUbO	2260847	"374fbd66817070d92c160cbdf8d548f2"
aws-kraken2/g3/20261008-044702-3c2153c-55a5-n16/out/c100/0-SRR5935775/output	Xcm1lZ2sYVOo3tcWBue6Ri1Z0tmRZHf7	1048439000	"2fec32271832f34f7265bc3a7185cada-125"
aws-kraken2/g3/20261008-044702-3c2153c-55a5-n16/out/c100/0-SRR5935775/report	gyMGl.Cy71s8cS8ZITqhfOzxYyHGAJP4	923682	"e9462c8ee8a540cee05c1f908bde50b8"
aws-kraken2/g3/20261008-044702-3c2153c-55a5-n16/out/c100/0-SRR5935776/output	idutkOEPjHMo4LdyBtKTSJlZ_Y7fnwlT	286390951	"c2adbcbf037ff45a0cc06dc5cf5d50a4-35"
aws-kraken2/g3/20261008-044702-3c2153c-55a5-n16/out/c100/0-SRR5935776/report	JwaJB36GgnUkzfdy8kwnUsBbYmCySo8K	712980	"cfd4cdea3f050ea603703fd0f76cc58f"
aws-kraken2/g3/20261008-044702-3c2153c-55a5-n16/out/c100/0-SRR5935777/output	M7WUTHQsANMIjwq9f2J3ZbTRaow0LWHc	791547814	"b28d495546ec4bae727a213df16c1678-95"
aws-kraken2/g3/20261008-044702-3c2153c-55a5-n16/out/c100/0-SRR5935777/report	fQS6.fcylLKHNZbaBM.OSTAJZd3z_RiY	996979	"b5a778de88aba08b024be88d3c973d5c"
aws-kraken2/g3/20261008-044702-3c2153c-55a5-n16/out/c100/0-SRR5935778/output	3STGlEyty8K4UX7PvPw4wDFjm9ZFW6Ct	882898467	"aa0f50fdd8619eb0bbddb58c0bae3a7e-106"
aws-kraken2/g3/20261008-044702-3c2153c-55a5-n16/out/c100/0-SRR5935778/report	S..tT.4tDiZWJRuZXL.l4vIl2ZObpDHb	1826402	"2fb5abc9300dc603cc30ff035b9ffc79"
aws-kraken2/g3/20261008-044702-3c2153c-55a5-n16/out/c100/0-SRR5935779/output	No8DYja8xVXQKQ0dzQyLMve2g5YBe3tE	494156809	"2ab5161579914f233c4c611d32bb6b96-59"
aws-kraken2/g3/20261008-044702-3c2153c-55a5-n16/out/c100/0-SRR5935779/report	tJRdXf6zoBn0JX89TE0M3WKixjJyyapc	1053419	"ede35e08dc0e38c145ef798388434d4f"
aws-kraken2/g3/20261008-044702-3c2153c-55a5-n16/out/c100/0-SRR5935780/output	He4FIwIqsiZ0SN0ifdSCrVjpXUpRQdZW	864919629	"58f2f1c5a4968d917ad3af4242f36a02-104"
aws-kraken2/g3/20261008-044702-3c2153c-55a5-n16/out/c100/0-SRR5935780/report	YlSnaMNVHzHFWJFUfhiNfxuQmv6WcDpk	1301060	"39a72b723039d717ab18ef19b247cf61"
aws-kraken2/g3/20261008-044702-3c2153c-55a5-n16/out/c100/0-SRR5935781/output	2JizjMP.S4oNbZW3nLO0VTfwcCvEgPFl	778867383	"d5edb2fd25fac242283c067da5c38666-93"
aws-kraken2/g3/20261008-044702-3c2153c-55a5-n16/out/c100/0-SRR5935781/report	.SVhS1JTOIh8KS_jf.LeGtFUBgQCtTo9	1056727	"c9e94a497b254a0d1a6823fa56de9c67"
aws-kraken2/g3/20261008-044702-3c2153c-55a5-n16/out/c100/0-SRR5935782/output	R8WzYr4wY42gIwyvYhHc_g_A5EeRMbza	827402500	"9958de62d2851c034e9017780773663f-99"
aws-kraken2/g3/20261008-044702-3c2153c-55a5-n16/out/c100/0-SRR5935782/report	8shwq6RgnDF8lh0pbtwLwPWj4ipDvjMJ	1056592	"ee7946483bce1ef20e6a90306392bdb1"
aws-kraken2/g3/20261008-044702-3c2153c-55a5-n16/out/c100/0-SRR5935783/output	ERDD717yEMM_.n4ckOmm6fn5r7uJX4Ij	250474215	"bc4289ae0e04a011798e1e302dceca2f-30"
aws-kraken2/g3/20261008-044702-3c2153c-55a5-n16/out/c100/0-SRR5935783/report	cPhsdupM0.pakiS8wiVENXBg7F2Jygk1	687469	"51cde5f7e388d53785d016617ee59aed"
aws-kraken2/g3/20261008-044702-3c2153c-55a5-n16/out/c100/0-SRR5935784/output	EHOEC_pS4g4P_caa2k.I_Ch_w4xlbL4v	1294739086	"86500e810c118f02283cfa2c703e80db-155"
aws-kraken2/g3/20261008-044702-3c2153c-55a5-n16/out/c100/0-SRR5935784/report	Y1ZiaUvRau0CRHxfND572.4BKUkT5VHF	1381839	"fadcb36576b6193e03889c85ea7c380a"
aws-kraken2/g3/20261008-044702-3c2153c-55a5-n16/out/c100/0-SRR5935785/output	xYJ1Ep6eHqmLvcrb4sXeYvWOAgfGmXCd	1327890644	"97f14e7aa6e025f60aa75b1184c7f76a-159"
aws-kraken2/g3/20261008-044702-3c2153c-55a5-n16/out/c100/0-SRR5935785/report	GMMx3yQ79K.DpcKZ9yLF1hS9dlxnyQL4	1821031	"dde4ebe25c01e0c237e180ed92bbec1d"
aws-kraken2/g3/20261008-044702-3c2153c-55a5-n16/out/c100/0-SRR5935786/output	wr2Rg8BLh4rHs5L8aljvI525lyDTl8Ni	866581495	"6aea7df630a4f9669e642a0bc1d332ab-104"
aws-kraken2/g3/20261008-044702-3c2153c-55a5-n16/out/c100/0-SRR5935786/report	6CIp8M.k5VFNHAYZvxsiXH0.yEr1nvsO	1615388	"32d4735cb3094eeb0d6752c3647ac268"
aws-kraken2/g3/20261008-044702-3c2153c-55a5-n16/out/c100/0-SRR5935787/output	H_j0G_BZHnZ.nlAVlSM8xspvvqLIJ1XJ	1318938581	"0d615a2ece74be38286f7b2967f0f867-158"
aws-kraken2/g3/20261008-044702-3c2153c-55a5-n16/out/c100/0-SRR5935787/report	9BP_x9JrqbL5gSdyQOPOrF66tRM6xpGi	1117113	"4cbb04f99ffb94c62e906f3b27bb89a8"
aws-kraken2/g3/20261008-044702-3c2153c-55a5-n16/out/c100/0-SRR5935788/output	XorwuluzA2iaVDV9IVBuGBdvokVdbnkY	1005667156	"b9d94a731a51ee68f14469b0f0abb674-120"
aws-kraken2/g3/20261008-044702-3c2153c-55a5-n16/out/c100/0-SRR5935788/report	UJ3M2SFyyp0XL7_iS4tCO5MNM9CsvFao	1157451	"393a1e3f8ea419ff25504dfd5e98de9b"
aws-kraken2/g3/20261008-044702-3c2153c-55a5-n16/out/c100/0-SRR5935789/output	mNRju0MLabiHBwCBOA9SfQjkKJcWKhsD	128783639	"3db6aeb189b6d823539f71c1cf82894f-16"
aws-kraken2/g3/20261008-044702-3c2153c-55a5-n16/out/c100/0-SRR5935789/report	QhD1SWJKDxgWFUoK8TzMaL8KHkRYm1rF	579130	"d4f3217421711465fdeb80f8afa6dcbd"
aws-kraken2/g3/20261008-044702-3c2153c-55a5-n16/out/c100/0-SRR5935790/output	_zzdRFKn9r5Rusfle4t5IR8tT582ZfIF	793488802	"7b9aac5a82ff3d901c2083c149ee6d82-95"
aws-kraken2/g3/20261008-044702-3c2153c-55a5-n16/out/c100/0-SRR5935790/report	wPPLHhf_aoHcQi5uZNincPCTZ8yDbrcm	1494506	"55e00bd1f2a23d180056db854f54051b"
aws-kraken2/g3/20261008-044702-3c2153c-55a5-n16/out/c100/0-SRR5935791/output	OXW1rmgsomMqzTyG9UITVuwn2v30POOs	779693908	"5276b3abbaa6665d5f3eb155ed4c24b4-93"
aws-kraken2/g3/20261008-044702-3c2153c-55a5-n16/out/c100/0-SRR5935791/report	HLJQDLDhCHeyfkDYFCOsfdYp3Bkzl7j9	751941	"91d3a3f7bb769147e5c8419089f3e5c5"
aws-kraken2/g3/20261008-044702-3c2153c-55a5-n16/out/c100/0-SRR5935792/output	MNXS.hz_D1iCLLMMRlMeMO1QPh73ypNH	922381736	"684de63d556f2d26f5d7db58948ac4bd-110"
aws-kraken2/g3/20261008-044702-3c2153c-55a5-n16/out/c100/0-SRR5935792/report	oKgq0T8zMBz0kBxvQXtWXejbkarouLK0	1503696	"0b64bbdecb16c98ba558fd070d4920bc"
aws-kraken2/g3/20261008-044702-3c2153c-55a5-n16/out/c100/0-SRR5935793/output	1wRyjQ6UILapzODHLCS6HhqZ1rhMLSeQ	152974172	"c034cf6d4c04895266741b09da9ec66f-19"
aws-kraken2/g3/20261008-044702-3c2153c-55a5-n16/out/c100/0-SRR5935793/report	xDEAxq59PlCejUWSZKzUgZP9k4UhGLD.	1574315	"a99382ba4f949c390c974e93c719cbcb"
aws-kraken2/g3/20261008-044702-3c2153c-55a5-n16/out/c100/0-SRR5935794/output	lfzZAmURLRCq3lccP4MXA1fmAkCze0a_	1287477440	"76e8c414b5221183fe8abbd2e4dae9a4-154"
aws-kraken2/g3/20261008-044702-3c2153c-55a5-n16/out/c100/0-SRR5935794/report	BBa8is7lg0tSZbVMO8iYpLZMC.wtfoRa	948428	"5b9366d916e66d3c8f92d46d61d3778f"
aws-kraken2/g3/20261008-044702-3c2153c-55a5-n16/out/c100/0-SRR5935795/output	372RrYRaTzzwHsCjNtjwB7kD8scQWFLp	967838535	"20f574737b44018702e88783b0f2580a-116"
aws-kraken2/g3/20261008-044702-3c2153c-55a5-n16/out/c100/0-SRR5935795/report	DSMnry1nlieCV8xSPwcSUncQCoQUwVtJ	1182812	"4aec6e24eb607f97aad2887e40c5415e"
aws-kraken2/g3/20261008-044702-3c2153c-55a5-n16/out/c100/0-SRR5935796/output	IwVqYjpX6mx60WkoylRewaf5Q7X0govS	1439597663	"a0fd1aeedeebee2912046d2434209a3f-172"
aws-kraken2/g3/20261008-044702-3c2153c-55a5-n16/out/c100/0-SRR5935796/report	suOZmBnD0buImKBWBEK.5j9htAbg1KfW	1898887	"5ac17446f8780e0aa084a35be78a52d5"
aws-kraken2/g3/20261008-044702-3c2153c-55a5-n16/out/c100/0-SRR5935797/output	inlLEg.URgLN5hbD48vnGoxuexUzjuYp	733153484	"b33a30911bcdb17e3e17c3a255745715-88"
aws-kraken2/g3/20261008-044702-3c2153c-55a5-n16/out/c100/0-SRR5935797/report	4qL4r97zxaTnMILBiHdjciKmaUcdN.LA	1518141	"96e5d615eaded085404f8fa1bb3ec800"
aws-kraken2/g3/20261008-044702-3c2153c-55a5-n16/out/c100/0-SRR5935798/output	xG2aKGVf4si5t8.lu7yC9kNyQ6bpojRN	1796159145	"dfbbfb6c1733ee7d0957a41916fc4e96-215"
aws-kraken2/g3/20261008-044702-3c2153c-55a5-n16/out/c100/0-SRR5935798/report	UfaUSCgklmpL07C0UJ.cl..m7GxAAGqN	1733186	"13a72dbc2f31fc8f80e94d8623b5c0a1"
aws-kraken2/g3/20261008-044702-3c2153c-55a5-n16/out/c100/0-SRR5935799/output	SdOp6sarTUpcuT0nCHc7hD5ZxZap4mcj	804185919	"81273ab52501494863858c3743a487cf-96"
aws-kraken2/g3/20261008-044702-3c2153c-55a5-n16/out/c100/0-SRR5935799/report	iS_19T6w9Qjkg27WoPWBeT4rbILWxagT	2452731	"e3b4e6e76758168dd447208b126ca365"
aws-kraken2/g3/20261008-044702-3c2153c-55a5-n16/out/c100/0-SRR5935800/output	Xy6ealNvEdX2gEGnS_392zSZBwk2YX.K	1458658836	"da80b17f48121a57b382f328bea20735-174"
aws-kraken2/g3/20261008-044702-3c2153c-55a5-n16/out/c100/0-SRR5935800/report	qulfVfH_VJcMIG6vBFwBioQp4jW8oddd	1221915	"ef78abfdf39f50567becd1dd751880e7"
aws-kraken2/g3/20261008-044702-3c2153c-55a5-n16/out/c100/0-SRR5935801/output	ivNAHhwWmhmpiWrFjZSxLTs.Fst0AVTA	1286139706	"a747982526b701fc90908bf536eba110-154"
aws-kraken2/g3/20261008-044702-3c2153c-55a5-n16/out/c100/0-SRR5935801/report	5RkyUzXnh6x20671b6qYCpGt1sBxPhQC	1774484	"03a6f5dda116491f94e2a2475540ed76"
aws-kraken2/g3/20261008-044702-3c2153c-55a5-n16/out/c100/0-SRR5935802/output	MrrHxKgbGxMCgkUc7.9oa4rPaiFzQe2p	1382186401	"a418679cc9ed47334885ed2231de53b6-165"
aws-kraken2/g3/20261008-044702-3c2153c-55a5-n16/out/c100/0-SRR5935802/report	4nKL41n3zpxG.wLtpmQfDx9.fmZHlSEd	1365791	"7ad8b4b888ee0e2dc2672a7f593a78b4"
aws-kraken2/g3/20261008-044702-3c2153c-55a5-n16/out/c100/0-SRR5935803/output	1o70IiUwOCmWGmMLEKvM5UANegGkPcwq	1571180854	"c54bbcc90824952242bc626b6abca923-188"
aws-kraken2/g3/20261008-044702-3c2153c-55a5-n16/out/c100/0-SRR5935803/report	lbGrCpjyGun7gbtvW9PeDhKh80cdAQbc	1229520	"53156d5a11a00c85c64e259eb0df128d"
aws-kraken2/g3/20261008-044702-3c2153c-55a5-n16/out/c100/0-SRR5935804/output	l689MxfjXtvTlY5edWDDOTdiZaETkEKn	1162676376	"23695502da74903e9a8b838b39338fa6-139"
aws-kraken2/g3/20261008-044702-3c2153c-55a5-n16/out/c100/0-SRR5935804/report	nE9ahy6VyBpgC_X6QYfaRVXiO2.Oy1jR	1691506	"58fcb528809be80f2f1ddfb71d850a33"
aws-kraken2/g3/20261008-044702-3c2153c-55a5-n16/out/c100/0-SRR5935805/output	9H20Hj8TiwI867c4gKS48WcYN9FeFH4O	227009157	"009d606c572950271aab2a79a1e09aa6-28"
aws-kraken2/g3/20261008-044702-3c2153c-55a5-n16/out/c100/0-SRR5935805/report	8bYom4pu7t__9UIGemG4GZkqLvcnjIRv	768876	"062e2384cc61372e4acecdd0046fe6aa"
aws-kraken2/g3/20261008-044702-3c2153c-55a5-n16/out/c100/0-SRR5935806/output	d91wIu78uSAPcacAI90rktXPiWn5ValA	1300078926	"77d70b11798631c7e6806b29e4ecbe27-155"
aws-kraken2/g3/20261008-044702-3c2153c-55a5-n16/out/c100/0-SRR5935806/report	u89fwtSM8oQRKh_Xmy.7KRjlBFfz3zHW	1442867	"c900ede3aeb90c3ba242cb0ea0fdb0c4"
aws-kraken2/g3/20261008-044702-3c2153c-55a5-n16/out/c100/0-SRR5935807/output	PLHbp146tPS231AjEZWT813943HXMZFR	1398044104	"5254ddabf1f8cffda1f986d427dce699-167"
aws-kraken2/g3/20261008-044702-3c2153c-55a5-n16/out/c100/0-SRR5935807/report	c7V6XY3hA0v3YZEQOzuExm4SGpWP7xjP	2235742	"a25aee2b237425e0760d096831fe7c3d"
aws-kraken2/g3/20261008-044702-3c2153c-55a5-n16/out/c100/0-SRR5935808/output	r66ycqRqV86B0pifJgNFO8RXLDYlNej1	1245254954	"bf646bfd64837e501121f436932983ee-149"
aws-kraken2/g3/20261008-044702-3c2153c-55a5-n16/out/c100/0-SRR5935808/report	zuCDp4MrD3Tf2zUH3JBdDBLGIZ1mvlIp	1615509	"606b89a17229ee93b37fd0c330527980"
aws-kraken2/g3/20261008-044702-3c2153c-55a5-n16/out/c100/0-SRR5935809/output	FvhLHMq0Byxm8k0OAwWgJFytyYZKgyex	133732200	"739df34281337ce5f6c03b96c9c1d1a9-16"
aws-kraken2/g3/20261008-044702-3c2153c-55a5-n16/out/c100/0-SRR5935809/report	PUc4Yie6S5O_IOeuAXfE67WYGgycrMJM	733326	"7268edfcb09bf453d8073351cf2f13fd"
aws-kraken2/g3/20261008-044702-3c2153c-55a5-n16/out/c100/0-SRR5935810/output	ZcTOhGtSOYZcK7oAERh_JySEcURExK4G	1367441604	"c09b90c34727be72a3f9668cc2ef6328-164"
aws-kraken2/g3/20261008-044702-3c2153c-55a5-n16/out/c100/0-SRR5935810/report	Xe90gu4EApdEIEVvzJshag9GNGklyFDL	2356584	"b7f1961258966a6cbcc92417bd45d501"
aws-kraken2/g3/20261008-044702-3c2153c-55a5-n16/out/c100/0-SRR5935811/output	LT0MpWrvXntTtfpTkD3Fuhtqxx93MInU	791085404	"6a47dc023feb4952e546b38d72f1bfde-95"
aws-kraken2/g3/20261008-044702-3c2153c-55a5-n16/out/c100/0-SRR5935811/report	3fJ5nzx6COjvj8j7vpUhu4ky3gS_j18I	1087987	"d44b6db0321e21436719bc4b1daa4949"
aws-kraken2/g3/20261008-044702-3c2153c-55a5-n16/out/c100/0-SRR5935812/output	sJn90IjBzpeJx_ig6KathVjEkr5QbXOW	780122098	"76c6596f3fdc2f5416e7b745018adb03-93"
aws-kraken2/g3/20261008-044702-3c2153c-55a5-n16/out/c100/0-SRR5935812/report	2jMPz5nyXylkN1vzNHxF5kG_WEgMZpdO	1223495	"c2287bbc0ccde481dbb853a8b9da9a2c"
aws-kraken2/g3/20261008-044702-3c2153c-55a5-n16/out/c100/0-SRR5935813/output	Utuyzvivr9G4fNYyrWTkwEgVZemcdG0e	1478837804	"bbdb9690bda9aeac070d2e70cbc221d7-177"
aws-kraken2/g3/20261008-044702-3c2153c-55a5-n16/out/c100/0-SRR5935813/report	m2SToA7zY9I9US9JhwGqPzdKR2k4de9Y	1860452	"8217230b3893abfea3cb8dfbef933266"
aws-kraken2/g3/20261008-044702-3c2153c-55a5-n16/out/c100/0-SRR5935814/output	s0ZfBH26vj.KG3.vE47Ovrf6sj.8znBA	441925904	"2c8ad4581d0489d648937d04e1459784-53"
aws-kraken2/g3/20261008-044702-3c2153c-55a5-n16/out/c100/0-SRR5935814/report	EioQqRPRkBTgHDdVvXTGyULZaSlAuxy_	890508	"20347bda3784cb4a40ac7148ca3c6c41"
aws-kraken2/g3/20261008-044702-3c2153c-55a5-n16/out/c100/0-SRR5935815/output	xcoS6UOnXlHuJHBr3EJgy8sk8.HsWuUI	637407969	"b4baabb4558da0d53d8085e35eca0d0f-76"
aws-kraken2/g3/20261008-044702-3c2153c-55a5-n16/out/c100/0-SRR5935815/report	5fqdj.nb1fh.KGLwPQl0YcBfP3gecgbx	1246274	"f4deb3ca518891196dea205aeeb62a11"
aws-kraken2/g3/20261008-044702-3c2153c-55a5-n16/out/c100/0-SRR5935816/output	dzZYTrm4.MrdUeoBf5fZHSjj.pq83miv	1040531865	"69860e2c0cdef9bb846ae2e77e99ad84-125"
aws-kraken2/g3/20261008-044702-3c2153c-55a5-n16/out/c100/0-SRR5935816/report	Ws_ig.1Jwjf_EuP2RXL5VYcapfHyPmJB	1055534	"ea93e46c6099cc42bd55c3837a25304a"
aws-kraken2/g3/20261008-044702-3c2153c-55a5-n16/out/c100/0-SRR5935817/output	XDN5Dkka3SYL0__RiBAtrUyZALVjx9Bd	1216386454	"fd82fdd6a407972b4e7695b1aa826a43-146"
aws-kraken2/g3/20261008-044702-3c2153c-55a5-n16/out/c100/0-SRR5935817/report	nOCimotb6nCynSmqlqXEEZcIlnB9jIla	1444206	"423851cd60b12a8aa018804fd25a9fcf"
aws-kraken2/g3/20261008-044702-3c2153c-55a5-n16/out/c100/0-SRR5935818/output	hJ1RQucw7wbBztgMisqoTQ4oRvUGrlyc	876178012	"3519418fd677d3bf384a82dcb6930236-105"
aws-kraken2/g3/20261008-044702-3c2153c-55a5-n16/out/c100/0-SRR5935818/report	363kjjUi3NCjvmHbCqPAuR_hstrxIHXo	1531997	"ab339c03588d82b249ea8d91f7ce2b4c"
aws-kraken2/g3/20261008-044702-3c2153c-55a5-n16/out/c100/0-SRR5935819/output	tjWqf1qSvaKI3nnjIJUy_8AK4Fs8ylS.	874532687	"94a2f9b519bab5c5af50811c92539c41-105"
aws-kraken2/g3/20261008-044702-3c2153c-55a5-n16/out/c100/0-SRR5935819/report	ngjEq6cez0Ss6mW34iau1KTW6inrI2ZP	989760	"b99ad2cc96deb25a6304005bf32847ce"
aws-kraken2/g3/20261008-044702-3c2153c-55a5-n16/out/c100/0-SRR5935820/output	ZbE1zxqYbjYA4IPs7D2OrVRudLtZ0YSj	999598293	"44bcc526c175a5c26ec18e73d068944f-120"
aws-kraken2/g3/20261008-044702-3c2153c-55a5-n16/out/c100/0-SRR5935820/report	CdRuq2603McriJ2_sCeIqCbJFQBee_Xw	2142192	"51ad85926cd050a1371ec579a85159ec"
aws-kraken2/g3/20261008-044702-3c2153c-55a5-n16/out/c100/0-SRR5935821/output	aCiuk77HTcuBhnt7Noo0G9_vF623SZ5m	35151420	"a7e7ce8623e7f481f9ad4d589ecdfc1d-5"
aws-kraken2/g3/20261008-044702-3c2153c-55a5-n16/out/c100/0-SRR5935821/report	sT2oisAWwLIRtY175nIuEqCNoxj4syEL	412761	"a740c7e12b5011b5d37eaabebe8c61d9"
aws-kraken2/g3/20261008-044702-3c2153c-55a5-n16/out/c100/0-SRR5935822/output	vN8xChdLvnvWkdkbWCXCfFhtjrf_WYAY	1098570440	"04561c6c13415d6809e9eea55babca81-131"
aws-kraken2/g3/20261008-044702-3c2153c-55a5-n16/out/c100/0-SRR5935822/report	sHDDoj9C4z3l5KqFyYS.Kg2scM0TPepH	1111760	"859d2f5908d2a2707b104404b8fdae1f"
aws-kraken2/g3/20261008-044702-3c2153c-55a5-n16/out/c100/0-SRR5935823/output	iWH6xmHuuK0PpIJFWlmAe5uBactfu01G	1781762791	"71870dee4614ad5fec1b2ff159afe31c-213"
aws-kraken2/g3/20261008-044702-3c2153c-55a5-n16/out/c100/0-SRR5935823/report	WkFwL2DBHt0nJRELLVPkzDKw3__yUt8S	875682	"848fce06d14305c62ea8d89362e9c8db"
aws-kraken2/g3/20261008-044702-3c2153c-55a5-n16/out/c100/0-SRR5935824/output	OuR0t1ndCmGlbN68ROfiYTG3.7f8qI31	738026562	"efb2bc93b037c527aaacfc22a87b88ec-88"
aws-kraken2/g3/20261008-044702-3c2153c-55a5-n16/out/c100/0-SRR5935824/report	GuNgQ2y9xoHM.SVQpP6nG6SG3aAz1gsK	1260917	"8b134a589c8702fed69a9edfdcb55203"
aws-kraken2/g3/20261008-044702-3c2153c-55a5-n16/out/c100/0-SRR5935825/output	Ehd.xw1tVvtRlbh5sO4sd_vZO9OEwXAo	1039375148	"f3a3b9e4b1881167cdfe40454f127b56-124"
aws-kraken2/g3/20261008-044702-3c2153c-55a5-n16/out/c100/0-SRR5935825/report	uycKmYG1oMDGWCV8yo8vK1Glwb1ysEbL	2331568	"90e3d7112c2926d4002181bc1e9886ef"
aws-kraken2/g3/20261008-044702-3c2153c-55a5-n16/out/c100/0-SRR5935826/output	z4_Z6g01Fuy22PbQSK1crYE_jKVrbiSX	691366801	"ac6d02c9e85661dd484c1d8d11f4b837-83"
aws-kraken2/g3/20261008-044702-3c2153c-55a5-n16/out/c100/0-SRR5935826/report	0UBTZLbIGJSdpWu09QMxJ9JAWAJcbOK3	1075997	"577cf71c6703445ac041f36a255e2c13"
aws-kraken2/g3/20261008-044702-3c2153c-55a5-n16/out/c100/0-SRR5935827/output	hyVJfrPBkbZ207W008P6UfpnAGha5d08	1326212938	"246cdc6467208acc081a0afafa84d91c-159"
aws-kraken2/g3/20261008-044702-3c2153c-55a5-n16/out/c100/0-SRR5935827/report	KRUkiFgjBWVHtgCOVzLeaPL17UM3Ku86	1384928	"d6b9783aecfcc41b6e3289808b95091d"
aws-kraken2/g3/20261008-044702-3c2153c-55a5-n16/out/c100/0-SRR5935828/output	Fvs2E776tkATbH10Qwdq8H6hdWzClhuB	781850356	"87282d9b53f7b658c10141eb0ae33fb2-94"
aws-kraken2/g3/20261008-044702-3c2153c-55a5-n16/out/c100/0-SRR5935828/report	i1vlGRuhYTD543gvWySG4bDzs6CKShT5	1295813	"4838944dd971db3fdce7085707880dca"
aws-kraken2/g3/20261008-044702-3c2153c-55a5-n16/out/c100/0-SRR5935829/output	jDmZRPkTMqW4bPPo3hjoe8bUcUwZSdv7	988935028	"baacdebdc2ddf04e03fe1e92a3eb05e4-118"
aws-kraken2/g3/20261008-044702-3c2153c-55a5-n16/out/c100/0-SRR5935829/report	_dS23E6GYZ74SXzc6ddxXjfby0qCE5Za	1800570	"a61b1baaaf04f11e0dab86711231bd45"
aws-kraken2/g3/20261008-044702-3c2153c-55a5-n16/out/c100/0-SRR5935830/output	N0aTLT22BzPFux9vokj2BouxF9IokW76	1168791447	"35ee6e46b308d9de799d7da9bdc99988-140"
aws-kraken2/g3/20261008-044702-3c2153c-55a5-n16/out/c100/0-SRR5935830/report	ZJd3pZCLRfOnPgIv0gJicMAyLiiV7QqS	1350508	"967869370444b4839ed057a32ad26279"
aws-kraken2/g3/20261008-044702-3c2153c-55a5-n16/out/c100/0-SRR5935831/output	4bYG_3_evvoKQj0UbTqT_SeitGRqt_hH	1253578429	"301e8e23f71855f6097769d267b9eba5-150"
aws-kraken2/g3/20261008-044702-3c2153c-55a5-n16/out/c100/0-SRR5935831/report	iSgS0zOsj81p9A2AMGXxDk6G2eKbtvIg	986875	"29460227920af2a4e73b054bcd93976f"
aws-kraken2/g3/20261008-044702-3c2153c-55a5-n16/out/c100/0-SRR5935832/output	v57QJfjBSzSGRnZWUjq8uVFRPAxJAZ9G	667899969	"7e50715ff3d03fd0e72a9834dd2c5c6f-80"
aws-kraken2/g3/20261008-044702-3c2153c-55a5-n16/out/c100/0-SRR5935832/report	FA0J77hNhVjX8t3zrCjRVHJlF0NV_BEi	1229913	"1c0f42ae966ee177c6465c54e097036a"
aws-kraken2/g3/20261008-044702-3c2153c-55a5-n16/out/c100/0-SRR5935833/output	Lig6BZnnALWnac7s5PIAjs1QqDnIdTSB	1130055748	"d49aa0e22070c75b8e6d330b2b2a86fe-135"
aws-kraken2/g3/20261008-044702-3c2153c-55a5-n16/out/c100/0-SRR5935833/report	kMoVoA57zME9v_PoPdPhluga9uYhMxjK	2277885	"403c37180239a0a00eb2f58849dce278"
aws-kraken2/g3/20261008-044702-3c2153c-55a5-n16/out/c100/0-SRR5935834/output	BbnEBsGFre0xvu5EbWbWyzRS7CjJl74E	1189115963	"939d0fee7a0487a914b1722d79c515c2-142"
aws-kraken2/g3/20261008-044702-3c2153c-55a5-n16/out/c100/0-SRR5935834/report	v5YXt1lqMoUg8DW4aFpv_5EgMd5qPgzM	1455202	"61bda3976eeab6220904dd0f1ca61ddb"
aws-kraken2/g3/20261008-044702-3c2153c-55a5-n16/out/c100/0-SRR5935835/output	AuTD8FUCjHMEyPt94TMZBy6WJLNp1BxT	123314642	"30131896f42887e36cce9af0cf88a780-15"
aws-kraken2/g3/20261008-044702-3c2153c-55a5-n16/out/c100/0-SRR5935835/report	zljFlRNGtThSpwNUjoxdzxlyUO5ySRKJ	591275	"5a3dfda045b92d9fac5946add91c382a"
aws-kraken2/g3/20261008-044702-3c2153c-55a5-n16/out/c100/0-SRR5935836/output	87GqKFkdZSXpRbQhOo_1FcBHeuF3Chns	743666934	"1e133da6f9f3a20253bf2e8de465b348-89"
aws-kraken2/g3/20261008-044702-3c2153c-55a5-n16/out/c100/0-SRR5935836/report	HcgsA3a.KgFVDn0x9ZixvCUbKRIZb23L	1122871	"272097962c8c042ccb81b56046430dd7"
aws-kraken2/g3/20261008-044702-3c2153c-55a5-n16/out/c100/0-SRR5935837/output	t5U5k.I1PU84l4aJCAKtzR8.DvgznLLb	798446874	"c975c76db53daa25f611c1d5f367b1b1-96"
aws-kraken2/g3/20261008-044702-3c2153c-55a5-n16/out/c100/0-SRR5935837/report	wFsRC5Hh7f1kAl.gLvk9KskyJ8Yorg6A	1650671	"7687da93f3ac5ada1b22aabb9391f193"
aws-kraken2/g3/20261008-044702-3c2153c-55a5-n16/out/c100/0-SRR5935838/output	qWgZJnwMUNl7yqnls326u07QfZvJi0Nv	1236685264	"82cd6ecdffba58b726395de89facd256-148"
aws-kraken2/g3/20261008-044702-3c2153c-55a5-n16/out/c100/0-SRR5935838/report	Pu3GSjV6Lo3PfhYjT1b60AP5z6h87diO	1089354	"3358c0c2d7f695d3b3196362cd0f8462"
aws-kraken2/g3/20261008-044702-3c2153c-55a5-n16/out/c100/0-SRR5935839/output	XPD3Bi90D0koUd2AMDw3uYjJXFxXPuWb	108810330	"ddf7b069b57861a6f9884faf3d4d9529-13"
aws-kraken2/g3/20261008-044702-3c2153c-55a5-n16/out/c100/0-SRR5935839/report	4SHKXCgCu791yTGidTnHHRnyykU6gPh2	565350	"90aeebe0ce8d8feeb140b7df354fa50a"
aws-kraken2/g3/20261008-044702-3c2153c-55a5-n16/out/c100/1-SRR5935740/output	vLqCXeLDMagrhwPOH_dDvBdPEdu72WQ5	946738756	"4e2ab1d7a88e35afe6d099cbc240bb51-113"
aws-kraken2/g3/20261008-044702-3c2153c-55a5-n16/out/c100/1-SRR5935740/report	dYkU1tYSkPyiNZ1O.LswgJoFc3osKV3Y	2248752	"9e77a18e2022d006fc9024d8ae2c97c8"
aws-kraken2/g3/20261008-044702-3c2153c-55a5-n16/out/c100/1-SRR5935741/output	x0Sm80FUP6nuY5FpLyxvfNALSJl9kB3H	1381654754	"8f29e14b459aa1b7cc3bf29b28b68165-165"
aws-kraken2/g3/20261008-044702-3c2153c-55a5-n16/out/c100/1-SRR5935741/report	CIRq7SoYPpTLThahVmr4gzUMgj1bxXZG	1368896	"8c2722cfe7574eb5219ab6d849514f9b"
aws-kraken2/g3/20261008-044702-3c2153c-55a5-n16/out/c100/1-SRR5935742/output	feztVxsn_qulf4ZOq8PTNpc2Gz3w1kTs	1092444185	"f2b90253aa5c4a188a22d643fb66eebc-131"
aws-kraken2/g3/20261008-044702-3c2153c-55a5-n16/out/c100/1-SRR5935742/report	liHk5tJnFWWZkJaZ0JrQ9K6ptelEnydU	1622655	"d7c9bad251ee369653e8e3823602dfd0"
aws-kraken2/g3/20261008-044702-3c2153c-55a5-n16/out/c100/1-SRR5935743/output	phXGvX1gI96x7snTwzFoIgN2EP2fxtZx	27295524	"3f24957a9b308e26172eb7a808e01346-4"
aws-kraken2/g3/20261008-044702-3c2153c-55a5-n16/out/c100/1-SRR5935743/report	4T70Kah.XZ4a9qrRI.kyEuizyyjDlRD5	341952	"ae3289f5c0880fc94d9f62da416a086f"
aws-kraken2/g3/20261008-044702-3c2153c-55a5-n16/out/c100/1-SRR5935744/output	vzj1rhjffk5VIlFp_k121Dt0WcJ0QXO2	1406926238	"3c3fb69ad8b689e1efd3d8adb880f58e-168"
aws-kraken2/g3/20261008-044702-3c2153c-55a5-n16/out/c100/1-SRR5935744/report	ZtjjDY.fNt6PSswfvmIalUVyiMU.Yn3A	1181695	"c5e5623615e146884c46f09111cfa0ca"
aws-kraken2/g3/20261008-044702-3c2153c-55a5-n16/out/c100/1-SRR5935745/output	6GWbo_9yoJy2citx95BwTax8Kij5Kb5Y	897820263	"441d325e355b09f876f8876b7306713a-108"
aws-kraken2/g3/20261008-044702-3c2153c-55a5-n16/out/c100/1-SRR5935745/report	j9cA0cnmMDzl3Eiw_2b11n80Labr2DVc	1724465	"c57f515bef466ea1b4be9363ca968ff2"
aws-kraken2/g3/20261008-044702-3c2153c-55a5-n16/out/c100/1-SRR5935746/output	_V7wLdCtThvazzQXoAbrAEgOVICr1QSf	903223803	"35e0c45bb00f779a17aefd93b655cef9-108"
aws-kraken2/g3/20261008-044702-3c2153c-55a5-n16/out/c100/1-SRR5935746/report	EmLijC8__MrsWm4OZkm78ylR383z.OrM	1320734	"c2d0907cdc798c74cd9b7432ae253c8d"
aws-kraken2/g3/20261008-044702-3c2153c-55a5-n16/out/c100/1-SRR5935747/output	93.h8SDHUcc.FLx0jCUy3PHJpPyDNlC5	296796390	"86f01180a9c2b9845e4dd4f17b67859d-36"
aws-kraken2/g3/20261008-044702-3c2153c-55a5-n16/out/c100/1-SRR5935747/report	v0BUMTAGopuWoq1polRI58Yagornry6h	1163769	"6ac37cd5495698de8647f6e67ebdf560"
aws-kraken2/g3/20261008-044702-3c2153c-55a5-n16/out/c100/1-SRR5935748/output	f42sMifOFwyoB.BIyfoc8iuBpAVXlfMK	1141831527	"863bd56588b3cade48972eae5ed2a721-137"
aws-kraken2/g3/20261008-044702-3c2153c-55a5-n16/out/c100/1-SRR5935748/report	.r8t5UHc9RVLuSihOlF1cIqoOa.qvb7U	1938463	"0e69c65c26dcff28c5e8e7c1c5465571"
aws-kraken2/g3/20261008-044702-3c2153c-55a5-n16/out/c100/1-SRR5935749/output	1_e6QXX9a4eaXIBQPXyjYVaS0uysp6lE	1565294252	"33bab253dafe240c14572741c58c41f2-187"
aws-kraken2/g3/20261008-044702-3c2153c-55a5-n16/out/c100/1-SRR5935749/report	jpLIu7UEL17xuWRa2SroboRWOtbp4bVm	1256645	"f819b582c7d0d9de1f6b13dcfe48ce28"
aws-kraken2/g3/20261008-044702-3c2153c-55a5-n16/out/c100/1-SRR5935750/output	7pMh6O5WcUkL.iduzpBnRi7qsGXorbHQ	643030825	"d96f1380d23a6f9c4fa95ca95786a7c4-77"
aws-kraken2/g3/20261008-044702-3c2153c-55a5-n16/out/c100/1-SRR5935750/report	NcHdZUgH5.lNBeCV8C_XFpxdRnNRe_L9	1002553	"385819165f4aac144c53d67576205aca"
aws-kraken2/g3/20261008-044702-3c2153c-55a5-n16/out/c100/1-SRR5935751/output	tcz8nXKyAi_xeSEgm0oxqxNtxmFkvOP.	1465416301	"455285249c6fd431d18ea5e325c2c063-175"
aws-kraken2/g3/20261008-044702-3c2153c-55a5-n16/out/c100/1-SRR5935751/report	4NOM6vAKvIPitIlnrkj0NrcROy96wNcA	1396811	"1aa18848401149c337687df94a097505"
aws-kraken2/g3/20261008-044702-3c2153c-55a5-n16/out/c100/1-SRR5935752/output	mFZ0QgMWqqdxchpAUGkQTS04bsxNZQeM	1117536035	"c900c6089a10b3d05527cd9f4daba664-134"
aws-kraken2/g3/20261008-044702-3c2153c-55a5-n16/out/c100/1-SRR5935752/report	IXhQMflT9_5m61JCDYG59K.uCvQBqpgi	806542	"4698d588c54166d9aaada2fad1cf1689"
aws-kraken2/g3/20261008-044702-3c2153c-55a5-n16/out/c100/1-SRR5935753/output	j3tCyn7tkgWP9IOm2tNtIBMAd6uUt3lo	1208291702	"c96ba7b6ed8b7f0a4f47bd06541c7396-145"
aws-kraken2/g3/20261008-044702-3c2153c-55a5-n16/out/c100/1-SRR5935753/report	XP3ozWzsckig50G6dQngbvThh0tqdSdb	1606917	"7ca79f400e631fe9c8e4ee48ac7c908c"
aws-kraken2/g3/20261008-044702-3c2153c-55a5-n16/out/c100/1-SRR5935754/output	lUaYv5FfRj7W7TC2moiZqZw2P5EOv0f0	910753380	"cba36ff22fe47595711ebfea36ce5c9b-109"
aws-kraken2/g3/20261008-044702-3c2153c-55a5-n16/out/c100/1-SRR5935754/report	xbdMfjazfps4nz4EL3d9tzajyMUab2Ij	2028520	"1f1509568034e3e226de9e5bb8f57aeb"
aws-kraken2/g3/20261008-044702-3c2153c-55a5-n16/out/c100/1-SRR5935755/output	qBtG9BO41BpGjhEKZCB_I7dUhbiB_dNW	493002568	"40025331346bffb4a90333a21fdfb23f-59"
aws-kraken2/g3/20261008-044702-3c2153c-55a5-n16/out/c100/1-SRR5935755/report	pufv2SzSGuCWqoeh2Z9CSQN1niISOWta	1925503	"64830f134c5706ba71ba95f0bcdbc355"
aws-kraken2/g3/20261008-044702-3c2153c-55a5-n16/out/c100/1-SRR5935756/output	OO7S6KRQTL5xRUlgjWwR.UK8A.Fxi1OX	1348489750	"e725bd16e114bec0a8b147f47e3c8e43-161"
aws-kraken2/g3/20261008-044702-3c2153c-55a5-n16/out/c100/1-SRR5935756/report	xx7tppVN0qv9yIHWw3FpHVJrZVakbWMT	1810112	"0fd72970d1029a408f8a69d8b5b8b577"
aws-kraken2/g3/20261008-044702-3c2153c-55a5-n16/out/c100/1-SRR5935757/output	hoQQ.5EaJMK9EOj1kqY4oJhsvIWRLaHa	1579904848	"e26c66232d3b9350509fa7a6709fc397-189"
aws-kraken2/g3/20261008-044702-3c2153c-55a5-n16/out/c100/1-SRR5935757/report	Ioecd_nzC0I5jdF6KDOsy91CivAOFlTK	1886320	"4daa4588faaccbc4bda5e5c07bd3ae6a"
aws-kraken2/g3/20261008-044702-3c2153c-55a5-n16/out/c100/1-SRR5935758/output	.7ZT586dAnlB4CTBPJOZ2VaupEG_i1wk	655178849	"11eedf0388d03028a264687a5b7d16f5-79"
aws-kraken2/g3/20261008-044702-3c2153c-55a5-n16/out/c100/1-SRR5935758/report	AKXGubzcZQh2gnn0NA48SKZu9yyoKQMn	1047994	"28e1d014f9b494550e804bfb9ab73f6b"
aws-kraken2/g3/20261008-044702-3c2153c-55a5-n16/out/c100/1-SRR5935759/output	rJKkRnp3tfd0XtWdIdtCoYgZVo5fAb2d	1485622720	"3ade6217d0729fcbf432c71852add2c3-178"
aws-kraken2/g3/20261008-044702-3c2153c-55a5-n16/out/c100/1-SRR5935759/report	kjN5KVt477s5E33DrSNhn8KcJeZwuJqe	1800868	"4678bae6f78fc8f6184cad45f05345fd"
aws-kraken2/g3/20261008-044702-3c2153c-55a5-n16/out/c100/1-SRR5935760/output	eBMiyn1jpCczIcXJzSZOhZ6n5d3aKuBo	894778457	"85db7e58525c5eed8349c611e58c43fb-107"
aws-kraken2/g3/20261008-044702-3c2153c-55a5-n16/out/c100/1-SRR5935760/report	YFaSWsSD2bqlXkD4MB.DjUfk8Ftj1JG3	1068522	"46fde65478c0d0a936b47aa331abf441"
aws-kraken2/g3/20261008-044702-3c2153c-55a5-n16/out/c100/1-SRR5935761/output	pCfrCiLQ7tMjnAS4F31WIFPLq0itmjUt	1123139015	"5cbcdf96b113b5f000417bf4c81808e8-134"
aws-kraken2/g3/20261008-044702-3c2153c-55a5-n16/out/c100/1-SRR5935761/report	3S1A0Vz7XEYPKLQGOx71nzfaTeESbMlG	1213198	"40c3edf00c38c0bb966979875c57cbf0"
aws-kraken2/g3/20261008-044702-3c2153c-55a5-n16/out/c100/1-SRR5935762/output	CCbuDbENkbkJABSEWAfD3GeVPughLcOp	1548601024	"aa22dc7fcd663c17cf4190ce5f0b2951-185"
aws-kraken2/g3/20261008-044702-3c2153c-55a5-n16/out/c100/1-SRR5935762/report	FEWTUS5mswiOAuvPofzG2Q9gptWKUTCH	1328169	"3a99c71d3fec811b0d863cbdc203cfc6"
aws-kraken2/g3/20261008-044702-3c2153c-55a5-n16/out/c100/1-SRR5935763/output	deJamn6ujcwvqWYX5L6els0iCsjTBf6G	470465597	"a1cc17c374ab92ab30d8d7402fefb834-57"
aws-kraken2/g3/20261008-044702-3c2153c-55a5-n16/out/c100/1-SRR5935763/report	aDC2Kx8ZjYim7r_tpjy0mQjnNA8iQhNO	799739	"e5bdcba7997615738598ddfc7767ad33"
aws-kraken2/g3/20261008-044702-3c2153c-55a5-n16/out/c100/1-SRR5935764/output	bBIY8vRhJQIFeSCmBbu3kI_eSYdaw_mv	1056480454	"39bc5c03c6d4385aa225c1fbf9c64cbe-126"
aws-kraken2/g3/20261008-044702-3c2153c-55a5-n16/out/c100/1-SRR5935764/report	AZEIa8FC9a38rSW1BkXYXlpkCjcdShar	1456220	"82f7f4f45e36c5733005debd2d0deccd"
aws-kraken2/g3/20261008-044702-3c2153c-55a5-n16/out/c100/1-SRR5935765/output	99tJ0riQWeegm9F.cw15tZvg0RTq0rCt	868996488	"1feb2744116cf71a6d30e12bf84ea163-104"
aws-kraken2/g3/20261008-044702-3c2153c-55a5-n16/out/c100/1-SRR5935765/report	iyiRUTqYSf671pwvZUUCfuDptTGNQe_A	1093035	"fc475b68432aae6b4ff15253f9a4cf5e"
aws-kraken2/g3/20261008-044702-3c2153c-55a5-n16/out/c100/1-SRR5935766/output	pawfpvdU91WyJeaxx7T24yUrQvOHRXy9	1196000935	"46ec004fa7fad326fb2823f14779ad5e-143"
aws-kraken2/g3/20261008-044702-3c2153c-55a5-n16/out/c100/1-SRR5935766/report	iRavGE1Qzl_UO222Bk.dXZ0z8k0D5VP_	1389765	"be1271dfeebff8efdb070a33aa1c5d42"
aws-kraken2/g3/20261008-044702-3c2153c-55a5-n16/out/c100/1-SRR5935767/output	2gP29jcGPwZhg86DL4yJd2Cb5chB38Ub	493196104	"60d081cbf30c4eeeb5cc60a85b1166ce-59"
aws-kraken2/g3/20261008-044702-3c2153c-55a5-n16/out/c100/1-SRR5935767/report	U8tvz6Sri_98ytZUXr6sAPqOOXrO3j4s	1215682	"bf4e5698de26332ff1ef259b182f428c"
aws-kraken2/g3/20261008-044702-3c2153c-55a5-n16/out/c100/1-SRR5935768/output	eSw6iYHWWI5GQ5jgeoPGx2mPx1c1NIUs	1412003175	"182fadb45a81c09e452b17e56c8e412b-169"
aws-kraken2/g3/20261008-044702-3c2153c-55a5-n16/out/c100/1-SRR5935768/report	Scbw2B.9WYdfuL5ufcjC_90k9xGF_Cfd	1882093	"464f2bcaf9559652181296ac0d110531"
aws-kraken2/g3/20261008-044702-3c2153c-55a5-n16/out/c100/1-SRR5935769/output	BNxgLMNMth1kh7GzPlDjpN.2CcuEOoXi	994989473	"86cc2f2ad088e288925fcd16fc7d1840-119"
aws-kraken2/g3/20261008-044702-3c2153c-55a5-n16/out/c100/1-SRR5935769/report	1OUqiQlGcCph1mY1.nAstGJMEK1xkJ6G	1796504	"4b577b3001ba3308bd204d42bd61df59"
aws-kraken2/g3/20261008-044702-3c2153c-55a5-n16/out/c100/1-SRR5935770/output	7K9d2NvVar63nRNlx_ZqNS6R7UyTt7Dj	1485977558	"482bedbbf51074e0829640969f980674-178"
aws-kraken2/g3/20261008-044702-3c2153c-55a5-n16/out/c100/1-SRR5935770/report	FDG_AYoodJMUKUH5yTrQskOUq0Wzgk2P	1509097	"717071ca941e140874e74d9dd6e1e9c8"
aws-kraken2/g3/20261008-044702-3c2153c-55a5-n16/out/c100/1-SRR5935771/output	hD6iAhVBOY9tTWs.cqqMba6BDprxWM12	825926292	"5bd4624f0baa5c525a3299706f14fee8-99"
aws-kraken2/g3/20261008-044702-3c2153c-55a5-n16/out/c100/1-SRR5935771/report	lIJUzZSVXQB8Nsd3KuocrrOsWhf7F5ZP	1771191	"8701fedfacfa23eb2943f67f81310fc3"
aws-kraken2/g3/20261008-044702-3c2153c-55a5-n16/out/c100/1-SRR5935772/output	brLqQDnF0WSPjLxxFxDhmyrei_D64L94	1299349298	"a7f618852a94bc35334fe5b997e0fc26-155"
aws-kraken2/g3/20261008-044702-3c2153c-55a5-n16/out/c100/1-SRR5935772/report	7lQVitPxAZT43G5ATwxbTzEt8srbXENd	1893229	"df7fc5953ce1e817770866998c55765b"
aws-kraken2/g3/20261008-044702-3c2153c-55a5-n16/out/c100/1-SRR5935773/output	p2bv82WL6uEqxDdr0lhMDBZkhmQCpvUS	1777027561	"e69b85a78eb4f006ca865e89843ee8ab-212"
aws-kraken2/g3/20261008-044702-3c2153c-55a5-n16/out/c100/1-SRR5935773/report	MjEcejJMebS64fm9pF0FvM5aC8.LhogI	1407784	"4bafbf04310f0e65af54098e7be4c9e5"
aws-kraken2/g3/20261008-044702-3c2153c-55a5-n16/out/c100/1-SRR5935774/output	UXfN_t4BrgQBY8ZMmE8.RRVIGxdi79pV	1118595795	"876b635c8e2c16fe4616613bd27a4e9e-134"
aws-kraken2/g3/20261008-044702-3c2153c-55a5-n16/out/c100/1-SRR5935774/report	QQWLb0YC1tqFFnDiSa52Er4kJnrOFn3x	2260847	"374fbd66817070d92c160cbdf8d548f2"
aws-kraken2/g3/20261008-044702-3c2153c-55a5-n16/out/c100/1-SRR5935775/output	wQYG34SRvQIdinM1O.3XXZt4cpIDMzYg	1048439000	"2fec32271832f34f7265bc3a7185cada-125"
aws-kraken2/g3/20261008-044702-3c2153c-55a5-n16/out/c100/1-SRR5935775/report	8IbzLjAWjHa8djTlT0uWgACg3_AOaEkF	923682	"e9462c8ee8a540cee05c1f908bde50b8"
aws-kraken2/g3/20261008-044702-3c2153c-55a5-n16/out/c100/1-SRR5935776/output	4MkiFZk5zXvUwaTlJfuVBo4_7vyhtKEx	286390951	"c2adbcbf037ff45a0cc06dc5cf5d50a4-35"
aws-kraken2/g3/20261008-044702-3c2153c-55a5-n16/out/c100/1-SRR5935776/report	3bUZMTlK1YJ1BIch8fNhzms.KeDmvvZn	712980	"cfd4cdea3f050ea603703fd0f76cc58f"
aws-kraken2/g3/20261008-044702-3c2153c-55a5-n16/out/c100/1-SRR5935777/output	Ji7drgG_lBkkei9RAlNQ4Ng0NkZu5Ocp	791547814	"b28d495546ec4bae727a213df16c1678-95"
aws-kraken2/g3/20261008-044702-3c2153c-55a5-n16/out/c100/1-SRR5935777/report	oOq7mf513jEOIzjyfg7PAAN5DmSokJOh	996979	"b5a778de88aba08b024be88d3c973d5c"
aws-kraken2/g3/20261008-044702-3c2153c-55a5-n16/out/c100/1-SRR5935778/output	lyhGi1IM6dJAfoWLZxiYHiD2Zp.oYwnJ	882898467	"aa0f50fdd8619eb0bbddb58c0bae3a7e-106"
aws-kraken2/g3/20261008-044702-3c2153c-55a5-n16/out/c100/1-SRR5935778/report	h7ovG5i6dUDHyxcP3_0upEH.zVnnprpH	1826402	"2fb5abc9300dc603cc30ff035b9ffc79"
aws-kraken2/g3/20261008-044702-3c2153c-55a5-n16/out/c100/1-SRR5935779/output	GSE5FfcekJ5BXa39xwoNZCrsKb6QYv.N	494156809	"2ab5161579914f233c4c611d32bb6b96-59"
aws-kraken2/g3/20261008-044702-3c2153c-55a5-n16/out/c100/1-SRR5935779/report	bQFKE1FOy9CUNmxGmrjXwNGXorUuA_4G	1053419	"ede35e08dc0e38c145ef798388434d4f"
aws-kraken2/g3/20261008-044702-3c2153c-55a5-n16/out/c100/1-SRR5935780/output	cKRM9j9_jiR0DSmjuGzKafnZfelzapyZ	864919629	"58f2f1c5a4968d917ad3af4242f36a02-104"
aws-kraken2/g3/20261008-044702-3c2153c-55a5-n16/out/c100/1-SRR5935780/report	IUeHEW5rmQurePw6bLcpRa5zRhF4nTFp	1301060	"39a72b723039d717ab18ef19b247cf61"
aws-kraken2/g3/20261008-044702-3c2153c-55a5-n16/out/c100/1-SRR5935781/output	cUDQXNfCYrPS2r9hdmTSakfEY4mkkqHE	778867383	"d5edb2fd25fac242283c067da5c38666-93"
aws-kraken2/g3/20261008-044702-3c2153c-55a5-n16/out/c100/1-SRR5935781/report	wnoCc3GxI.60Yw7k4V1Duam_9Cxc6JEy	1056727	"c9e94a497b254a0d1a6823fa56de9c67"
aws-kraken2/g3/20261008-044702-3c2153c-55a5-n16/out/c100/1-SRR5935782/output	yzrW9ebliIEuEcIAJEPOjzGnqSaTH00i	827402500	"9958de62d2851c034e9017780773663f-99"
aws-kraken2/g3/20261008-044702-3c2153c-55a5-n16/out/c100/1-SRR5935782/report	tzXCF3BrvNh.VMOmZvmrRbUZqIYAGHD4	1056592	"ee7946483bce1ef20e6a90306392bdb1"
aws-kraken2/g3/20261008-044702-3c2153c-55a5-n16/out/c100/1-SRR5935783/output	ibxXjz1qyRVothwDBnjtR5wLY3LhZWhT	250474215	"bc4289ae0e04a011798e1e302dceca2f-30"
aws-kraken2/g3/20261008-044702-3c2153c-55a5-n16/out/c100/1-SRR5935783/report	vlhS5YSISKe4CiwIxgUoooRrd2Jyeb3h	687469	"51cde5f7e388d53785d016617ee59aed"
aws-kraken2/g3/20261008-044702-3c2153c-55a5-n16/out/c100/1-SRR5935784/output	fT2zQIg3imq3_5eJWx1fOrEwh4_lbHgs	1294739086	"86500e810c118f02283cfa2c703e80db-155"
aws-kraken2/g3/20261008-044702-3c2153c-55a5-n16/out/c100/1-SRR5935784/report	kAmXIaCujdYR_Jf5547GkDqxvQyOxzfu	1381839	"fadcb36576b6193e03889c85ea7c380a"
aws-kraken2/g3/20261008-044702-3c2153c-55a5-n16/out/c100/1-SRR5935785/output	kKBQjhtZYzOKRihI2sfIKegaaWTDNuRF	1327890644	"97f14e7aa6e025f60aa75b1184c7f76a-159"
aws-kraken2/g3/20261008-044702-3c2153c-55a5-n16/out/c100/1-SRR5935785/report	EVH484cxX09DR2VY6I88Nhba.8mzwaY6	1821031	"dde4ebe25c01e0c237e180ed92bbec1d"
aws-kraken2/g3/20261008-044702-3c2153c-55a5-n16/out/c100/1-SRR5935786/output	AVnpz5zVPBWug9MTTeRbKp8Oe8vToouF	866581495	"6aea7df630a4f9669e642a0bc1d332ab-104"
aws-kraken2/g3/20261008-044702-3c2153c-55a5-n16/out/c100/1-SRR5935786/report	CLS7zr0SMj.8F0Av0Y48JoUc7D.BqTDd	1615388	"32d4735cb3094eeb0d6752c3647ac268"
aws-kraken2/g3/20261008-044702-3c2153c-55a5-n16/out/c100/1-SRR5935787/output	hKxGUyHQ1yKcFUU5JI6IvsrIgU3u261B	1318938581	"0d615a2ece74be38286f7b2967f0f867-158"
aws-kraken2/g3/20261008-044702-3c2153c-55a5-n16/out/c100/1-SRR5935787/report	YPuIVg8TwPdrm93a6vLl32YZv8FCzB3y	1117113	"4cbb04f99ffb94c62e906f3b27bb89a8"
aws-kraken2/g3/20261008-044702-3c2153c-55a5-n16/out/c100/1-SRR5935788/output	w4ux9plxHbanu9OAjk1AH4lOnrMx54FR	1005667156	"b9d94a731a51ee68f14469b0f0abb674-120"
aws-kraken2/g3/20261008-044702-3c2153c-55a5-n16/out/c100/1-SRR5935788/report	quU5UCm4to25aJZmNMKbuRv4oQS2cZ3P	1157451	"393a1e3f8ea419ff25504dfd5e98de9b"
aws-kraken2/g3/20261008-044702-3c2153c-55a5-n16/out/c100/1-SRR5935789/output	9ZIyp7hb0QtaMi7CFk_HiaZyGms993oV	128783639	"3db6aeb189b6d823539f71c1cf82894f-16"
aws-kraken2/g3/20261008-044702-3c2153c-55a5-n16/out/c100/1-SRR5935789/report	CgZ4rG21tf6AXL2g_Pdvisv57zyCWMrX	579130	"d4f3217421711465fdeb80f8afa6dcbd"
aws-kraken2/g3/20261008-044702-3c2153c-55a5-n16/out/c100/1-SRR5935790/output	6xNCJIeBQBOzIV62z4gV1PGAQ.cgITvk	793488802	"7b9aac5a82ff3d901c2083c149ee6d82-95"
aws-kraken2/g3/20261008-044702-3c2153c-55a5-n16/out/c100/1-SRR5935790/report	tE61OzJH_b45vMpeSaUOSvNdKO688BSy	1494506	"55e00bd1f2a23d180056db854f54051b"
aws-kraken2/g3/20261008-044702-3c2153c-55a5-n16/out/c100/1-SRR5935791/output	1YNkkRLuJDzeA8Hf5U9FgGh6F4N0cObD	779693908	"5276b3abbaa6665d5f3eb155ed4c24b4-93"
aws-kraken2/g3/20261008-044702-3c2153c-55a5-n16/out/c100/1-SRR5935791/report	2q6WoCJGNvAxSMz30wvAeSaoZFDk22BH	751941	"91d3a3f7bb769147e5c8419089f3e5c5"
aws-kraken2/g3/20261008-044702-3c2153c-55a5-n16/out/c100/1-SRR5935792/output	UUMViDSCmc6kYo8tWkH.mKRH_k9tk_Ax	922381736	"684de63d556f2d26f5d7db58948ac4bd-110"
aws-kraken2/g3/20261008-044702-3c2153c-55a5-n16/out/c100/1-SRR5935792/report	MCgbLtlWzsQKXMzdGCYFYsuz3pEiSUf_	1503696	"0b64bbdecb16c98ba558fd070d4920bc"
aws-kraken2/g3/20261008-044702-3c2153c-55a5-n16/out/c100/1-SRR5935793/output	SgXnsc4mOrzEZyNdTjnnZW6m4xNv2fmF	152974172	"c034cf6d4c04895266741b09da9ec66f-19"
aws-kraken2/g3/20261008-044702-3c2153c-55a5-n16/out/c100/1-SRR5935793/report	vZ0VNTZ9kA9bCkOcsAYYyPY9FqYWe3.j	1574315	"a99382ba4f949c390c974e93c719cbcb"
aws-kraken2/g3/20261008-044702-3c2153c-55a5-n16/out/c100/1-SRR5935794/output	rRc4yIZzpRl73j4OeuH3V7EE.NiYLYkG	1287477440	"76e8c414b5221183fe8abbd2e4dae9a4-154"
aws-kraken2/g3/20261008-044702-3c2153c-55a5-n16/out/c100/1-SRR5935794/report	nuagMGrXzzpSHbaePvCub9zYOQYMzMVm	948428	"5b9366d916e66d3c8f92d46d61d3778f"
aws-kraken2/g3/20261008-044702-3c2153c-55a5-n16/out/c100/1-SRR5935795/output	K6HK91ivtR5glgPweqt7hXWrjJOpcG.m	967838535	"20f574737b44018702e88783b0f2580a-116"
aws-kraken2/g3/20261008-044702-3c2153c-55a5-n16/out/c100/1-SRR5935795/report	aJ1_9zB0eoOu7mXRM57bEDHflHjq1LHS	1182812	"4aec6e24eb607f97aad2887e40c5415e"
aws-kraken2/g3/20261008-044702-3c2153c-55a5-n16/out/c100/1-SRR5935796/output	l7Une7ADo1tl7_nRd9vEG7KIPfw.3NdM	1439597663	"a0fd1aeedeebee2912046d2434209a3f-172"
aws-kraken2/g3/20261008-044702-3c2153c-55a5-n16/out/c100/1-SRR5935796/report	Yi4r1lYvXElRUjTkq7eg_zF9vkivceiv	1898887	"5ac17446f8780e0aa084a35be78a52d5"
aws-kraken2/g3/20261008-044702-3c2153c-55a5-n16/out/c100/1-SRR5935797/output	c9VFf5pS5w5cCmfAIWvR3esy6MhZNtr_	733153484	"b33a30911bcdb17e3e17c3a255745715-88"
aws-kraken2/g3/20261008-044702-3c2153c-55a5-n16/out/c100/1-SRR5935797/report	p7sIsQa3g9wWR0bGcVhgicWwqtFwwleR	1518141	"96e5d615eaded085404f8fa1bb3ec800"
aws-kraken2/g3/20261008-044702-3c2153c-55a5-n16/out/c100/1-SRR5935798/output	d8lFDJWc_k5WIWRl6Ymh19YS5M90QNTK	1796159145	"dfbbfb6c1733ee7d0957a41916fc4e96-215"
aws-kraken2/g3/20261008-044702-3c2153c-55a5-n16/out/c100/1-SRR5935798/report	txSZsE3B5QjSwoS71IJWDHQJCd3CSxOe	1733186	"13a72dbc2f31fc8f80e94d8623b5c0a1"
aws-kraken2/g3/20261008-044702-3c2153c-55a5-n16/out/c100/1-SRR5935799/output	CwTZaEcC_cNSuMaTphnUs3ODLerua.Rp	804185919	"81273ab52501494863858c3743a487cf-96"
aws-kraken2/g3/20261008-044702-3c2153c-55a5-n16/out/c100/1-SRR5935799/report	PjxqbK0CbMCHzkBWpGcUAm_ZOmLK.nOE	2452731	"e3b4e6e76758168dd447208b126ca365"
aws-kraken2/g3/20261008-044702-3c2153c-55a5-n16/out/c100/1-SRR5935800/output	EzywF3QjOX6zFvjm7V2bKT8wGgwioOnu	1458658836	"da80b17f48121a57b382f328bea20735-174"
aws-kraken2/g3/20261008-044702-3c2153c-55a5-n16/out/c100/1-SRR5935800/report	th_ikXKl7QFuu6Us8E_IaHgYI9l4IiX.	1221915	"ef78abfdf39f50567becd1dd751880e7"
aws-kraken2/g3/20261008-044702-3c2153c-55a5-n16/out/c100/1-SRR5935801/output	3ivMdtKa04AfPiFx98iVqlg0qMo2we9h	1286139706	"a747982526b701fc90908bf536eba110-154"
aws-kraken2/g3/20261008-044702-3c2153c-55a5-n16/out/c100/1-SRR5935801/report	3IQ.lIbGglD.Ml0jBaoU37Jqcrz3y8nS	1774484	"03a6f5dda116491f94e2a2475540ed76"
aws-kraken2/g3/20261008-044702-3c2153c-55a5-n16/out/c100/1-SRR5935802/output	Fmjskv9FlmeZMIXsvSEMHQXOk2.jVmar	1382186401	"a418679cc9ed47334885ed2231de53b6-165"
aws-kraken2/g3/20261008-044702-3c2153c-55a5-n16/out/c100/1-SRR5935802/report	IbOkEewSx07D5_s86JWeIBdypXSw2Mbo	1365791	"7ad8b4b888ee0e2dc2672a7f593a78b4"
aws-kraken2/g3/20261008-044702-3c2153c-55a5-n16/out/c100/1-SRR5935803/output	e.6Wv_MOrNv.T1UKhM7vvhFytp2R5EpL	1571180854	"c54bbcc90824952242bc626b6abca923-188"
aws-kraken2/g3/20261008-044702-3c2153c-55a5-n16/out/c100/1-SRR5935803/report	BtFXUa1j1.AW2uVDTcP6m_FPl7IbCIzF	1229520	"53156d5a11a00c85c64e259eb0df128d"
aws-kraken2/g3/20261008-044702-3c2153c-55a5-n16/out/c100/1-SRR5935804/output	E4oHZeSAd4rkVwGlbXCs3hMe_PS2Z72T	1162676376	"23695502da74903e9a8b838b39338fa6-139"
aws-kraken2/g3/20261008-044702-3c2153c-55a5-n16/out/c100/1-SRR5935804/report	P2ULtNIb4Un3cx_C_N2GXo5q8.cZ62e9	1691506	"58fcb528809be80f2f1ddfb71d850a33"
aws-kraken2/g3/20261008-044702-3c2153c-55a5-n16/out/c100/1-SRR5935805/output	2ClIYzh8vZthUrYmLtEpigYl1KxQetdr	227009157	"009d606c572950271aab2a79a1e09aa6-28"
aws-kraken2/g3/20261008-044702-3c2153c-55a5-n16/out/c100/1-SRR5935805/report	48HiayFod7WSRcMWJtJQP1tCYambntql	768876	"062e2384cc61372e4acecdd0046fe6aa"
aws-kraken2/g3/20261008-044702-3c2153c-55a5-n16/out/c100/1-SRR5935806/output	mbfjyFbpn22Ny.ytgrDWCk.kpscriR88	1300078926	"77d70b11798631c7e6806b29e4ecbe27-155"
aws-kraken2/g3/20261008-044702-3c2153c-55a5-n16/out/c100/1-SRR5935806/report	KwptOOcMERjwSuArZkhSOdmyQkYawjeD	1442867	"c900ede3aeb90c3ba242cb0ea0fdb0c4"
aws-kraken2/g3/20261008-044702-3c2153c-55a5-n16/out/c100/1-SRR5935807/output	REBZwWsguDhZi1mA3KviKPscewGTasZU	1398044104	"5254ddabf1f8cffda1f986d427dce699-167"
aws-kraken2/g3/20261008-044702-3c2153c-55a5-n16/out/c100/1-SRR5935807/report	1pi18R46fEfzbxp.EoLEzE17YjGAObGl	2235742	"a25aee2b237425e0760d096831fe7c3d"
aws-kraken2/g3/20261008-044702-3c2153c-55a5-n16/out/c100/1-SRR5935808/output	j568PNwBioUIHR8TxqlLX24SREPQdI5H	1245254954	"bf646bfd64837e501121f436932983ee-149"
aws-kraken2/g3/20261008-044702-3c2153c-55a5-n16/out/c100/1-SRR5935808/report	JvqL0gl6Ro_DZ83yclIpr_2bdDgqPTEN	1615509	"606b89a17229ee93b37fd0c330527980"
aws-kraken2/g3/20261008-044702-3c2153c-55a5-n16/out/c100/1-SRR5935809/output	cEiQC6OqBwwEJQARHvDWsdV1tebxDgfO	133732200	"739df34281337ce5f6c03b96c9c1d1a9-16"
aws-kraken2/g3/20261008-044702-3c2153c-55a5-n16/out/c100/1-SRR5935809/report	VS8OCFgUPzhzKujvGGhgeRKcGODPcw.E	733326	"7268edfcb09bf453d8073351cf2f13fd"
aws-kraken2/g3/20261008-044702-3c2153c-55a5-n16/out/c100/1-SRR5935810/output	.Hbpt.dxRy9u1rWFvpSHhprniA7q0HdF	1367441604	"c09b90c34727be72a3f9668cc2ef6328-164"
aws-kraken2/g3/20261008-044702-3c2153c-55a5-n16/out/c100/1-SRR5935810/report	t3gIoWt3NXyWwTxXssXYk9MpAIQ7pAXy	2356584	"b7f1961258966a6cbcc92417bd45d501"
aws-kraken2/g3/20261008-044702-3c2153c-55a5-n16/out/c100/1-SRR5935811/output	48kfFALO1cxIeqW0xTNj7sCqQsZ1_c2B	791085404	"6a47dc023feb4952e546b38d72f1bfde-95"
aws-kraken2/g3/20261008-044702-3c2153c-55a5-n16/out/c100/1-SRR5935811/report	lKd0t4R.3wmJdYilRzsK2w7s22ZADog4	1087987	"d44b6db0321e21436719bc4b1daa4949"
aws-kraken2/g3/20261008-044702-3c2153c-55a5-n16/out/c100/1-SRR5935812/output	7eMbMT6CLAGsIso9k.WA9Fw49ejx_nvq	780122098	"76c6596f3fdc2f5416e7b745018adb03-93"
aws-kraken2/g3/20261008-044702-3c2153c-55a5-n16/out/c100/1-SRR5935812/report	0ZT5Ix6hwnh3aHpzVZ2p5Wp0RVC905Rr	1223495	"c2287bbc0ccde481dbb853a8b9da9a2c"
aws-kraken2/g3/20261008-044702-3c2153c-55a5-n16/out/c100/1-SRR5935813/output	wDBOYeKyViLa12.pIhXd0zivTD2i9rsi	1478837804	"bbdb9690bda9aeac070d2e70cbc221d7-177"
aws-kraken2/g3/20261008-044702-3c2153c-55a5-n16/out/c100/1-SRR5935813/report	o68QDwxxp_4H7YLLij3WEzZ1D1oZxjpr	1860452	"8217230b3893abfea3cb8dfbef933266"
aws-kraken2/g3/20261008-044702-3c2153c-55a5-n16/out/c100/1-SRR5935814/output	6D4VB3NOANL7.jorGtBWhCU4NdFfcWfU	441925904	"2c8ad4581d0489d648937d04e1459784-53"
aws-kraken2/g3/20261008-044702-3c2153c-55a5-n16/out/c100/1-SRR5935814/report	gFZpc6xx0nu_WJnpf9opELSDZk2xBpGU	890508	"20347bda3784cb4a40ac7148ca3c6c41"
aws-kraken2/g3/20261008-044702-3c2153c-55a5-n16/out/c100/1-SRR5935815/output	zQEiLtC1kDkM9gM18PE2f8W1nZF4_B99	637407969	"b4baabb4558da0d53d8085e35eca0d0f-76"
aws-kraken2/g3/20261008-044702-3c2153c-55a5-n16/out/c100/1-SRR5935815/report	p8A8zzuttMTA49G.l__a1mZvHarmvG9W	1246274	"f4deb3ca518891196dea205aeeb62a11"
aws-kraken2/g3/20261008-044702-3c2153c-55a5-n16/out/c100/1-SRR5935816/output	XCqd2eEsVBKOnWtmkD_XxmM6HVsnXOEt	1040531865	"69860e2c0cdef9bb846ae2e77e99ad84-125"
aws-kraken2/g3/20261008-044702-3c2153c-55a5-n16/out/c100/1-SRR5935816/report	wBq0W3XedbZOAun0iLHX0qAr2pUwQNeG	1055534	"ea93e46c6099cc42bd55c3837a25304a"
aws-kraken2/g3/20261008-044702-3c2153c-55a5-n16/out/c100/1-SRR5935817/output	VX898VXiMWnv38AkkQ0.yzJJ.lqKBI76	1216386454	"fd82fdd6a407972b4e7695b1aa826a43-146"
aws-kraken2/g3/20261008-044702-3c2153c-55a5-n16/out/c100/1-SRR5935817/report	v2PXfXGFHor9iM4IPgdCexSNMk6LHI6Z	1444206	"423851cd60b12a8aa018804fd25a9fcf"
aws-kraken2/g3/20261008-044702-3c2153c-55a5-n16/out/c100/1-SRR5935818/output	yD7PKclKNukYnwuCYeaSlOoMW3jZ.uOf	876178012	"3519418fd677d3bf384a82dcb6930236-105"
aws-kraken2/g3/20261008-044702-3c2153c-55a5-n16/out/c100/1-SRR5935818/report	MIs6NmDHv2H7CxrPFxm0N9BJ22mxpnv9	1531997	"ab339c03588d82b249ea8d91f7ce2b4c"
aws-kraken2/g3/20261008-044702-3c2153c-55a5-n16/out/c100/1-SRR5935819/output	o71y_C967M1qrzaiWxCDVTQrEV5TNnFx	874532687	"94a2f9b519bab5c5af50811c92539c41-105"
aws-kraken2/g3/20261008-044702-3c2153c-55a5-n16/out/c100/1-SRR5935819/report	2GJo3ay0rBuCayFoeDkyHd8bm0jA4w4l	989760	"b99ad2cc96deb25a6304005bf32847ce"
aws-kraken2/g3/20261008-044702-3c2153c-55a5-n16/out/c100/1-SRR5935820/output	yG4poXffG4e5PkHcaRSuynxz_xZGsT_g	999598293	"44bcc526c175a5c26ec18e73d068944f-120"
aws-kraken2/g3/20261008-044702-3c2153c-55a5-n16/out/c100/1-SRR5935820/report	oXavF10Maw1Y14NZsDWYuT.Crjk2GMft	2142192	"51ad85926cd050a1371ec579a85159ec"
aws-kraken2/g3/20261008-044702-3c2153c-55a5-n16/out/c100/1-SRR5935821/output	aOsjhsPXvLSm9Rk8hxnWJne4mrbh7yV8	35151420	"a7e7ce8623e7f481f9ad4d589ecdfc1d-5"
aws-kraken2/g3/20261008-044702-3c2153c-55a5-n16/out/c100/1-SRR5935821/report	PcvPExvAx5wpMhVClMiXRtFchHdiVsZ7	412761	"a740c7e12b5011b5d37eaabebe8c61d9"
aws-kraken2/g3/20261008-044702-3c2153c-55a5-n16/out/c100/1-SRR5935822/output	c5xpImE0nONvTjtmgHHBLGpPpxzfwPT6	1098570440	"04561c6c13415d6809e9eea55babca81-131"
aws-kraken2/g3/20261008-044702-3c2153c-55a5-n16/out/c100/1-SRR5935822/report	Ceh91Fja8OG7RbQ7PUBlpghkv3Cn8rrr	1111760	"859d2f5908d2a2707b104404b8fdae1f"
aws-kraken2/g3/20261008-044702-3c2153c-55a5-n16/out/c100/1-SRR5935823/output	u__60.4rHO3Ar.WghMkhAO3cuNbkPv1.	1781762791	"71870dee4614ad5fec1b2ff159afe31c-213"
aws-kraken2/g3/20261008-044702-3c2153c-55a5-n16/out/c100/1-SRR5935823/report	Sj_0qPHlcdlB10Lbj_d3NM_JqbFwZiEK	875682	"848fce06d14305c62ea8d89362e9c8db"
aws-kraken2/g3/20261008-044702-3c2153c-55a5-n16/out/c100/1-SRR5935824/output	6rM8Gtc.RFIO8zJILJzWO0JlAsxl1bjL	738026562	"efb2bc93b037c527aaacfc22a87b88ec-88"
aws-kraken2/g3/20261008-044702-3c2153c-55a5-n16/out/c100/1-SRR5935824/report	BgM2Xm_KN46DD3pUujlAZz1h0sB2aGs6	1260917	"8b134a589c8702fed69a9edfdcb55203"
aws-kraken2/g3/20261008-044702-3c2153c-55a5-n16/out/c100/1-SRR5935825/output	ybVmZ5RP82mtp24ojvYtuxLq4L5fGc3I	1039375148	"f3a3b9e4b1881167cdfe40454f127b56-124"
aws-kraken2/g3/20261008-044702-3c2153c-55a5-n16/out/c100/1-SRR5935825/report	aH6JHuFRvOJKggp1210DMppyOcPvB9PA	2331568	"90e3d7112c2926d4002181bc1e9886ef"
aws-kraken2/g3/20261008-044702-3c2153c-55a5-n16/out/c100/1-SRR5935826/output	BwuN9wC37CVYgEcP6wtZMwNC2_cVhYsE	691366801	"ac6d02c9e85661dd484c1d8d11f4b837-83"
aws-kraken2/g3/20261008-044702-3c2153c-55a5-n16/out/c100/1-SRR5935826/report	KarBiW49QjRYNi_OyGLQWWlGoGvAwkOB	1075997	"577cf71c6703445ac041f36a255e2c13"
aws-kraken2/g3/20261008-044702-3c2153c-55a5-n16/out/c100/1-SRR5935827/output	6DIgjM7Or.bNBLtc63EnDPB6IC5COOsL	1326212938	"246cdc6467208acc081a0afafa84d91c-159"
aws-kraken2/g3/20261008-044702-3c2153c-55a5-n16/out/c100/1-SRR5935827/report	HOCnJtXZsOzKsSUtxCEl9uyQV8RL8olG	1384928	"d6b9783aecfcc41b6e3289808b95091d"
aws-kraken2/g3/20261008-044702-3c2153c-55a5-n16/out/c100/1-SRR5935828/output	oafAb9UsoTmRcK1osaiB3uCRXSSgauOW	781850356	"87282d9b53f7b658c10141eb0ae33fb2-94"
aws-kraken2/g3/20261008-044702-3c2153c-55a5-n16/out/c100/1-SRR5935828/report	RaHh659w.AX2SnNDj4DoiGQG.eAMt3KH	1295813	"4838944dd971db3fdce7085707880dca"
aws-kraken2/g3/20261008-044702-3c2153c-55a5-n16/out/c100/1-SRR5935829/output	EOGPRdebCddzOTiqXWj5SpIhmVLpfZKV	988935028	"baacdebdc2ddf04e03fe1e92a3eb05e4-118"
aws-kraken2/g3/20261008-044702-3c2153c-55a5-n16/out/c100/1-SRR5935829/report	rrNNHrbu.JJL6xqDGGkge_R5MXgije4d	1800570	"a61b1baaaf04f11e0dab86711231bd45"
aws-kraken2/g3/20261008-044702-3c2153c-55a5-n16/out/c100/1-SRR5935830/output	CAVtv5MRlO8jcAxMairpCkO5AxpuiVuZ	1168791447	"35ee6e46b308d9de799d7da9bdc99988-140"
aws-kraken2/g3/20261008-044702-3c2153c-55a5-n16/out/c100/1-SRR5935830/report	xDfnMaGVtJGZvIIjW1blYuoJbhiIPPcR	1350508	"967869370444b4839ed057a32ad26279"
aws-kraken2/g3/20261008-044702-3c2153c-55a5-n16/out/c100/1-SRR5935831/output	Og1HAGWLQ.1KM59HO_ISsegkvxO07C08	1253578429	"301e8e23f71855f6097769d267b9eba5-150"
aws-kraken2/g3/20261008-044702-3c2153c-55a5-n16/out/c100/1-SRR5935831/report	TXm8oBpWmfFbnrUKecPOOU64HgqiIMeZ	986875	"29460227920af2a4e73b054bcd93976f"
aws-kraken2/g3/20261008-044702-3c2153c-55a5-n16/out/c100/1-SRR5935832/output	OWI3tSWv2_0Crm37klbZRqAsgO3CU.HD	667899969	"7e50715ff3d03fd0e72a9834dd2c5c6f-80"
aws-kraken2/g3/20261008-044702-3c2153c-55a5-n16/out/c100/1-SRR5935832/report	2NHFtultbC3UadX1A2ueVq38vZtA0jfG	1229913	"1c0f42ae966ee177c6465c54e097036a"
aws-kraken2/g3/20261008-044702-3c2153c-55a5-n16/out/c100/1-SRR5935833/output	2WlKObPiAc03MK8oHGvNbFHNUcI.zSPh	1130055748	"d49aa0e22070c75b8e6d330b2b2a86fe-135"
aws-kraken2/g3/20261008-044702-3c2153c-55a5-n16/out/c100/1-SRR5935833/report	1Weqk7NcuF_E.4B6DKRT4FRBKKIEO2Ci	2277885	"403c37180239a0a00eb2f58849dce278"
aws-kraken2/g3/20261008-044702-3c2153c-55a5-n16/out/c100/1-SRR5935834/output	UMPJd5EcO1G4sNvyfhN0VcOIkCd45gZo	1189115963	"939d0fee7a0487a914b1722d79c515c2-142"
aws-kraken2/g3/20261008-044702-3c2153c-55a5-n16/out/c100/1-SRR5935834/report	zOj5aj4u3Ug3ETlYsdFc0jFWjlmlHES.	1455202	"61bda3976eeab6220904dd0f1ca61ddb"
aws-kraken2/g3/20261008-044702-3c2153c-55a5-n16/out/c100/1-SRR5935835/output	f0GX.2GYsLvLI8V_Vd_sEaCZ5gJFduKR	123314642	"30131896f42887e36cce9af0cf88a780-15"
aws-kraken2/g3/20261008-044702-3c2153c-55a5-n16/out/c100/1-SRR5935835/report	xUVE.JzJ5xRBnmeMUqxvduQyCCB6X1CD	591275	"5a3dfda045b92d9fac5946add91c382a"
aws-kraken2/g3/20261008-044702-3c2153c-55a5-n16/out/c100/1-SRR5935836/output	S0EL4a9C458_N78CazFI.8kG34KPeX8A	743666934	"1e133da6f9f3a20253bf2e8de465b348-89"
aws-kraken2/g3/20261008-044702-3c2153c-55a5-n16/out/c100/1-SRR5935836/report	n66q2KJLl1hrtsUsQqv9_lxzTkOTuIEv	1122871	"272097962c8c042ccb81b56046430dd7"
aws-kraken2/g3/20261008-044702-3c2153c-55a5-n16/out/c100/1-SRR5935837/output	m3RmSTXsIVv1sejMsmQHZDGWHW.s5YYi	798446874	"c975c76db53daa25f611c1d5f367b1b1-96"
aws-kraken2/g3/20261008-044702-3c2153c-55a5-n16/out/c100/1-SRR5935837/report	lVj0Ou72gE4CpRVt_7CgeMMkxXeUrKgn	1650671	"7687da93f3ac5ada1b22aabb9391f193"
aws-kraken2/g3/20261008-044702-3c2153c-55a5-n16/out/c100/1-SRR5935838/output	z4T2pediMzWsYVMr12EwJaIqAMRDJYSB	1236685264	"82cd6ecdffba58b726395de89facd256-148"
aws-kraken2/g3/20261008-044702-3c2153c-55a5-n16/out/c100/1-SRR5935838/report	8yw.Fn0b94l8ZgSzFtjvXpZ3uCqR6mNb	1089354	"3358c0c2d7f695d3b3196362cd0f8462"
aws-kraken2/g3/20261008-044702-3c2153c-55a5-n16/out/c100/1-SRR5935839/output	KyX6ZMDra8CbkBa9apgmWlE4tPewkaa1	108810330	"ddf7b069b57861a6f9884faf3d4d9529-13"
aws-kraken2/g3/20261008-044702-3c2153c-55a5-n16/out/c100/1-SRR5935839/report	aYWhSvwvPIBUEMqtjbfNJCAHzJa__2AV	565350	"90aeebe0ce8d8feeb140b7df354fa50a"
aws-kraken2/g3/20261008-044702-3c2153c-55a5-n16/out/c100/2-SRR5935740/output	V0nT1Zs8s7qwtWKupLYH7Phav6LVTPkU	946738756	"4e2ab1d7a88e35afe6d099cbc240bb51-113"
aws-kraken2/g3/20261008-044702-3c2153c-55a5-n16/out/c100/2-SRR5935740/report	GAK3TIIveP_Q73Feb8tVEgWWTj2wPRah	2248752	"9e77a18e2022d006fc9024d8ae2c97c8"
aws-kraken2/g3/20261008-044702-3c2153c-55a5-n16/out/c100/2-SRR5935741/output	utB7Hc35OkfvrIHMKId24mW6hFgrXmkB	1381654754	"8f29e14b459aa1b7cc3bf29b28b68165-165"
aws-kraken2/g3/20261008-044702-3c2153c-55a5-n16/out/c100/2-SRR5935741/report	hjoMIM6T_knPlfYGA0n_PNbQXQ0qeZxb	1368896	"8c2722cfe7574eb5219ab6d849514f9b"
aws-kraken2/g3/20261008-044702-3c2153c-55a5-n16/out/c100/2-SRR5935742/output	BLGdStLAtY24beJLB9eXC7ZI8h1l_a7J	1092444185	"f2b90253aa5c4a188a22d643fb66eebc-131"
aws-kraken2/g3/20261008-044702-3c2153c-55a5-n16/out/c100/2-SRR5935742/report	Xn4t8Vlg6nKcteXeZ.y3pEEamTPMwkQ9	1622655	"d7c9bad251ee369653e8e3823602dfd0"
aws-kraken2/g3/20261008-044702-3c2153c-55a5-n16/out/c100/2-SRR5935743/output	MALu2f3v.992hoHoyNUjcBk7whIddVCX	27295524	"3f24957a9b308e26172eb7a808e01346-4"
aws-kraken2/g3/20261008-044702-3c2153c-55a5-n16/out/c100/2-SRR5935743/report	LO7vDVNfEsLsrHEwU5Y.QrEuwjX.B9Ei	341952	"ae3289f5c0880fc94d9f62da416a086f"
aws-kraken2/g3/20261008-044702-3c2153c-55a5-n16/out/c100/2-SRR5935744/output	ZoblPXhbigblyHeOUsCed5ulz907Us13	1406926238	"3c3fb69ad8b689e1efd3d8adb880f58e-168"
aws-kraken2/g3/20261008-044702-3c2153c-55a5-n16/out/c100/2-SRR5935744/report	wZ1siHZeET.CGaixCRWWu5cKyZZ7MmPj	1181695	"c5e5623615e146884c46f09111cfa0ca"
aws-kraken2/g3/20261008-044702-3c2153c-55a5-n16/out/c100/2-SRR5935745/output	3UUjRN9Yhuh_pX5IT5JNhk0stihexiwk	897820263	"441d325e355b09f876f8876b7306713a-108"
aws-kraken2/g3/20261008-044702-3c2153c-55a5-n16/out/c100/2-SRR5935745/report	Li8H4BhtRO1hDGqbkgL3O7koUgDQRHlw	1724465	"c57f515bef466ea1b4be9363ca968ff2"
aws-kraken2/g3/20261008-044702-3c2153c-55a5-n16/out/c100/2-SRR5935746/output	ci_ec.OsArDq7aYr.obZzlg_XaUq3Ewk	903223803	"35e0c45bb00f779a17aefd93b655cef9-108"
aws-kraken2/g3/20261008-044702-3c2153c-55a5-n16/out/c100/2-SRR5935746/report	.Vg1KKLRGaRU3BKOa2FVFmRf8O7Ve7lE	1320734	"c2d0907cdc798c74cd9b7432ae253c8d"
aws-kraken2/g3/20261008-044702-3c2153c-55a5-n16/out/c100/2-SRR5935747/output	QWBFkWBDpRLcqSTuCytry_X3Fpy0ymcM	296796390	"86f01180a9c2b9845e4dd4f17b67859d-36"
aws-kraken2/g3/20261008-044702-3c2153c-55a5-n16/out/c100/2-SRR5935747/report	me0o1lr08YqrIUh1IZnQrlrYgCEK.owp	1163769	"6ac37cd5495698de8647f6e67ebdf560"
aws-kraken2/g3/20261008-044702-3c2153c-55a5-n16/out/c100/2-SRR5935748/output	O7DfjImUheuCxq5KMJRggQpXxLeSCG0o	1141831527	"863bd56588b3cade48972eae5ed2a721-137"
aws-kraken2/g3/20261008-044702-3c2153c-55a5-n16/out/c100/2-SRR5935748/report	lPSPb4MknnzSisCvtgoXh40mdqAjrEco	1938463	"0e69c65c26dcff28c5e8e7c1c5465571"
aws-kraken2/g3/20261008-044702-3c2153c-55a5-n16/out/c100/2-SRR5935749/output	MQV.E5nTb8wqF00MAkS8vlIo.V2Hvwsg	1565294252	"33bab253dafe240c14572741c58c41f2-187"
aws-kraken2/g3/20261008-044702-3c2153c-55a5-n16/out/c100/2-SRR5935749/report	VTHvW_q.KAETfQkyaAbfcyJIjJD3klVl	1256645	"f819b582c7d0d9de1f6b13dcfe48ce28"
aws-kraken2/g3/20261008-044702-3c2153c-55a5-n16/out/c100/2-SRR5935750/output	yGG5r1woAGb2g2WE0uwwdxZ4QojUzicA	643030825	"d96f1380d23a6f9c4fa95ca95786a7c4-77"
aws-kraken2/g3/20261008-044702-3c2153c-55a5-n16/out/c100/2-SRR5935750/report	Px7qTUL.4eIEtsarmnDJryXO.1T25KmF	1002553	"385819165f4aac144c53d67576205aca"
aws-kraken2/g3/20261008-044702-3c2153c-55a5-n16/out/c100/2-SRR5935751/output	5PgQa2YOtqHEWw7qT1Yy5j1o5vIfJv0W	1465416301	"455285249c6fd431d18ea5e325c2c063-175"
aws-kraken2/g3/20261008-044702-3c2153c-55a5-n16/out/c100/2-SRR5935751/report	glH6DQ8sVGqvn6BkAH9.QmlScsDOY.Ju	1396811	"1aa18848401149c337687df94a097505"
aws-kraken2/g3/20261008-044702-3c2153c-55a5-n16/out/c100/2-SRR5935752/output	dTHIaqficZK9_EyRhSfOkgfUSRIMdzzm	1117536035	"c900c6089a10b3d05527cd9f4daba664-134"
aws-kraken2/g3/20261008-044702-3c2153c-55a5-n16/out/c100/2-SRR5935752/report	3k5I.UjaE2VbvJ0umwXpU8No8..4V53_	806542	"4698d588c54166d9aaada2fad1cf1689"
aws-kraken2/g3/20261008-044702-3c2153c-55a5-n16/out/c100/2-SRR5935753/output	hPuYyWf6aJ3K_C7GKGt73VBlzQQLlyGl	1208291702	"c96ba7b6ed8b7f0a4f47bd06541c7396-145"
aws-kraken2/g3/20261008-044702-3c2153c-55a5-n16/out/c100/2-SRR5935753/report	8qSxM75GC_LQpaQ0WBjaP217cc9Em2uo	1606917	"7ca79f400e631fe9c8e4ee48ac7c908c"
aws-kraken2/g3/20261008-044702-3c2153c-55a5-n16/out/c100/2-SRR5935754/output	GkJiXaHh2tYuMTPjkobiSpsh9AmOW6JE	910753380	"cba36ff22fe47595711ebfea36ce5c9b-109"
aws-kraken2/g3/20261008-044702-3c2153c-55a5-n16/out/c100/2-SRR5935754/report	llcZHpvAA6RJnNk37WPgsp9kBV6.t6Xk	2028520	"1f1509568034e3e226de9e5bb8f57aeb"
aws-kraken2/g3/20261008-044702-3c2153c-55a5-n16/out/c100/2-SRR5935755/output	3SvQT9JoAPLgDIImDY28caxpiYC8ilWU	493002568	"40025331346bffb4a90333a21fdfb23f-59"
aws-kraken2/g3/20261008-044702-3c2153c-55a5-n16/out/c100/2-SRR5935755/report	ocDffkMcEdhK77vf2a6hFWR6Ajcrd_d5	1925503	"64830f134c5706ba71ba95f0bcdbc355"
aws-kraken2/g3/20261008-044702-3c2153c-55a5-n16/out/c100/2-SRR5935756/output	NCNq9nnHwJpCw2C71SleuoXP5hu0ja9y	1348489750	"e725bd16e114bec0a8b147f47e3c8e43-161"
aws-kraken2/g3/20261008-044702-3c2153c-55a5-n16/out/c100/2-SRR5935756/report	I.ohHQPYlkRVjm09Z7tEojO0pzp15LmE	1810112	"0fd72970d1029a408f8a69d8b5b8b577"
aws-kraken2/g3/20261008-044702-3c2153c-55a5-n16/out/c100/2-SRR5935757/output	p39Fmtct8AxptsXYL5OYG8hGEdxhuS73	1579904848	"e26c66232d3b9350509fa7a6709fc397-189"
aws-kraken2/g3/20261008-044702-3c2153c-55a5-n16/out/c100/2-SRR5935757/report	EbSkdpbax9XI.F6Ky7kEwQP5JU9OedT_	1886320	"4daa4588faaccbc4bda5e5c07bd3ae6a"
aws-kraken2/g3/20261008-044702-3c2153c-55a5-n16/out/c100/2-SRR5935758/output	zCogE56wvQrjOpMbbjmzWuO4Bfu7YNys	655178849	"11eedf0388d03028a264687a5b7d16f5-79"
aws-kraken2/g3/20261008-044702-3c2153c-55a5-n16/out/c100/2-SRR5935758/report	nWbrosX32dCr3l.HShxbp_JlmuMd6eZl	1047994	"28e1d014f9b494550e804bfb9ab73f6b"
aws-kraken2/g3/20261008-044702-3c2153c-55a5-n16/out/c100/2-SRR5935759/output	k0jTI_MJntpNRFrkeCC11LLeN7b8ZyN7	1485622720	"3ade6217d0729fcbf432c71852add2c3-178"
aws-kraken2/g3/20261008-044702-3c2153c-55a5-n16/out/c100/2-SRR5935759/report	Dywifg8ghtri87fY_4ttQ6ehIIivqH1c	1800868	"4678bae6f78fc8f6184cad45f05345fd"
aws-kraken2/g3/20261008-044702-3c2153c-55a5-n16/out/c100/2-SRR5935760/output	ps1jsM3LhWlfLJfqUqwNTBAi4h1vzEBM	894778457	"85db7e58525c5eed8349c611e58c43fb-107"
aws-kraken2/g3/20261008-044702-3c2153c-55a5-n16/out/c100/2-SRR5935760/report	Pz0D6XTMHpGFl9hlmtj57fGVMg1.b9aV	1068522	"46fde65478c0d0a936b47aa331abf441"
aws-kraken2/g3/20261008-044702-3c2153c-55a5-n16/out/c100/2-SRR5935761/output	aLnq6fEX2doy5Q3ITIMhFQc222kfNCtJ	1123139015	"5cbcdf96b113b5f000417bf4c81808e8-134"
aws-kraken2/g3/20261008-044702-3c2153c-55a5-n16/out/c100/2-SRR5935761/report	sj9iVGuZXGe4lkfEgUyTU2w1sShxYAJp	1213198	"40c3edf00c38c0bb966979875c57cbf0"
aws-kraken2/g3/20261008-044702-3c2153c-55a5-n16/out/c100/2-SRR5935762/output	xyKwOaZr4xV7rnE88Xxws7z_zbvQA82O	1548601024	"aa22dc7fcd663c17cf4190ce5f0b2951-185"
aws-kraken2/g3/20261008-044702-3c2153c-55a5-n16/out/c100/2-SRR5935762/report	pCUVn0sWnbvhAD5hwOGMWJZBuqu5w7tY	1328169	"3a99c71d3fec811b0d863cbdc203cfc6"
aws-kraken2/g3/20261008-044702-3c2153c-55a5-n16/out/c100/2-SRR5935763/output	kJn2r72jvshEyFc9FTq5OAI1t2CpWADF	470465597	"a1cc17c374ab92ab30d8d7402fefb834-57"
aws-kraken2/g3/20261008-044702-3c2153c-55a5-n16/out/c100/2-SRR5935763/report	9EV0Q7EtxmuWzdKaTv5Twu0LFvgwlI2F	799739	"e5bdcba7997615738598ddfc7767ad33"
aws-kraken2/g3/20261008-044702-3c2153c-55a5-n16/out/c100/2-SRR5935764/output	rPumQGTpYIeoXv4bs0wjW.6fQwRhz6rc	1056480454	"39bc5c03c6d4385aa225c1fbf9c64cbe-126"
aws-kraken2/g3/20261008-044702-3c2153c-55a5-n16/out/c100/2-SRR5935764/report	6f.AJ2iPxV.8BdCgOCxJgW.ED0OdL30W	1456220	"82f7f4f45e36c5733005debd2d0deccd"
aws-kraken2/g3/20261008-044702-3c2153c-55a5-n16/out/c100/2-SRR5935765/output	pbfQkpOywc8vgOn98I1KjxCbdyzlRfET	868996488	"1feb2744116cf71a6d30e12bf84ea163-104"
aws-kraken2/g3/20261008-044702-3c2153c-55a5-n16/out/c100/2-SRR5935765/report	JzxY_uV_FM_CWiiACv7hmoT5mTTVO7MK	1093035	"fc475b68432aae6b4ff15253f9a4cf5e"
aws-kraken2/g3/20261008-044702-3c2153c-55a5-n16/out/c100/2-SRR5935766/output	hJqXnDOg1.8cYXstwLdWUSI1dGYZ46Xl	1196000935	"46ec004fa7fad326fb2823f14779ad5e-143"
aws-kraken2/g3/20261008-044702-3c2153c-55a5-n16/out/c100/2-SRR5935766/report	SbXIVAjKfWCm2ilzsT4jJZ8X5I3ran_8	1389765	"be1271dfeebff8efdb070a33aa1c5d42"
aws-kraken2/g3/20261008-044702-3c2153c-55a5-n16/out/c100/2-SRR5935767/output	G5ERRglQxgJRoC0MPF__oktuUPBtMiMs	493196104	"60d081cbf30c4eeeb5cc60a85b1166ce-59"
aws-kraken2/g3/20261008-044702-3c2153c-55a5-n16/out/c100/2-SRR5935767/report	2lJgOVML6_S6x4NPpbamiNbgop_irJ96	1215682	"bf4e5698de26332ff1ef259b182f428c"
aws-kraken2/g3/20261008-044702-3c2153c-55a5-n16/out/c100/2-SRR5935768/output	Iu_ypGaTKIAk1QBLFrNE1YcEm_zOQY9A	1412003175	"182fadb45a81c09e452b17e56c8e412b-169"
aws-kraken2/g3/20261008-044702-3c2153c-55a5-n16/out/c100/2-SRR5935768/report	F1UWgu5wtxz4itw9ff5Uf1d9HRDKLO3I	1882093	"464f2bcaf9559652181296ac0d110531"
aws-kraken2/g3/20261008-044702-3c2153c-55a5-n16/out/c100/2-SRR5935769/output	gTwzPWZQN87cC4JsHkYBlbwOu47ysJS.	994989473	"86cc2f2ad088e288925fcd16fc7d1840-119"
aws-kraken2/g3/20261008-044702-3c2153c-55a5-n16/out/c100/2-SRR5935769/report	10xWMbApIFww2InGvZOa8WFbv9Z3VOqg	1796504	"4b577b3001ba3308bd204d42bd61df59"
aws-kraken2/g3/20261008-044702-3c2153c-55a5-n16/out/c100/2-SRR5935770/output	1U.pnlnlWDsVAaSX24Y5edSd5p1UvnZo	1485977558	"482bedbbf51074e0829640969f980674-178"
aws-kraken2/g3/20261008-044702-3c2153c-55a5-n16/out/c100/2-SRR5935770/report	7vJoyFvPgGPrN3qaOh2D6HjuLUtvNuvJ	1509097	"717071ca941e140874e74d9dd6e1e9c8"
aws-kraken2/g3/20261008-044702-3c2153c-55a5-n16/out/c100/2-SRR5935771/output	3DHot5IJzuJdXf.f0mvMt4w6Qgd._SNK	825926292	"5bd4624f0baa5c525a3299706f14fee8-99"
aws-kraken2/g3/20261008-044702-3c2153c-55a5-n16/out/c100/2-SRR5935771/report	14lbjRTXc5RBpQl482pqvDcp6DtVjvfh	1771191	"8701fedfacfa23eb2943f67f81310fc3"
aws-kraken2/g3/20261008-044702-3c2153c-55a5-n16/out/c100/2-SRR5935772/output	2vbW0JyRmNZdBQ1Zu1keecwunWRbMekb	1299349298	"a7f618852a94bc35334fe5b997e0fc26-155"
aws-kraken2/g3/20261008-044702-3c2153c-55a5-n16/out/c100/2-SRR5935772/report	FUBl64lDf11NA7JnTsNZVicvdQeOd8eZ	1893229	"df7fc5953ce1e817770866998c55765b"
aws-kraken2/g3/20261008-044702-3c2153c-55a5-n16/out/c100/2-SRR5935773/output	vJBsBlzaiHOD5HZv_hCaBlydkglrCYPo	1777027561	"e69b85a78eb4f006ca865e89843ee8ab-212"
aws-kraken2/g3/20261008-044702-3c2153c-55a5-n16/out/c100/2-SRR5935773/report	jkR0Y5GxqBIG3TalhdRUL1T7sFdk2Uht	1407784	"4bafbf04310f0e65af54098e7be4c9e5"
aws-kraken2/g3/20261008-044702-3c2153c-55a5-n16/out/c100/2-SRR5935774/output	x6F3gDAYS9pGGvX5Wl0xSvS.gq59TmH2	1118595795	"876b635c8e2c16fe4616613bd27a4e9e-134"
aws-kraken2/g3/20261008-044702-3c2153c-55a5-n16/out/c100/2-SRR5935774/report	t5srxBJINy42mNssUIFi5qKzfha.ZVWw	2260847	"374fbd66817070d92c160cbdf8d548f2"
aws-kraken2/g3/20261008-044702-3c2153c-55a5-n16/out/c100/2-SRR5935775/output	a_wIPYCUwbkdocM0iktxnMAMYR4vYYc7	1048439000	"2fec32271832f34f7265bc3a7185cada-125"
aws-kraken2/g3/20261008-044702-3c2153c-55a5-n16/out/c100/2-SRR5935775/report	VzeQHo4BAEcEzn0J2EslZndnPVarSwZE	923682	"e9462c8ee8a540cee05c1f908bde50b8"
aws-kraken2/g3/20261008-044702-3c2153c-55a5-n16/out/c100/2-SRR5935776/output	kdqUFqWUN0TaaBw8VJrtTHDCjixBYulV	286390951	"c2adbcbf037ff45a0cc06dc5cf5d50a4-35"
aws-kraken2/g3/20261008-044702-3c2153c-55a5-n16/out/c100/2-SRR5935776/report	BEm6SDxkBotDka_CiuGgsy4IfVYy0OFi	712980	"cfd4cdea3f050ea603703fd0f76cc58f"
aws-kraken2/g3/20261008-044702-3c2153c-55a5-n16/out/c100/2-SRR5935777/output	ckDJrah3ZBijqUE1FsqObssqqHhY3G_J	791547814	"b28d495546ec4bae727a213df16c1678-95"
aws-kraken2/g3/20261008-044702-3c2153c-55a5-n16/out/c100/2-SRR5935777/report	Z1xQDx6pnlrCp88heNTSDwetO33u9p4g	996979	"b5a778de88aba08b024be88d3c973d5c"
aws-kraken2/g3/20261008-044702-3c2153c-55a5-n16/out/c100/2-SRR5935778/output	EjhlFC_ajGMRUkst40dt52H5Vbeqne3s	882898467	"aa0f50fdd8619eb0bbddb58c0bae3a7e-106"
aws-kraken2/g3/20261008-044702-3c2153c-55a5-n16/out/c100/2-SRR5935778/report	kASYNhYp0Y9f2BZ5B1BHpeqT7CDIdk6T	1826402	"2fb5abc9300dc603cc30ff035b9ffc79"
aws-kraken2/g3/20261008-044702-3c2153c-55a5-n16/out/c100/2-SRR5935779/output	fSwMLmKcflHExWIUA1qvkKJ3UEVIgp24	494156809	"2ab5161579914f233c4c611d32bb6b96-59"
aws-kraken2/g3/20261008-044702-3c2153c-55a5-n16/out/c100/2-SRR5935779/report	lyNCHoNJOf7ZNV5dJo8WFECwH.hmbE7s	1053419	"ede35e08dc0e38c145ef798388434d4f"
aws-kraken2/g3/20261008-044702-3c2153c-55a5-n16/out/c100/2-SRR5935780/output	I.FoWA3W9QOq30V6mW1c_zTC23fuRtg2	864919629	"58f2f1c5a4968d917ad3af4242f36a02-104"
aws-kraken2/g3/20261008-044702-3c2153c-55a5-n16/out/c100/2-SRR5935780/report	O4uiWtXtZo5eatRHu7KzYEa0GyIroJxv	1301060	"39a72b723039d717ab18ef19b247cf61"
aws-kraken2/g3/20261008-044702-3c2153c-55a5-n16/out/c100/2-SRR5935781/output	_3yafSrAuxYtx2BEPszwEzxQAXiaCcA_	778867383	"d5edb2fd25fac242283c067da5c38666-93"
aws-kraken2/g3/20261008-044702-3c2153c-55a5-n16/out/c100/2-SRR5935781/report	L358jhNu.DM91hFKi3YDYhTd4smfRIn3	1056727	"c9e94a497b254a0d1a6823fa56de9c67"
aws-kraken2/g3/20261008-044702-3c2153c-55a5-n16/out/c100/2-SRR5935782/output	77msLeZVSh5REvTeM.lGAmQXOO0DoVrH	827402500	"9958de62d2851c034e9017780773663f-99"
aws-kraken2/g3/20261008-044702-3c2153c-55a5-n16/out/c100/2-SRR5935782/report	7Xn7Bg_Zs8.JgDuO01Uib1ZL815ag9pG	1056592	"ee7946483bce1ef20e6a90306392bdb1"
aws-kraken2/g3/20261008-044702-3c2153c-55a5-n16/out/c100/2-SRR5935783/output	6OtTNoA0UzOZMBc1OESGQMoChxaQD4Je	250474215	"bc4289ae0e04a011798e1e302dceca2f-30"
aws-kraken2/g3/20261008-044702-3c2153c-55a5-n16/out/c100/2-SRR5935783/report	xv4586yEfHl5DyczckSI_KUo0cBm3cyZ	687469	"51cde5f7e388d53785d016617ee59aed"
aws-kraken2/g3/20261008-044702-3c2153c-55a5-n16/out/c100/2-SRR5935784/output	HP.twMPz1pCFC5h7aHbw1gYotb7yNbuy	1294739086	"86500e810c118f02283cfa2c703e80db-155"
aws-kraken2/g3/20261008-044702-3c2153c-55a5-n16/out/c100/2-SRR5935784/report	sgZH4N06Tvkgtvu3I0YtrKiQusratw7S	1381839	"fadcb36576b6193e03889c85ea7c380a"
aws-kraken2/g3/20261008-044702-3c2153c-55a5-n16/out/c100/2-SRR5935785/output	KOc86fuQvf9kSa22vi5xxcw.eWeVIVfE	1327890644	"97f14e7aa6e025f60aa75b1184c7f76a-159"
aws-kraken2/g3/20261008-044702-3c2153c-55a5-n16/out/c100/2-SRR5935785/report	7YiZSdfEfPxleqO6iwa.Ot265d7scw5H	1821031	"dde4ebe25c01e0c237e180ed92bbec1d"
aws-kraken2/g3/20261008-044702-3c2153c-55a5-n16/out/c100/2-SRR5935786/output	tQ2qGsPuiL3Us33SWlQjYnZIjdHkNd3m	866581495	"6aea7df630a4f9669e642a0bc1d332ab-104"
aws-kraken2/g3/20261008-044702-3c2153c-55a5-n16/out/c100/2-SRR5935786/report	D0CObTEE_F9CDXuOfrSE71QbwrJqvTI6	1615388	"32d4735cb3094eeb0d6752c3647ac268"
aws-kraken2/g3/20261008-044702-3c2153c-55a5-n16/out/c100/2-SRR5935787/output	v6wz_7oVS.vefu7xeadsA2VULSvmHBxt	1318938581	"0d615a2ece74be38286f7b2967f0f867-158"
aws-kraken2/g3/20261008-044702-3c2153c-55a5-n16/out/c100/2-SRR5935787/report	bDrD6icKDPEvmMgh970pkKY3S8VPBKfR	1117113	"4cbb04f99ffb94c62e906f3b27bb89a8"
aws-kraken2/g3/20261008-044702-3c2153c-55a5-n16/out/c100/2-SRR5935788/output	go7b2x6goo5_CDBcVJEI1mjgHJxCJzXe	1005667156	"b9d94a731a51ee68f14469b0f0abb674-120"
aws-kraken2/g3/20261008-044702-3c2153c-55a5-n16/out/c100/2-SRR5935788/report	uz2JYCyoU4sShDcmQqkCAK0aTyFnxURD	1157451	"393a1e3f8ea419ff25504dfd5e98de9b"
aws-kraken2/g3/20261008-044702-3c2153c-55a5-n16/out/c100/2-SRR5935789/output	36wXKmTp6h9jiEZPJUD8zPO8.Q6ggIZH	128783639	"3db6aeb189b6d823539f71c1cf82894f-16"
aws-kraken2/g3/20261008-044702-3c2153c-55a5-n16/out/c100/2-SRR5935789/report	oGpYGnjfEjgU1k7eDTb5n8VZURQPlo.P	579130	"d4f3217421711465fdeb80f8afa6dcbd"
aws-kraken2/g3/20261008-044702-3c2153c-55a5-n16/out/c100/2-SRR5935790/output	PQYLweBbk18Sx6_lLkZ0VjKq5j9M_zuL	793488802	"7b9aac5a82ff3d901c2083c149ee6d82-95"
aws-kraken2/g3/20261008-044702-3c2153c-55a5-n16/out/c100/2-SRR5935790/report	v6InmBo6TC59B1vwKH0ummQoqrQ27fY6	1494506	"55e00bd1f2a23d180056db854f54051b"
aws-kraken2/g3/20261008-044702-3c2153c-55a5-n16/out/c100/2-SRR5935791/output	IYxkGU63hb1_IobQxDjP8gBghAYFBlXX	779693908	"5276b3abbaa6665d5f3eb155ed4c24b4-93"
aws-kraken2/g3/20261008-044702-3c2153c-55a5-n16/out/c100/2-SRR5935791/report	KqYGbGyklKJxrzVa2DKz6ZGdAlPlqT6C	751941	"91d3a3f7bb769147e5c8419089f3e5c5"
aws-kraken2/g3/20261008-044702-3c2153c-55a5-n16/out/c100/2-SRR5935792/output	MgTOgmuHBwTLbISAAinYRDe6n4iMDvNR	922381736	"684de63d556f2d26f5d7db58948ac4bd-110"
aws-kraken2/g3/20261008-044702-3c2153c-55a5-n16/out/c100/2-SRR5935792/report	RrcgMUHBxF.k_NR9xom1epGNxxquG_IJ	1503696	"0b64bbdecb16c98ba558fd070d4920bc"
aws-kraken2/g3/20261008-044702-3c2153c-55a5-n16/out/c100/2-SRR5935793/output	H75vZTybLn4NdaSh6OhRaZvAmUHsO8F8	152974172	"c034cf6d4c04895266741b09da9ec66f-19"
aws-kraken2/g3/20261008-044702-3c2153c-55a5-n16/out/c100/2-SRR5935793/report	h6EKyCav1uKksur5G2VE516w6TmT1X2j	1574315	"a99382ba4f949c390c974e93c719cbcb"
aws-kraken2/g3/20261008-044702-3c2153c-55a5-n16/out/c100/2-SRR5935794/output	GtwUuDvJJEgji.DVKg4rVNv2kDZaCTg1	1287477440	"76e8c414b5221183fe8abbd2e4dae9a4-154"
aws-kraken2/g3/20261008-044702-3c2153c-55a5-n16/out/c100/2-SRR5935794/report	PSEbuNG8tUC7g6jVaEH5dQIQD5R9mRCA	948428	"5b9366d916e66d3c8f92d46d61d3778f"
aws-kraken2/g3/20261008-044702-3c2153c-55a5-n16/out/c100/2-SRR5935795/output	6Z1lhMCriSQrEn4TnhliLYWLkp7b78D1	967838535	"20f574737b44018702e88783b0f2580a-116"
aws-kraken2/g3/20261008-044702-3c2153c-55a5-n16/out/c100/2-SRR5935795/report	.HeQ40kzheSyl3uyur.NR7zj8Srwe8t4	1182812	"4aec6e24eb607f97aad2887e40c5415e"
aws-kraken2/g3/20261008-044702-3c2153c-55a5-n16/out/c100/2-SRR5935796/output	BtYnD.bvPI.1Rmf9l215.nh.fBVBRr3_	1439597663	"a0fd1aeedeebee2912046d2434209a3f-172"
aws-kraken2/g3/20261008-044702-3c2153c-55a5-n16/out/c100/2-SRR5935796/report	IKFNPZUafwC5_eJ5svZQxX8fmGBm5tjp	1898887	"5ac17446f8780e0aa084a35be78a52d5"
aws-kraken2/g3/20261008-044702-3c2153c-55a5-n16/out/c100/2-SRR5935797/output	lIYZG40dvAZ.wA4gqEz_MfItMF36L7wJ	733153484	"b33a30911bcdb17e3e17c3a255745715-88"
aws-kraken2/g3/20261008-044702-3c2153c-55a5-n16/out/c100/2-SRR5935797/report	2Afs8li3f.JSB1YByPuf4H2O4.1.ayT_	1518141	"96e5d615eaded085404f8fa1bb3ec800"
aws-kraken2/g3/20261008-044702-3c2153c-55a5-n16/out/c100/2-SRR5935798/output	8E0McSaX.bRc.OK_epQZstKZsH51z1mG	1796159145	"dfbbfb6c1733ee7d0957a41916fc4e96-215"
aws-kraken2/g3/20261008-044702-3c2153c-55a5-n16/out/c100/2-SRR5935798/report	PlZLG9oekdLAVMrcDF5BPOoNDzZQKJnE	1733186	"13a72dbc2f31fc8f80e94d8623b5c0a1"
aws-kraken2/g3/20261008-044702-3c2153c-55a5-n16/out/c100/2-SRR5935799/output	pWKoMBnDu_Ie2vp6OsH5kUv2MoC2Vnw7	804185919	"81273ab52501494863858c3743a487cf-96"
aws-kraken2/g3/20261008-044702-3c2153c-55a5-n16/out/c100/2-SRR5935799/report	UHOJv8w5vO6eYMoKOFXPujc8YblXraB0	2452731	"e3b4e6e76758168dd447208b126ca365"
aws-kraken2/g3/20261008-044702-3c2153c-55a5-n16/out/c100/2-SRR5935800/output	gHzZ2MeWdAEV6F4SHy8wmL27.h1wxYCH	1458658836	"da80b17f48121a57b382f328bea20735-174"
aws-kraken2/g3/20261008-044702-3c2153c-55a5-n16/out/c100/2-SRR5935800/report	5GpbCX.lwGdVDSpmSbPpWcrkeFXxoGs6	1221915	"ef78abfdf39f50567becd1dd751880e7"
aws-kraken2/g3/20261008-044702-3c2153c-55a5-n16/out/c100/2-SRR5935801/output	asxWNI.HJsg0khJlZpZrHdXI1g_ERjVD	1286139706	"a747982526b701fc90908bf536eba110-154"
aws-kraken2/g3/20261008-044702-3c2153c-55a5-n16/out/c100/2-SRR5935801/report	UP4C1MebR.8JYSTh5c17whbPK5244ayD	1774484	"03a6f5dda116491f94e2a2475540ed76"
aws-kraken2/g3/20261008-044702-3c2153c-55a5-n16/out/c100/2-SRR5935802/output	WCQ2cVc5C7h.ebs7pHVgDU8aFZBbFwvn	1382186401	"a418679cc9ed47334885ed2231de53b6-165"
aws-kraken2/g3/20261008-044702-3c2153c-55a5-n16/out/c100/2-SRR5935802/report	g_8llyx6WIyE1H2vJHyvqUZ5A1GIvWkt	1365791	"7ad8b4b888ee0e2dc2672a7f593a78b4"
aws-kraken2/g3/20261008-044702-3c2153c-55a5-n16/out/c100/2-SRR5935803/output	9l6hNc3yAeAqNYg36YbNIFZJ2XNuTzWN	1571180854	"c54bbcc90824952242bc626b6abca923-188"
aws-kraken2/g3/20261008-044702-3c2153c-55a5-n16/out/c100/2-SRR5935803/report	JpTg6Hwmq3NcAVYIxSpf85_xRcwiMTFe	1229520	"53156d5a11a00c85c64e259eb0df128d"
aws-kraken2/g3/20261008-044702-3c2153c-55a5-n16/out/c100/2-SRR5935804/output	9YJeuW24.uoF4gFaF_sm7XUAZ4v4SFap	1162676376	"23695502da74903e9a8b838b39338fa6-139"
aws-kraken2/g3/20261008-044702-3c2153c-55a5-n16/out/c100/2-SRR5935804/report	6mleIxH8oyH6Qe9Qtglw_MWAiQsAuIQT	1691506	"58fcb528809be80f2f1ddfb71d850a33"
aws-kraken2/g3/20261008-044702-3c2153c-55a5-n16/out/c100/2-SRR5935805/output	xa5HyGINJHT7t5gPnaL1hBunK3Q8nHvp	227009157	"009d606c572950271aab2a79a1e09aa6-28"
aws-kraken2/g3/20261008-044702-3c2153c-55a5-n16/out/c100/2-SRR5935805/report	tpim3ErnXyDi51iKjJzukarg.kduSBNJ	768876	"062e2384cc61372e4acecdd0046fe6aa"
aws-kraken2/g3/20261008-044702-3c2153c-55a5-n16/out/c100/2-SRR5935806/output	xu3icXOtoHNTI2Imb0Fbakj4Xttut2Dp	1300078926	"77d70b11798631c7e6806b29e4ecbe27-155"
aws-kraken2/g3/20261008-044702-3c2153c-55a5-n16/out/c100/2-SRR5935806/report	hND0_31yosILCgVFqA0ZYx0IEm8QTroB	1442867	"c900ede3aeb90c3ba242cb0ea0fdb0c4"
aws-kraken2/g3/20261008-044702-3c2153c-55a5-n16/out/c100/2-SRR5935807/output	SHs27c4JliRfUSppD5bYoS.LHDCcV9fr	1398044104	"5254ddabf1f8cffda1f986d427dce699-167"
aws-kraken2/g3/20261008-044702-3c2153c-55a5-n16/out/c100/2-SRR5935807/report	dVCtAa8J0cN2CfOxGjkWRQfAPg4eIipl	2235742	"a25aee2b237425e0760d096831fe7c3d"
aws-kraken2/g3/20261008-044702-3c2153c-55a5-n16/out/c100/2-SRR5935808/output	gWUKe6ATepAtcrdwxBSKSRwGRhYbmniY	1245254954	"bf646bfd64837e501121f436932983ee-149"
aws-kraken2/g3/20261008-044702-3c2153c-55a5-n16/out/c100/2-SRR5935808/report	Nb.ipeHtHRYx5PvQbv5BfxrT.mrQUKqN	1615509	"606b89a17229ee93b37fd0c330527980"
aws-kraken2/g3/20261008-044702-3c2153c-55a5-n16/out/c100/2-SRR5935809/output	FymxCvYCt6RLMcIusfjMIkGSaf7nV8v4	133732200	"739df34281337ce5f6c03b96c9c1d1a9-16"
aws-kraken2/g3/20261008-044702-3c2153c-55a5-n16/out/c100/2-SRR5935809/report	G9Q2gGBpIdsaXTq.ZWDt22ylGx87DTr9	733326	"7268edfcb09bf453d8073351cf2f13fd"
aws-kraken2/g3/20261008-044702-3c2153c-55a5-n16/out/c100/2-SRR5935810/output	Y_cRTKkHSBmedYpLSPWdzGSLfyTh4lNH	1367441604	"c09b90c34727be72a3f9668cc2ef6328-164"
aws-kraken2/g3/20261008-044702-3c2153c-55a5-n16/out/c100/2-SRR5935810/report	ghtvBSxvZob4G7x4bbOmSMyeoM17nACr	2356584	"b7f1961258966a6cbcc92417bd45d501"
aws-kraken2/g3/20261008-044702-3c2153c-55a5-n16/out/c100/2-SRR5935811/output	da436azjnNw95QmJIYsDzkwrbMvjWf15	791085404	"6a47dc023feb4952e546b38d72f1bfde-95"
aws-kraken2/g3/20261008-044702-3c2153c-55a5-n16/out/c100/2-SRR5935811/report	PyESLyMWNTYBxetLwwf9BiQWrAEInncr	1087987	"d44b6db0321e21436719bc4b1daa4949"
aws-kraken2/g3/20261008-044702-3c2153c-55a5-n16/out/c100/2-SRR5935812/output	N3ESlfU_vrCw9AN7NRvxcVMZjP9PdNGY	780122098	"76c6596f3fdc2f5416e7b745018adb03-93"
aws-kraken2/g3/20261008-044702-3c2153c-55a5-n16/out/c100/2-SRR5935812/report	55TjAvbqlKPbbxy_pDf0E8g2ch0c7zDB	1223495	"c2287bbc0ccde481dbb853a8b9da9a2c"
aws-kraken2/g3/20261008-044702-3c2153c-55a5-n16/out/c100/2-SRR5935813/output	T4E46Wy.PfgtF5qPAnWw7J6axMejuW6_	1478837804	"bbdb9690bda9aeac070d2e70cbc221d7-177"
aws-kraken2/g3/20261008-044702-3c2153c-55a5-n16/out/c100/2-SRR5935813/report	l3dHrRb2ZRB_f6MWOzMdJIWFBndILFlZ	1860452	"8217230b3893abfea3cb8dfbef933266"
aws-kraken2/g3/20261008-044702-3c2153c-55a5-n16/out/c100/2-SRR5935814/output	3lBhSyMwlBQM4KaScRVtwYBIRQ_HsLom	441925904	"2c8ad4581d0489d648937d04e1459784-53"
aws-kraken2/g3/20261008-044702-3c2153c-55a5-n16/out/c100/2-SRR5935814/report	0SG6CzkKBHMIeClA6mf7bj3kfziApnDr	890508	"20347bda3784cb4a40ac7148ca3c6c41"
aws-kraken2/g3/20261008-044702-3c2153c-55a5-n16/out/c100/2-SRR5935815/output	86Rnf9fyubHRXhuRWICKH4O__IOrHPrw	637407969	"b4baabb4558da0d53d8085e35eca0d0f-76"
aws-kraken2/g3/20261008-044702-3c2153c-55a5-n16/out/c100/2-SRR5935815/report	ay0pZ2aJdJcAw3UAkON7_wAnx9fYIIKO	1246274	"f4deb3ca518891196dea205aeeb62a11"
aws-kraken2/g3/20261008-044702-3c2153c-55a5-n16/out/c100/2-SRR5935816/output	pLFdhj3cqi9DCb0ylaPcwKduRU0iLz1r	1040531865	"69860e2c0cdef9bb846ae2e77e99ad84-125"
aws-kraken2/g3/20261008-044702-3c2153c-55a5-n16/out/c100/2-SRR5935816/report	nTVkUCzStOe0kFhLClBUDKg1bpHBUEz4	1055534	"ea93e46c6099cc42bd55c3837a25304a"
aws-kraken2/g3/20261008-044702-3c2153c-55a5-n16/out/c100/2-SRR5935817/output	.i0gzsUp3u473T1McR7kuwT_ieWG5nny	1216386454	"fd82fdd6a407972b4e7695b1aa826a43-146"
aws-kraken2/g3/20261008-044702-3c2153c-55a5-n16/out/c100/2-SRR5935817/report	oAZdUioAoNR4elsIZBjx8.On0ZpEF_QJ	1444206	"423851cd60b12a8aa018804fd25a9fcf"
aws-kraken2/g3/20261008-044702-3c2153c-55a5-n16/out/c100/2-SRR5935818/output	1wn38AcFxI2tVq_t4nRmB.1zrwV7aNru	876178012	"3519418fd677d3bf384a82dcb6930236-105"
aws-kraken2/g3/20261008-044702-3c2153c-55a5-n16/out/c100/2-SRR5935818/report	re.7dsJ4h7gtTlWAGHgQYN7mE_bIVz2n	1531997	"ab339c03588d82b249ea8d91f7ce2b4c"
aws-kraken2/g3/20261008-044702-3c2153c-55a5-n16/out/c100/2-SRR5935819/output	KOWUB.a8BQWHQjaGqlZ3cZEqiL_e2Q7D	874532687	"94a2f9b519bab5c5af50811c92539c41-105"
aws-kraken2/g3/20261008-044702-3c2153c-55a5-n16/out/c100/2-SRR5935819/report	lAYYpI7S.fIbIWksqHmuO.wvGL1DHMYh	989760	"b99ad2cc96deb25a6304005bf32847ce"
aws-kraken2/g3/20261008-044702-3c2153c-55a5-n16/out/c100/2-SRR5935820/output	FGkHW4E9MMbzGYq5ceQPr64YGy2EGM36	999598293	"44bcc526c175a5c26ec18e73d068944f-120"
aws-kraken2/g3/20261008-044702-3c2153c-55a5-n16/out/c100/2-SRR5935820/report	7LHKPJqVW2w.R6ed3qp04ehghnqbipJr	2142192	"51ad85926cd050a1371ec579a85159ec"
aws-kraken2/g3/20261008-044702-3c2153c-55a5-n16/out/c100/2-SRR5935821/output	k68JrTYRr0xBYTVXx9JN8fIfS.Uw4y7x	35151420	"a7e7ce8623e7f481f9ad4d589ecdfc1d-5"
aws-kraken2/g3/20261008-044702-3c2153c-55a5-n16/out/c100/2-SRR5935821/report	H._ed_MIJ.PvyKC28408QWSvM_Np12qN	412761	"a740c7e12b5011b5d37eaabebe8c61d9"
aws-kraken2/g3/20261008-044702-3c2153c-55a5-n16/out/c100/2-SRR5935822/output	VKjri9CXfoSbiElKODva7jB.3_MKwOxQ	1098570440	"04561c6c13415d6809e9eea55babca81-131"
aws-kraken2/g3/20261008-044702-3c2153c-55a5-n16/out/c100/2-SRR5935822/report	GR6ATWxE6CEMVMfm6BRrXgt1pvlZ7PLk	1111760	"859d2f5908d2a2707b104404b8fdae1f"
aws-kraken2/g3/20261008-044702-3c2153c-55a5-n16/out/c100/2-SRR5935823/output	McXxDJvLyzvTTE71rseFbIVk5Yd1rsqM	1781762791	"71870dee4614ad5fec1b2ff159afe31c-213"
aws-kraken2/g3/20261008-044702-3c2153c-55a5-n16/out/c100/2-SRR5935823/report	ksBh5xFkgdppvO6O.IrAEPNmB1lvkVkE	875682	"848fce06d14305c62ea8d89362e9c8db"
aws-kraken2/g3/20261008-044702-3c2153c-55a5-n16/out/c100/2-SRR5935824/output	rINUsXAS6pj4zTvIvZCHjyfJPJ2GLMb3	738026562	"efb2bc93b037c527aaacfc22a87b88ec-88"
aws-kraken2/g3/20261008-044702-3c2153c-55a5-n16/out/c100/2-SRR5935824/report	aEwYGEK6h9.BWYoAbhTD53.D3o1uL_oa	1260917	"8b134a589c8702fed69a9edfdcb55203"
aws-kraken2/g3/20261008-044702-3c2153c-55a5-n16/out/c100/2-SRR5935825/output	XzCA81KqjBpnWV10VUjahtF21iikHOJR	1039375148	"f3a3b9e4b1881167cdfe40454f127b56-124"
aws-kraken2/g3/20261008-044702-3c2153c-55a5-n16/out/c100/2-SRR5935825/report	d88Q_gizgsO6Xbqqc0rSdLuIBZytdmSt	2331568	"90e3d7112c2926d4002181bc1e9886ef"
aws-kraken2/g3/20261008-044702-3c2153c-55a5-n16/out/c100/2-SRR5935826/output	enWrMQLJV0jfxkuhJFR7ggDMzkM5fBaM	691366801	"ac6d02c9e85661dd484c1d8d11f4b837-83"
aws-kraken2/g3/20261008-044702-3c2153c-55a5-n16/out/c100/2-SRR5935826/report	p3VeYqNTPup3q9g4dsQo.10SIsH3v.T7	1075997	"577cf71c6703445ac041f36a255e2c13"
aws-kraken2/g3/20261008-044702-3c2153c-55a5-n16/out/c100/2-SRR5935827/output	YRdK3U6WmTiCxtkwMnpOXuUH8OebqlM.	1326212938	"246cdc6467208acc081a0afafa84d91c-159"
aws-kraken2/g3/20261008-044702-3c2153c-55a5-n16/out/c100/2-SRR5935827/report	rMklFFXqaKamh21h.49G9pVbu2DQRHCY	1384928	"d6b9783aecfcc41b6e3289808b95091d"
aws-kraken2/g3/20261008-044702-3c2153c-55a5-n16/out/c100/2-SRR5935828/output	5m7LwlVcplvPENYEyaTT3ZvMOWaoqq0R	781850356	"87282d9b53f7b658c10141eb0ae33fb2-94"
aws-kraken2/g3/20261008-044702-3c2153c-55a5-n16/out/c100/2-SRR5935828/report	VVbUOD3Xwup8qnyO.LxtInZfmgqd99OJ	1295813	"4838944dd971db3fdce7085707880dca"
aws-kraken2/g3/20261008-044702-3c2153c-55a5-n16/out/c100/2-SRR5935829/output	ok3I8.TqdPBUVWD8Xk5e_TkAraKZmSLD	988935028	"baacdebdc2ddf04e03fe1e92a3eb05e4-118"
aws-kraken2/g3/20261008-044702-3c2153c-55a5-n16/out/c100/2-SRR5935829/report	el5WqMpjCz82e5ZRi6mNvcG4mxpzwaai	1800570	"a61b1baaaf04f11e0dab86711231bd45"
aws-kraken2/g3/20261008-044702-3c2153c-55a5-n16/out/c100/2-SRR5935830/output	oKFjgtzFDTp1uB3z6VOTBgE9cKQHOqQZ	1168791447	"35ee6e46b308d9de799d7da9bdc99988-140"
aws-kraken2/g3/20261008-044702-3c2153c-55a5-n16/out/c100/2-SRR5935830/report	4vAfYNS.tuZMJm5RNp6H7fZ52M.ZPyvl	1350508	"967869370444b4839ed057a32ad26279"
aws-kraken2/g3/20261008-044702-3c2153c-55a5-n16/out/c100/2-SRR5935831/output	VX0BwX0GM00pJOgEh7EHa4Evg1TG3YxT	1253578429	"301e8e23f71855f6097769d267b9eba5-150"
aws-kraken2/g3/20261008-044702-3c2153c-55a5-n16/out/c100/2-SRR5935831/report	xwds2K9mWu4h7nOQHaEas8Sik2_PqXCZ	986875	"29460227920af2a4e73b054bcd93976f"
aws-kraken2/g3/20261008-044702-3c2153c-55a5-n16/out/c100/2-SRR5935832/output	VMOq.TTyZuJBTq_XY2Rkif8I5U_0gjTb	667899969	"7e50715ff3d03fd0e72a9834dd2c5c6f-80"
aws-kraken2/g3/20261008-044702-3c2153c-55a5-n16/out/c100/2-SRR5935832/report	ZHemBiOhqdiXYr7_oKVBcRcqXZfYXwth	1229913	"1c0f42ae966ee177c6465c54e097036a"
aws-kraken2/g3/20261008-044702-3c2153c-55a5-n16/out/c100/2-SRR5935833/output	oLwHhY2REB9Qct4VBe7bDqodna9Fymux	1130055748	"d49aa0e22070c75b8e6d330b2b2a86fe-135"
aws-kraken2/g3/20261008-044702-3c2153c-55a5-n16/out/c100/2-SRR5935833/report	0VqVMmd4YHC0tYUh4XWkxYCm9NLmKt0G	2277885	"403c37180239a0a00eb2f58849dce278"
aws-kraken2/g3/20261008-044702-3c2153c-55a5-n16/out/c100/2-SRR5935834/output	EBX_zvTtmuzE_P529iE.bOpgDt32tCwC	1189115963	"939d0fee7a0487a914b1722d79c515c2-142"
aws-kraken2/g3/20261008-044702-3c2153c-55a5-n16/out/c100/2-SRR5935834/report	KpeyciLHVBgLPZolRZtly0jKL.Awi1dz	1455202	"61bda3976eeab6220904dd0f1ca61ddb"
aws-kraken2/g3/20261008-044702-3c2153c-55a5-n16/out/c100/2-SRR5935835/output	sYYEU4Ni626nMN6L4V3s2L7DC0F8q6kO	123314642	"30131896f42887e36cce9af0cf88a780-15"
aws-kraken2/g3/20261008-044702-3c2153c-55a5-n16/out/c100/2-SRR5935835/report	YNHbxdfemHylOvw3nM8xne.5MwkFh.Gr	591275	"5a3dfda045b92d9fac5946add91c382a"
aws-kraken2/g3/20261008-044702-3c2153c-55a5-n16/out/c100/2-SRR5935836/output	AnPNzyr3lknw_JR_Zoono40wLTon0e2e	743666934	"1e133da6f9f3a20253bf2e8de465b348-89"
aws-kraken2/g3/20261008-044702-3c2153c-55a5-n16/out/c100/2-SRR5935836/report	6MmKyOY2AL68KZ5rx9MDrqTOBm2IWy1W	1122871	"272097962c8c042ccb81b56046430dd7"
aws-kraken2/g3/20261008-044702-3c2153c-55a5-n16/out/c100/2-SRR5935837/output	35I23tLhGwrhxTGRVDi6yp4bQdNDTeQW	798446874	"c975c76db53daa25f611c1d5f367b1b1-96"
aws-kraken2/g3/20261008-044702-3c2153c-55a5-n16/out/c100/2-SRR5935837/report	E.17CgFDUDNKAUSWgHLyqoWcltsVmzW5	1650671	"7687da93f3ac5ada1b22aabb9391f193"
aws-kraken2/g3/20261008-044702-3c2153c-55a5-n16/out/c100/2-SRR5935838/output	Hyl3kamZXzo2cIHW6w6fMjdJTtD2Bjqt	1236685264	"82cd6ecdffba58b726395de89facd256-148"
aws-kraken2/g3/20261008-044702-3c2153c-55a5-n16/out/c100/2-SRR5935838/report	FDKM.qOIA5G38BjQJyt72vpAbjl.IK9z	1089354	"3358c0c2d7f695d3b3196362cd0f8462"
aws-kraken2/g3/20261008-044702-3c2153c-55a5-n16/out/c100/2-SRR5935839/output	gSLhCJB1fsTBVwjeVtW5GlTw3IZR9Aa5	108810330	"ddf7b069b57861a6f9884faf3d4d9529-13"
aws-kraken2/g3/20261008-044702-3c2153c-55a5-n16/out/c100/2-SRR5935839/report	okZKbqBij76v_Px_iVgjt6hvzHI0MlbQ	565350	"90aeebe0ce8d8feeb140b7df354fa50a"
aws-kraken2/g3/20261008-044702-3c2153c-55a5-n16/out/c100/3-SRR5935740/output	3aHSZTT3S0V50_2i12sGRHAarenLw3uw	946738756	"4e2ab1d7a88e35afe6d099cbc240bb51-113"
aws-kraken2/g3/20261008-044702-3c2153c-55a5-n16/out/c100/3-SRR5935740/report	0MsHk3pT74iBUW600qOE9rADh6teZ9Ww	2248752	"9e77a18e2022d006fc9024d8ae2c97c8"
aws-kraken2/g3/20261008-044702-3c2153c-55a5-n16/out/c100/4-SRR5935740/output	ecEXsDu4JYNBGRWt1iEZzotnb0cTGXT7	946738756	"4e2ab1d7a88e35afe6d099cbc240bb51-113"
aws-kraken2/g3/20261008-044702-3c2153c-55a5-n16/out/c100/4-SRR5935740/report	8iGvun07F_32qijTez_PvFfi3R5.Wmhw	2248752	"9e77a18e2022d006fc9024d8ae2c97c8"
aws-kraken2/g3/20261008-044702-3c2153c-55a5-n16/out/c100/5-SRR5935740/output	EtZCDEoR94RX0m6RCW.UYJwcliAJnSZf	946738756	"4e2ab1d7a88e35afe6d099cbc240bb51-113"
aws-kraken2/g3/20261008-044702-3c2153c-55a5-n16/out/c100/5-SRR5935740/report	48bcctZwZiAoKZOV6sI18DD6Aw6inmbm	2248752	"9e77a18e2022d006fc9024d8ae2c97c8"
aws-kraken2/g3/20261008-044702-3c2153c-55a5-n16/out/c100/6-SRR5935740/output	MslPkls3jR1hJbwl5olIXCxPJF1AKqpu	946738756	"4e2ab1d7a88e35afe6d099cbc240bb51-113"
aws-kraken2/g3/20261008-044702-3c2153c-55a5-n16/out/c100/6-SRR5935740/report	Cpju8C1jxnoByoeh4aGS3nJpBgs3OvWC	2248752	"9e77a18e2022d006fc9024d8ae2c97c8"
aws-kraken2/g3/20261008-044702-3c2153c-55a5-n16/out/c100/7-SRR5935740/output	eKWteqNKWxs6YmxwBmDx0.gvRrvXYw1q	946738756	"4e2ab1d7a88e35afe6d099cbc240bb51-113"
aws-kraken2/g3/20261008-044702-3c2153c-55a5-n16/out/c100/7-SRR5935740/report	3wZXGrrGyMNL919.0BR1MfcwN.I4m2Xs	2248752	"9e77a18e2022d006fc9024d8ae2c97c8"
aws-kraken2/g3/20261008-044702-3c2153c-55a5-n16/out/c100/8-SRR5935740/output	SuxJR.mAVaIOchxQ3z32UTtJM9SRzekZ	946738756	"4e2ab1d7a88e35afe6d099cbc240bb51-113"
aws-kraken2/g3/20261008-044702-3c2153c-55a5-n16/out/c100/8-SRR5935740/report	5n1YCkBY5h0Rg9PX0NniIee_NDUH2psx	2248752	"9e77a18e2022d006fc9024d8ae2c97c8"
